time_slot,band,transmission
0,0,0
0,1,1
0,2,0
0,3,1
0,4,1
0,5,0
0,6,0
0,7,1
0,8,0
0,9,0
0,10,0
0,11,0
0,12,1
0,13,0
0,14,0
0,15,0
0,16,0
0,17,0
0,18,0
0,19,0
0,20,0
0,21,1
0,22,0
0,23,0
0,24,0
0,25,0
0,26,1
0,27,0
0,28,0
0,29,0
0,30,0
0,31,0
0,32,0
0,33,1
0,34,0
0,35,0
0,36,0
0,37,0
0,38,0
0,39,0
0,40,0
0,41,0
0,42,0
0,43,0
0,44,0
0,45,0
0,46,0
0,47,0
0,48,0
0,49,0
1,0,0
1,1,1
1,2,1
1,3,0
1,4,0
1,5,0
1,6,0
1,7,0
1,8,0
1,9,0
1,10,1
1,11,0
1,12,0
1,13,0
1,14,0
1,15,0
1,16,0
1,17,0
1,18,0
1,19,0
1,20,1
1,21,0
1,22,0
1,23,0
1,24,0
1,25,0
1,26,0
1,27,0
1,28,0
1,29,0
1,30,0
1,31,0
1,32,0
1,33,0
1,34,0
1,35,0
1,36,0
1,37,0
1,38,0
1,39,1
1,40,0
1,41,0
1,42,0
1,43,1
1,44,1
1,45,0
1,46,1
1,47,0
1,48,0
1,49,1
2,0,0
2,1,0
2,2,0
2,3,0
2,4,1
2,5,0
2,6,0
2,7,0
2,8,0
2,9,0
2,10,1
2,11,0
2,12,1
2,13,0
2,14,0
2,15,1
2,16,0
2,17,0
2,18,0
2,19,0
2,20,1
2,21,0
2,22,1
2,23,1
2,24,0
2,25,0
2,26,1
2,27,0
2,28,1
2,29,0
2,30,0
2,31,0
2,32,0
2,33,0
2,34,0
2,35,0
2,36,0
2,37,1
2,38,1
2,39,0
2,40,0
2,41,1
2,42,0
2,43,0
2,44,0
2,45,0
2,46,0
2,47,1
2,48,0
2,49,0
3,0,1
3,1,0
3,2,0
3,3,1
3,4,1
3,5,0
3,6,0
3,7,0
3,8,0
3,9,0
3,10,0
3,11,0
3,12,0
3,13,0
3,14,0
3,15,0
3,16,0
3,17,1
3,18,1
3,19,0
3,20,0
3,21,0
3,22,0
3,23,0
3,24,0
3,25,1
3,26,0
3,27,0
3,28,0
3,29,0
3,30,1
3,31,1
3,32,0
3,33,1
3,34,0
3,35,0
3,36,0
3,37,0
3,38,0
3,39,1
3,40,0
3,41,1
3,42,0
3,43,0
3,44,0
3,45,0
3,46,0
3,47,1
3,48,0
3,49,1
4,0,0
4,1,0
4,2,1
4,3,1
4,4,0
4,5,0
4,6,0
4,7,1
4,8,0
4,9,0
4,10,1
4,11,0
4,12,0
4,13,0
4,14,0
4,15,0
4,16,0
4,17,1
4,18,0
4,19,0
4,20,0
4,21,0
4,22,0
4,23,0
4,24,0
4,25,0
4,26,0
4,27,0
4,28,0
4,29,0
4,30,0
4,31,1
4,32,0
4,33,0
4,34,0
4,35,0
4,36,0
4,37,0
4,38,0
4,39,0
4,40,0
4,41,0
4,42,0
4,43,0
4,44,0
4,45,0
4,46,0
4,47,0
4,48,0
4,49,0
5,0,0
5,1,0
5,2,1
5,3,0
5,4,0
5,5,0
5,6,1
5,7,0
5,8,1
5,9,0
5,10,0
5,11,0
5,12,0
5,13,0
5,14,0
5,15,0
5,16,0
5,17,0
5,18,0
5,19,0
5,20,0
5,21,0
5,22,0
5,23,0
5,24,0
5,25,1
5,26,0
5,27,0
5,28,1
5,29,0
5,30,1
5,31,1
5,32,0
5,33,0
5,34,1
5,35,0
5,36,0
5,37,0
5,38,0
5,39,0
5,40,0
5,41,0
5,42,0
5,43,0
5,44,0
5,45,0
5,46,0
5,47,0
5,48,0
5,49,0
6,0,0
6,1,0
6,2,0
6,3,0
6,4,1
6,5,0
6,6,0
6,7,0
6,8,1
6,9,0
6,10,0
6,11,1
6,12,1
6,13,0
6,14,0
6,15,0
6,16,0
6,17,1
6,18,0
6,19,1
6,20,1
6,21,0
6,22,0
6,23,0
6,24,0
6,25,0
6,26,0
6,27,0
6,28,1
6,29,0
6,30,0
6,31,1
6,32,0
6,33,0
6,34,0
6,35,0
6,36,0
6,37,0
6,38,0
6,39,0
6,40,0
6,41,0
6,42,0
6,43,0
6,44,1
6,45,0
6,46,0
6,47,1
6,48,0
6,49,0
7,0,1
7,1,0
7,2,1
7,3,0
7,4,0
7,5,0
7,6,1
7,7,0
7,8,0
7,9,0
7,10,0
7,11,0
7,12,0
7,13,0
7,14,0
7,15,0
7,16,0
7,17,1
7,18,0
7,19,0
7,20,0
7,21,0
7,22,0
7,23,0
7,24,0
7,25,0
7,26,0
7,27,0
7,28,0
7,29,0
7,30,0
7,31,1
7,32,1
7,33,0
7,34,0
7,35,1
7,36,0
7,37,0
7,38,0
7,39,0
7,40,0
7,41,1
7,42,0
7,43,0
7,44,0
7,45,0
7,46,0
7,47,0
7,48,0
7,49,0
8,0,0
8,1,0
8,2,1
8,3,0
8,4,1
8,5,0
8,6,1
8,7,0
8,8,0
8,9,0
8,10,0
8,11,0
8,12,0
8,13,0
8,14,0
8,15,0
8,16,0
8,17,0
8,18,1
8,19,1
8,20,0
8,21,0
8,22,0
8,23,1
8,24,0
8,25,1
8,26,1
8,27,0
8,28,0
8,29,1
8,30,0
8,31,0
8,32,0
8,33,1
8,34,0
8,35,0
8,36,0
8,37,0
8,38,0
8,39,0
8,40,0
8,41,0
8,42,0
8,43,0
8,44,1
8,45,0
8,46,1
8,47,0
8,48,0
8,49,1
9,0,0
9,1,0
9,2,1
9,3,0
9,4,0
9,5,0
9,6,1
9,7,1
9,8,0
9,9,0
9,10,1
9,11,0
9,12,0
9,13,1
9,14,0
9,15,0
9,16,0
9,17,0
9,18,0
9,19,0
9,20,1
9,21,0
9,22,0
9,23,1
9,24,0
9,25,0
9,26,0
9,27,0
9,28,0
9,29,0
9,30,0
9,31,0
9,32,0
9,33,0
9,34,0
9,35,0
9,36,0
9,37,0
9,38,0
9,39,0
9,40,0
9,41,0
9,42,0
9,43,1
9,44,0
9,45,0
9,46,0
9,47,1
9,48,1
9,49,0
10,0,0
10,1,0
10,2,0
10,3,0
10,4,0
10,5,0
10,6,0
10,7,1
10,8,0
10,9,0
10,10,0
10,11,0
10,12,1
10,13,1
10,14,0
10,15,1
10,16,0
10,17,0
10,18,0
10,19,0
10,20,0
10,21,1
10,22,0
10,23,0
10,24,0
10,25,0
10,26,0
10,27,0
10,28,0
10,29,0
10,30,0
10,31,1
10,32,0
10,33,1
10,34,0
10,35,0
10,36,0
10,37,1
10,38,0
10,39,0
10,40,0
10,41,0
10,42,0
10,43,0
10,44,0
10,45,0
10,46,0
10,47,1
10,48,0
10,49,0
11,0,0
11,1,0
11,2,0
11,3,0
11,4,0
11,5,0
11,6,0
11,7,0
11,8,1
11,9,0
11,10,0
11,11,0
11,12,0
11,13,1
11,14,0
11,15,0
11,16,0
11,17,0
11,18,0
11,19,0
11,20,0
11,21,0
11,22,0
11,23,1
11,24,1
11,25,0
11,26,0
11,27,0
11,28,1
11,29,0
11,30,1
11,31,0
11,32,0
11,33,0
11,34,1
11,35,0
11,36,1
11,37,1
11,38,0
11,39,0
11,40,0
11,41,0
11,42,0
11,43,0
11,44,0
11,45,0
11,46,0
11,47,0
11,48,0
11,49,0
12,0,0
12,1,0
12,2,0
12,3,0
12,4,0
12,5,0
12,6,0
12,7,0
12,8,0
12,9,0
12,10,0
12,11,1
12,12,0
12,13,0
12,14,0
12,15,0
12,16,0
12,17,0
12,18,0
12,19,0
12,20,1
12,21,0
12,22,0
12,23,0
12,24,0
12,25,0
12,26,0
12,27,0
12,28,0
12,29,0
12,30,1
12,31,0
12,32,0
12,33,1
12,34,0
12,35,0
12,36,0
12,37,0
12,38,0
12,39,0
12,40,0
12,41,0
12,42,0
12,43,0
12,44,0
12,45,0
12,46,0
12,47,0
12,48,0
12,49,0
13,0,0
13,1,0
13,2,1
13,3,1
13,4,1
13,5,0
13,6,0
13,7,0
13,8,0
13,9,0
13,10,1
13,11,0
13,12,0
13,13,0
13,14,0
13,15,0
13,16,0
13,17,1
13,18,0
13,19,0
13,20,0
13,21,1
13,22,0
13,23,0
13,24,0
13,25,1
13,26,1
13,27,0
13,28,0
13,29,0
13,30,1
13,31,1
13,32,1
13,33,0
13,34,0
13,35,0
13,36,0
13,37,0
13,38,0
13,39,0
13,40,0
13,41,1
13,42,0
13,43,0
13,44,0
13,45,1
13,46,1
13,47,0
13,48,0
13,49,0
14,0,1
14,1,0
14,2,1
14,3,0
14,4,0
14,5,0
14,6,0
14,7,0
14,8,0
14,9,0
14,10,1
14,11,1
14,12,0
14,13,0
14,14,0
14,15,0
14,16,0
14,17,0
14,18,0
14,19,0
14,20,0
14,21,0
14,22,0
14,23,1
14,24,0
14,25,1
14,26,0
14,27,0
14,28,0
14,29,0
14,30,0
14,31,1
14,32,1
14,33,0
14,34,1
14,35,1
14,36,0
14,37,0
14,38,0
14,39,0
14,40,0
14,41,0
14,42,0
14,43,0
14,44,1
14,45,0
14,46,0
14,47,0
14,48,0
14,49,0
15,0,0
15,1,0
15,2,0
15,3,1
15,4,0
15,5,0
15,6,1
15,7,0
15,8,1
15,9,0
15,10,0
15,11,0
15,12,0
15,13,0
15,14,0
15,15,0
15,16,0
15,17,0
15,18,0
15,19,0
15,20,0
15,21,0
15,22,0
15,23,0
15,24,0
15,25,0
15,26,0
15,27,0
15,28,0
15,29,0
15,30,1
15,31,0
15,32,0
15,33,0
15,34,0
15,35,1
15,36,0
15,37,0
15,38,0
15,39,0
15,40,0
15,41,1
15,42,0
15,43,0
15,44,1
15,45,0
15,46,0
15,47,0
15,48,0
15,49,0
16,0,1
16,1,1
16,2,0
16,3,0
16,4,0
16,5,0
16,6,0
16,7,0
16,8,0
16,9,0
16,10,1
16,11,0
16,12,0
16,13,1
16,14,0
16,15,1
16,16,0
16,17,0
16,18,1
16,19,0
16,20,0
16,21,1
16,22,0
16,23,0
16,24,0
16,25,0
16,26,0
16,27,0
16,28,0
16,29,0
16,30,0
16,31,0
16,32,0
16,33,1
16,34,0
16,35,1
16,36,0
16,37,0
16,38,0
16,39,1
16,40,0
16,41,0
16,42,1
16,43,0
16,44,0
16,45,0
16,46,0
16,47,1
16,48,1
16,49,0
17,0,0
17,1,0
17,2,0
17,3,0
17,4,0
17,5,0
17,6,0
17,7,0
17,8,0
17,9,0
17,10,0
17,11,0
17,12,1
17,13,0
17,14,1
17,15,1
17,16,0
17,17,0
17,18,0
17,19,1
17,20,1
17,21,0
17,22,0
17,23,0
17,24,0
17,25,0
17,26,0
17,27,0
17,28,0
17,29,0
17,30,1
17,31,0
17,32,0
17,33,0
17,34,1
17,35,0
17,36,0
17,37,0
17,38,0
17,39,1
17,40,0
17,41,0
17,42,0
17,43,0
17,44,0
17,45,0
17,46,0
17,47,1
17,48,0
17,49,1
18,0,0
18,1,0
18,2,1
18,3,0
18,4,0
18,5,0
18,6,0
18,7,0
18,8,0
18,9,1
18,10,0
18,11,0
18,12,0
18,13,0
18,14,0
18,15,0
18,16,0
18,17,0
18,18,0
18,19,0
18,20,0
18,21,0
18,22,0
18,23,0
18,24,0
18,25,1
18,26,0
18,27,0
18,28,1
18,29,0
18,30,0
18,31,1
18,32,0
18,33,0
18,34,0
18,35,0
18,36,0
18,37,1
18,38,0
18,39,1
18,40,1
18,41,0
18,42,0
18,43,0
18,44,0
18,45,0
18,46,0
18,47,1
18,48,0
18,49,0
19,0,0
19,1,0
19,2,1
19,3,0
19,4,0
19,5,0
19,6,1
19,7,0
19,8,0
19,9,0
19,10,0
19,11,1
19,12,0
19,13,0
19,14,0
19,15,1
19,16,0
19,17,1
19,18,0
19,19,0
19,20,0
19,21,0
19,22,0
19,23,0
19,24,0
19,25,0
19,26,1
19,27,0
19,28,0
19,29,0
19,30,0
19,31,0
19,32,0
19,33,1
19,34,1
19,35,0
19,36,0
19,37,0
19,38,0
19,39,1
19,40,0
19,41,0
19,42,0
19,43,0
19,44,1
19,45,0
19,46,1
19,47,0
19,48,1
19,49,1
20,0,0
20,1,0
20,2,1
20,3,0
20,4,0
20,5,0
20,6,1
20,7,0
20,8,0
20,9,0
20,10,0
20,11,0
20,12,1
20,13,1
20,14,0
20,15,0
20,16,0
20,17,1
20,18,0
20,19,0
20,20,1
20,21,0
20,22,1
20,23,0
20,24,1
20,25,1
20,26,0
20,27,0
20,28,0
20,29,0
20,30,0
20,31,0
20,32,0
20,33,0
20,34,0
20,35,0
20,36,0
20,37,0
20,38,0
20,39,0
20,40,0
20,41,0
20,42,0
20,43,1
20,44,0
20,45,1
20,46,0
20,47,1
20,48,0
20,49,0
21,0,0
21,1,0
21,2,0
21,3,1
21,4,0
21,5,0
21,6,0
21,7,0
21,8,0
21,9,0
21,10,0
21,11,0
21,12,0
21,13,0
21,14,0
21,15,1
21,16,0
21,17,0
21,18,1
21,19,0
21,20,0
21,21,1
21,22,0
21,23,0
21,24,0
21,25,0
21,26,0
21,27,0
21,28,0
21,29,0
21,30,0
21,31,0
21,32,1
21,33,1
21,34,0
21,35,0
21,36,0
21,37,0
21,38,0
21,39,0
21,40,0
21,41,1
21,42,0
21,43,0
21,44,1
21,45,0
21,46,0
21,47,0
21,48,1
21,49,1
22,0,0
22,1,0
22,2,0
22,3,0
22,4,0
22,5,0
22,6,1
22,7,1
22,8,0
22,9,0
22,10,1
22,11,0
22,12,0
22,13,0
22,14,0
22,15,0
22,16,0
22,17,0
22,18,0
22,19,0
22,20,1
22,21,0
22,22,1
22,23,1
22,24,1
22,25,0
22,26,0
22,27,0
22,28,1
22,29,1
22,30,0
22,31,0
22,32,1
22,33,0
22,34,0
22,35,0
22,36,0
22,37,0
22,38,0
22,39,0
22,40,0
22,41,0
22,42,0
22,43,1
22,44,1
22,45,1
22,46,0
22,47,1
22,48,1
22,49,0
23,0,0
23,1,0
23,2,0
23,3,0
23,4,0
23,5,1
23,6,0
23,7,0
23,8,0
23,9,0
23,10,0
23,11,0
23,12,0
23,13,0
23,14,0
23,15,0
23,16,0
23,17,0
23,18,0
23,19,0
23,20,0
23,21,0
23,22,0
23,23,0
23,24,0
23,25,0
23,26,0
23,27,0
23,28,1
23,29,0
23,30,0
23,31,0
23,32,0
23,33,0
23,34,0
23,35,0
23,36,0
23,37,0
23,38,0
23,39,1
23,40,0
23,41,0
23,42,0
23,43,0
23,44,0
23,45,0
23,46,1
23,47,0
23,48,0
23,49,0
24,0,1
24,1,0
24,2,0
24,3,0
24,4,0
24,5,1
24,6,0
24,7,0
24,8,0
24,9,0
24,10,0
24,11,0
24,12,0
24,13,1
24,14,0
24,15,0
24,16,0
24,17,1
24,18,0
24,19,0
24,20,0
24,21,0
24,22,1
24,23,0
24,24,0
24,25,0
24,26,0
24,27,0
24,28,0
24,29,0
24,30,1
24,31,1
24,32,0
24,33,1
24,34,1
24,35,0
24,36,0
24,37,0
24,38,0
24,39,0
24,40,0
24,41,1
24,42,1
24,43,1
24,44,0
24,45,0
24,46,0
24,47,0
24,48,0
24,49,1
25,0,0
25,1,0
25,2,0
25,3,0
25,4,0
25,5,0
25,6,1
25,7,0
25,8,1
25,9,0
25,10,0
25,11,0
25,12,0
25,13,0
25,14,0
25,15,0
25,16,0
25,17,1
25,18,0
25,19,0
25,20,0
25,21,0
25,22,0
25,23,0
25,24,0
25,25,0
25,26,0
25,27,0
25,28,0
25,29,0
25,30,0
25,31,0
25,32,0
25,33,0
25,34,0
25,35,0
25,36,0
25,37,0
25,38,0
25,39,1
25,40,0
25,41,1
25,42,1
25,43,0
25,44,0
25,45,0
25,46,0
25,47,0
25,48,0
25,49,0
26,0,1
26,1,0
26,2,0
26,3,0
26,4,0
26,5,1
26,6,1
26,7,0
26,8,0
26,9,0
26,10,0
26,11,0
26,12,0
26,13,0
26,14,0
26,15,1
26,16,0
26,17,0
26,18,1
26,19,0
26,20,1
26,21,1
26,22,0
26,23,0
26,24,0
26,25,0
26,26,1
26,27,0
26,28,1
26,29,0
26,30,0
26,31,1
26,32,0
26,33,1
26,34,0
26,35,0
26,36,0
26,37,0
26,38,0
26,39,0
26,40,0
26,41,0
26,42,0
26,43,0
26,44,0
26,45,0
26,46,0
26,47,0
26,48,1
26,49,0
27,0,1
27,1,0
27,2,1
27,3,1
27,4,0
27,5,0
27,6,0
27,7,0
27,8,0
27,9,0
27,10,0
27,11,0
27,12,1
27,13,0
27,14,0
27,15,0
27,16,0
27,17,0
27,18,1
27,19,0
27,20,1
27,21,1
27,22,0
27,23,0
27,24,0
27,25,1
27,26,0
27,27,0
27,28,0
27,29,0
27,30,1
27,31,0
27,32,0
27,33,0
27,34,0
27,35,0
27,36,0
27,37,0
27,38,0
27,39,0
27,40,0
27,41,0
27,42,0
27,43,0
27,44,0
27,45,0
27,46,0
27,47,1
27,48,0
27,49,0
28,0,0
28,1,0
28,2,0
28,3,0
28,4,0
28,5,0
28,6,0
28,7,0
28,8,0
28,9,0
28,10,0
28,11,0
28,12,0
28,13,1
28,14,0
28,15,0
28,16,0
28,17,1
28,18,0
28,19,0
28,20,0
28,21,0
28,22,0
28,23,0
28,24,1
28,25,1
28,26,1
28,27,1
28,28,0
28,29,1
28,30,0
28,31,0
28,32,0
28,33,0
28,34,1
28,35,0
28,36,0
28,37,0
28,38,0
28,39,0
28,40,1
28,41,0
28,42,0
28,43,0
28,44,0
28,45,1
28,46,0
28,47,0
28,48,0
28,49,1
29,0,0
29,1,0
29,2,0
29,3,1
29,4,1
29,5,0
29,6,0
29,7,0
29,8,1
29,9,1
29,10,1
29,11,0
29,12,0
29,13,0
29,14,0
29,15,0
29,16,0
29,17,0
29,18,0
29,19,0
29,20,0
29,21,1
29,22,0
29,23,0
29,24,0
29,25,0
29,26,0
29,27,1
29,28,0
29,29,1
29,30,0
29,31,1
29,32,0
29,33,0
29,34,0
29,35,0
29,36,0
29,37,0
29,38,0
29,39,1
29,40,0
29,41,0
29,42,0
29,43,1
29,44,0
29,45,0
29,46,0
29,47,0
29,48,0
29,49,0
30,0,0
30,1,0
30,2,0
30,3,0
30,4,0
30,5,0
30,6,0
30,7,0
30,8,0
30,9,0
30,10,0
30,11,0
30,12,1
30,13,0
30,14,0
30,15,1
30,16,0
30,17,0
30,18,0
30,19,0
30,20,0
30,21,0
30,22,1
30,23,0
30,24,0
30,25,0
30,26,0
30,27,0
30,28,1
30,29,0
30,30,0
30,31,0
30,32,0
30,33,0
30,34,1
30,35,0
30,36,1
30,37,0
30,38,0
30,39,1
30,40,0
30,41,0
30,42,0
30,43,0
30,44,1
30,45,0
30,46,0
30,47,0
30,48,0
30,49,0
31,0,0
31,1,0
31,2,1
31,3,0
31,4,0
31,5,0
31,6,0
31,7,0
31,8,1
31,9,0
31,10,0
31,11,0
31,12,1
31,13,0
31,14,0
31,15,0
31,16,0
31,17,1
31,18,0
31,19,0
31,20,0
31,21,0
31,22,0
31,23,0
31,24,1
31,25,0
31,26,0
31,27,0
31,28,0
31,29,0
31,30,0
31,31,1
31,32,0
31,33,1
31,34,0
31,35,0
31,36,0
31,37,0
31,38,0
31,39,0
31,40,0
31,41,0
31,42,0
31,43,0
31,44,0
31,45,0
31,46,0
31,47,0
31,48,0
31,49,0
32,0,0
32,1,0
32,2,0
32,3,0
32,4,0
32,5,0
32,6,0
32,7,0
32,8,0
32,9,0
32,10,0
32,11,0
32,12,0
32,13,0
32,14,0
32,15,0
32,16,0
32,17,0
32,18,0
32,19,0
32,20,1
32,21,1
32,22,1
32,23,0
32,24,1
32,25,1
32,26,0
32,27,0
32,28,0
32,29,1
32,30,0
32,31,1
32,32,1
32,33,0
32,34,0
32,35,0
32,36,0
32,37,0
32,38,0
32,39,0
32,40,0
32,41,0
32,42,0
32,43,1
32,44,0
32,45,0
32,46,1
32,47,0
32,48,0
32,49,0
33,0,0
33,1,0
33,2,0
33,3,1
33,4,0
33,5,0
33,6,0
33,7,0
33,8,0
33,9,0
33,10,0
33,11,0
33,12,0
33,13,0
33,14,0
33,15,0
33,16,0
33,17,0
33,18,0
33,19,0
33,20,0
33,21,0
33,22,0
33,23,0
33,24,0
33,25,1
33,26,0
33,27,0
33,28,1
33,29,0
33,30,0
33,31,0
33,32,0
33,33,1
33,34,0
33,35,0
33,36,0
33,37,0
33,38,0
33,39,0
33,40,0
33,41,0
33,42,0
33,43,0
33,44,0
33,45,0
33,46,0
33,47,1
33,48,0
33,49,0
34,0,1
34,1,0
34,2,1
34,3,1
34,4,0
34,5,0
34,6,1
34,7,0
34,8,0
34,9,0
34,10,0
34,11,0
34,12,0
34,13,0
34,14,1
34,15,0
34,16,0
34,17,0
34,18,1
34,19,1
34,20,1
34,21,0
34,22,0
34,23,1
34,24,0
34,25,0
34,26,0
34,27,0
34,28,0
34,29,0
34,30,1
34,31,0
34,32,0
34,33,0
34,34,0
34,35,0
34,36,0
34,37,0
34,38,0
34,39,0
34,40,0
34,41,0
34,42,0
34,43,0
34,44,0
34,45,0
34,46,0
34,47,1
34,48,0
34,49,0
35,0,1
35,1,0
35,2,0
35,3,0
35,4,0
35,5,1
35,6,0
35,7,0
35,8,0
35,9,0
35,10,0
35,11,0
35,12,0
35,13,1
35,14,0
35,15,0
35,16,0
35,17,0
35,18,1
35,19,0
35,20,0
35,21,1
35,22,0
35,23,0
35,24,1
35,25,0
35,26,0
35,27,0
35,28,0
35,29,0
35,30,0
35,31,0
35,32,0
35,33,1
35,34,0
35,35,0
35,36,0
35,37,0
35,38,0
35,39,0
35,40,1
35,41,0
35,42,0
35,43,0
35,44,1
35,45,0
35,46,0
35,47,1
35,48,0
35,49,0
36,0,0
36,1,0
36,2,0
36,3,0
36,4,0
36,5,0
36,6,0
36,7,0
36,8,1
36,9,0
36,10,0
36,11,0
36,12,0
36,13,0
36,14,0
36,15,0
36,16,0
36,17,0
36,18,1
36,19,0
36,20,0
36,21,0
36,22,0
36,23,0
36,24,0
36,25,1
36,26,0
36,27,0
36,28,0
36,29,0
36,30,0
36,31,0
36,32,0
36,33,1
36,34,0
36,35,0
36,36,0
36,37,0
36,38,0
36,39,0
36,40,0
36,41,0
36,42,0
36,43,0
36,44,1
36,45,0
36,46,0
36,47,0
36,48,0
36,49,0
37,0,1
37,1,1
37,2,1
37,3,0
37,4,1
37,5,0
37,6,0
37,7,0
37,8,0
37,9,0
37,10,0
37,11,1
37,12,0
37,13,0
37,14,0
37,15,0
37,16,0
37,17,0
37,18,1
37,19,0
37,20,0
37,21,1
37,22,0
37,23,0
37,24,0
37,25,1
37,26,0
37,27,0
37,28,0
37,29,0
37,30,1
37,31,0
37,32,0
37,33,1
37,34,0
37,35,0
37,36,0
37,37,0
37,38,0
37,39,0
37,40,0
37,41,0
37,42,0
37,43,0
37,44,0
37,45,1
37,46,0
37,47,1
37,48,0
37,49,0
38,0,0
38,1,1
38,2,0
38,3,0
38,4,0
38,5,0
38,6,0
38,7,0
38,8,0
38,9,0
38,10,0
38,11,1
38,12,1
38,13,0
38,14,0
38,15,0
38,16,0
38,17,0
38,18,0
38,19,0
38,20,0
38,21,0
38,22,0
38,23,0
38,24,0
38,25,0
38,26,0
38,27,0
38,28,0
38,29,0
38,30,0
38,31,0
38,32,0
38,33,0
38,34,0
38,35,0
38,36,0
38,37,0
38,38,0
38,39,0
38,40,0
38,41,0
38,42,0
38,43,1
38,44,0
38,45,0
38,46,0
38,47,0
38,48,0
38,49,0
39,0,0
39,1,0
39,2,0
39,3,0
39,4,0
39,5,0
39,6,0
39,7,0
39,8,0
39,9,0
39,10,1
39,11,0
39,12,1
39,13,0
39,14,0
39,15,0
39,16,0
39,17,0
39,18,0
39,19,0
39,20,0
39,21,0
39,22,0
39,23,0
39,24,0
39,25,0
39,26,0
39,27,0
39,28,0
39,29,0
39,30,1
39,31,0
39,32,0
39,33,0
39,34,0
39,35,0
39,36,0
39,37,0
39,38,0
39,39,1
39,40,0
39,41,0
39,42,0
39,43,0
39,44,1
39,45,0
39,46,0
39,47,0
39,48,0
39,49,0
40,0,0
40,1,0
40,2,0
40,3,0
40,4,0
40,5,0
40,6,1
40,7,0
40,8,0
40,9,0
40,10,1
40,11,0
40,12,0
40,13,0
40,14,1
40,15,0
40,16,0
40,17,0
40,18,0
40,19,0
40,20,1
40,21,0
40,22,1
40,23,1
40,24,0
40,25,0
40,26,0
40,27,0
40,28,0
40,29,0
40,30,1
40,31,1
40,32,1
40,33,0
40,34,0
40,35,0
40,36,0
40,37,0
40,38,0
40,39,1
40,40,0
40,41,1
40,42,1
40,43,0
40,44,0
40,45,0
40,46,0
40,47,0
40,48,0
40,49,0
41,0,0
41,1,0
41,2,0
41,3,0
41,4,0
41,5,0
41,6,0
41,7,0
41,8,0
41,9,0
41,10,0
41,11,0
41,12,0
41,13,0
41,14,0
41,15,0
41,16,0
41,17,0
41,18,0
41,19,0
41,20,1
41,21,0
41,22,0
41,23,0
41,24,0
41,25,0
41,26,0
41,27,0
41,28,0
41,29,0
41,30,1
41,31,0
41,32,0
41,33,0
41,34,0
41,35,0
41,36,0
41,37,1
41,38,0
41,39,1
41,40,0
41,41,1
41,42,0
41,43,1
41,44,0
41,45,0
41,46,0
41,47,0
41,48,0
41,49,0
42,0,0
42,1,1
42,2,1
42,3,0
42,4,0
42,5,1
42,6,0
42,7,0
42,8,0
42,9,0
42,10,0
42,11,0
42,12,0
42,13,1
42,14,0
42,15,0
42,16,0
42,17,0
42,18,1
42,19,0
42,20,1
42,21,0
42,22,0
42,23,0
42,24,0
42,25,0
42,26,0
42,27,0
42,28,0
42,29,0
42,30,1
42,31,0
42,32,0
42,33,0
42,34,0
42,35,0
42,36,0
42,37,0
42,38,0
42,39,1
42,40,0
42,41,0
42,42,0
42,43,0
42,44,0
42,45,0
42,46,0
42,47,0
42,48,0
42,49,0
43,0,0
43,1,0
43,2,0
43,3,0
43,4,0
43,5,0
43,6,0
43,7,0
43,8,0
43,9,0
43,10,0
43,11,0
43,12,0
43,13,0
43,14,1
43,15,1
43,16,0
43,17,1
43,18,0
43,19,0
43,20,0
43,21,0
43,22,0
43,23,0
43,24,1
43,25,1
43,26,0
43,27,0
43,28,0
43,29,1
43,30,0
43,31,0
43,32,0
43,33,0
43,34,0
43,35,0
43,36,0
43,37,0
43,38,0
43,39,0
43,40,0
43,41,0
43,42,0
43,43,0
43,44,1
43,45,0
43,46,0
43,47,0
43,48,0
43,49,0
44,0,0
44,1,0
44,2,0
44,3,0
44,4,0
44,5,0
44,6,0
44,7,0
44,8,0
44,9,0
44,10,1
44,11,1
44,12,0
44,13,0
44,14,1
44,15,0
44,16,0
44,17,0
44,18,0
44,19,0
44,20,0
44,21,1
44,22,0
44,23,1
44,24,0
44,25,0
44,26,0
44,27,0
44,28,1
44,29,0
44,30,0
44,31,0
44,32,1
44,33,0
44,34,0
44,35,0
44,36,0
44,37,0
44,38,0
44,39,1
44,40,0
44,41,1
44,42,0
44,43,0
44,44,1
44,45,1
44,46,0
44,47,1
44,48,0
44,49,0
45,0,0
45,1,0
45,2,1
45,3,0
45,4,0
45,5,0
45,6,0
45,7,0
45,8,0
45,9,0
45,10,1
45,11,1
45,12,0
45,13,0
45,14,1
45,15,0
45,16,0
45,17,0
45,18,0
45,19,0
45,20,0
45,21,1
45,22,1
45,23,0
45,24,0
45,25,0
45,26,1
45,27,0
45,28,0
45,29,0
45,30,1
45,31,0
45,32,0
45,33,1
45,34,1
45,35,0
45,36,0
45,37,0
45,38,0
45,39,0
45,40,0
45,41,0
45,42,0
45,43,0
45,44,0
45,45,0
45,46,1
45,47,0
45,48,0
45,49,0
46,0,0
46,1,0
46,2,0
46,3,0
46,4,0
46,5,0
46,6,0
46,7,0
46,8,0
46,9,0
46,10,0
46,11,0
46,12,0
46,13,0
46,14,1
46,15,0
46,16,0
46,17,0
46,18,0
46,19,0
46,20,0
46,21,1
46,22,1
46,23,0
46,24,0
46,25,1
46,26,0
46,27,0
46,28,0
46,29,1
46,30,0
46,31,0
46,32,0
46,33,0
46,34,0
46,35,0
46,36,0
46,37,0
46,38,0
46,39,0
46,40,0
46,41,0
46,42,0
46,43,1
46,44,0
46,45,0
46,46,0
46,47,0
46,48,0
46,49,0
47,0,0
47,1,0
47,2,0
47,3,1
47,4,0
47,5,1
47,6,1
47,7,0
47,8,0
47,9,0
47,10,0
47,11,1
47,12,1
47,13,0
47,14,0
47,15,1
47,16,0
47,17,0
47,18,1
47,19,0
47,20,0
47,21,0
47,22,0
47,23,0
47,24,0
47,25,0
47,26,0
47,27,0
47,28,0
47,29,0
47,30,0
47,31,0
47,32,0
47,33,1
47,34,1
47,35,0
47,36,0
47,37,0
47,38,0
47,39,0
47,40,0
47,41,0
47,42,1
47,43,0
47,44,0
47,45,0
47,46,0
47,47,1
47,48,0
47,49,1
48,0,1
48,1,0
48,2,1
48,3,0
48,4,0
48,5,0
48,6,1
48,7,0
48,8,0
48,9,1
48,10,0
48,11,0
48,12,0
48,13,0
48,14,0
48,15,0
48,16,0
48,17,0
48,18,0
48,19,0
48,20,1
48,21,0
48,22,1
48,23,0
48,24,0
48,25,0
48,26,0
48,27,0
48,28,1
48,29,0
48,30,1
48,31,0
48,32,0
48,33,0
48,34,0
48,35,0
48,36,0
48,37,0
48,38,0
48,39,0
48,40,0
48,41,0
48,42,1
48,43,0
48,44,0
48,45,0
48,46,1
48,47,0
48,48,0
48,49,0
49,0,1
49,1,1
49,2,0
49,3,0
49,4,0
49,5,0
49,6,1
49,7,0
49,8,0
49,9,0
49,10,0
49,11,0
49,12,0
49,13,0
49,14,0
49,15,0
49,16,0
49,17,0
49,18,0
49,19,0
49,20,1
49,21,1
49,22,0
49,23,0
49,24,1
49,25,0
49,26,0
49,27,0
49,28,0
49,29,0
49,30,0
49,31,0
49,32,0
49,33,0
49,34,1
49,35,0
49,36,0
49,37,0
49,38,0
49,39,0
49,40,0
49,41,0
49,42,0
49,43,0
49,44,1
49,45,0
49,46,0
49,47,0
49,48,0
49,49,0
50,0,1
50,1,0
50,2,0
50,3,0
50,4,0
50,5,0
50,6,0
50,7,0
50,8,0
50,9,0
50,10,0
50,11,1
50,12,0
50,13,0
50,14,0
50,15,0
50,16,0
50,17,1
50,18,0
50,19,0
50,20,0
50,21,0
50,22,0
50,23,1
50,24,0
50,25,0
50,26,0
50,27,0
50,28,0
50,29,0
50,30,1
50,31,0
50,32,0
50,33,0
50,34,0
50,35,0
50,36,0
50,37,1
50,38,0
50,39,0
50,40,0
50,41,0
50,42,0
50,43,0
50,44,1
50,45,0
50,46,0
50,47,1
50,48,0
50,49,0
51,0,0
51,1,1
51,2,0
51,3,0
51,4,0
51,5,0
51,6,0
51,7,0
51,8,0
51,9,0
51,10,0
51,11,0
51,12,0
51,13,1
51,14,0
51,15,0
51,16,0
51,17,1
51,18,0
51,19,0
51,20,0
51,21,0
51,22,0
51,23,0
51,24,0
51,25,1
51,26,0
51,27,0
51,28,0
51,29,0
51,30,0
51,31,1
51,32,0
51,33,0
51,34,0
51,35,0
51,36,0
51,37,0
51,38,1
51,39,0
51,40,0
51,41,0
51,42,1
51,43,1
51,44,0
51,45,1
51,46,0
51,47,0
51,48,0
51,49,1
52,0,0
52,1,0
52,2,0
52,3,0
52,4,0
52,5,0
52,6,0
52,7,0
52,8,1
52,9,0
52,10,1
52,11,1
52,12,0
52,13,0
52,14,0
52,15,1
52,16,1
52,17,0
52,18,0
52,19,0
52,20,0
52,21,1
52,22,0
52,23,0
52,24,0
52,25,0
52,26,1
52,27,0
52,28,0
52,29,1
52,30,0
52,31,0
52,32,0
52,33,1
52,34,0
52,35,0
52,36,0
52,37,1
52,38,0
52,39,1
52,40,0
52,41,0
52,42,0
52,43,1
52,44,0
52,45,0
52,46,0
52,47,0
52,48,0
52,49,0
53,0,0
53,1,0
53,2,0
53,3,1
53,4,0
53,5,1
53,6,0
53,7,1
53,8,0
53,9,0
53,10,0
53,11,0
53,12,1
53,13,0
53,14,0
53,15,0
53,16,1
53,17,0
53,18,0
53,19,0
53,20,1
53,21,1
53,22,0
53,23,0
53,24,0
53,25,0
53,26,0
53,27,0
53,28,0
53,29,0
53,30,0
53,31,0
53,32,1
53,33,0
53,34,0
53,35,0
53,36,0
53,37,0
53,38,0
53,39,0
53,40,0
53,41,0
53,42,0
53,43,0
53,44,1
53,45,0
53,46,0
53,47,0
53,48,0
53,49,0
54,0,0
54,1,0
54,2,0
54,3,1
54,4,0
54,5,0
54,6,0
54,7,0
54,8,0
54,9,0
54,10,0
54,11,0
54,12,0
54,13,1
54,14,0
54,15,1
54,16,0
54,17,1
54,18,0
54,19,0
54,20,0
54,21,0
54,22,0
54,23,0
54,24,0
54,25,0
54,26,0
54,27,0
54,28,0
54,29,0
54,30,1
54,31,0
54,32,0
54,33,0
54,34,0
54,35,0
54,36,1
54,37,0
54,38,0
54,39,0
54,40,0
54,41,0
54,42,0
54,43,0
54,44,0
54,45,1
54,46,0
54,47,0
54,48,0
54,49,0
55,0,0
55,1,0
55,2,1
55,3,0
55,4,0
55,5,0
55,6,1
55,7,1
55,8,0
55,9,0
55,10,0
55,11,0
55,12,1
55,13,0
55,14,0
55,15,0
55,16,0
55,17,0
55,18,0
55,19,1
55,20,1
55,21,1
55,22,0
55,23,1
55,24,0
55,25,1
55,26,0
55,27,1
55,28,0
55,29,0
55,30,1
55,31,0
55,32,0
55,33,0
55,34,0
55,35,0
55,36,0
55,37,1
55,38,0
55,39,0
55,40,0
55,41,0
55,42,0
55,43,1
55,44,1
55,45,0
55,46,0
55,47,0
55,48,0
55,49,0
56,0,0
56,1,0
56,2,1
56,3,0
56,4,0
56,5,0
56,6,0
56,7,0
56,8,1
56,9,0
56,10,0
56,11,0
56,12,0
56,13,0
56,14,0
56,15,1
56,16,0
56,17,0
56,18,0
56,19,0
56,20,0
56,21,0
56,22,0
56,23,0
56,24,0
56,25,0
56,26,0
56,27,0
56,28,0
56,29,0
56,30,0
56,31,0
56,32,1
56,33,0
56,34,0
56,35,0
56,36,0
56,37,1
56,38,0
56,39,0
56,40,0
56,41,1
56,42,1
56,43,0
56,44,0
56,45,0
56,46,1
56,47,0
56,48,0
56,49,1
57,0,1
57,1,0
57,2,0
57,3,0
57,4,1
57,5,1
57,6,0
57,7,0
57,8,1
57,9,0
57,10,1
57,11,0
57,12,0
57,13,0
57,14,0
57,15,0
57,16,0
57,17,0
57,18,0
57,19,0
57,20,1
57,21,0
57,22,0
57,23,0
57,24,0
57,25,0
57,26,0
57,27,0
57,28,0
57,29,1
57,30,1
57,31,0
57,32,0
57,33,1
57,34,0
57,35,0
57,36,0
57,37,1
57,38,0
57,39,0
57,40,0
57,41,0
57,42,0
57,43,1
57,44,0
57,45,0
57,46,0
57,47,0
57,48,0
57,49,0
58,0,1
58,1,0
58,2,1
58,3,0
58,4,0
58,5,0
58,6,0
58,7,0
58,8,0
58,9,0
58,10,1
58,11,0
58,12,1
58,13,0
58,14,0
58,15,0
58,16,0
58,17,1
58,18,0
58,19,1
58,20,1
58,21,0
58,22,1
58,23,0
58,24,1
58,25,0
58,26,0
58,27,0
58,28,0
58,29,0
58,30,0
58,31,0
58,32,0
58,33,0
58,34,0
58,35,0
58,36,0
58,37,0
58,38,0
58,39,0
58,40,0
58,41,1
58,42,0
58,43,0
58,44,0
58,45,0
58,46,0
58,47,1
58,48,0
58,49,0
59,0,0
59,1,0
59,2,0
59,3,0
59,4,1
59,5,0
59,6,0
59,7,0
59,8,1
59,9,0
59,10,0
59,11,1
59,12,0
59,13,0
59,14,0
59,15,0
59,16,0
59,17,0
59,18,0
59,19,0
59,20,0
59,21,0
59,22,0
59,23,1
59,24,0
59,25,0
59,26,1
59,27,1
59,28,0
59,29,0
59,30,0
59,31,0
59,32,0
59,33,0
59,34,0
59,35,1
59,36,0
59,37,0
59,38,0
59,39,0
59,40,0
59,41,0
59,42,0
59,43,0
59,44,1
59,45,1
59,46,0
59,47,1
59,48,1
59,49,0
60,0,0
60,1,0
60,2,1
60,3,0
60,4,0
60,5,0
60,6,0
60,7,0
60,8,0
60,9,0
60,10,0
60,11,0
60,12,1
60,13,1
60,14,0
60,15,0
60,16,0
60,17,0
60,18,0
60,19,0
60,20,0
60,21,1
60,22,0
60,23,1
60,24,0
60,25,1
60,26,0
60,27,1
60,28,0
60,29,0
60,30,0
60,31,0
60,32,0
60,33,1
60,34,1
60,35,0
60,36,0
60,37,0
60,38,0
60,39,0
60,40,0
60,41,0
60,42,1
60,43,0
60,44,0
60,45,0
60,46,0
60,47,0
60,48,0
60,49,0
61,0,0
61,1,0
61,2,0
61,3,0
61,4,0
61,5,0
61,6,0
61,7,0
61,8,0
61,9,0
61,10,0
61,11,0
61,12,0
61,13,0
61,14,0
61,15,0
61,16,0
61,17,0
61,18,0
61,19,0
61,20,0
61,21,0
61,22,0
61,23,0
61,24,0
61,25,0
61,26,0
61,27,0
61,28,0
61,29,0
61,30,1
61,31,0
61,32,0
61,33,0
61,34,0
61,35,0
61,36,0
61,37,0
61,38,0
61,39,0
61,40,1
61,41,0
61,42,0
61,43,1
61,44,0
61,45,0
61,46,0
61,47,0
61,48,0
61,49,0
62,0,0
62,1,0
62,2,0
62,3,0
62,4,0
62,5,0
62,6,1
62,7,0
62,8,0
62,9,0
62,10,0
62,11,0
62,12,0
62,13,0
62,14,0
62,15,0
62,16,0
62,17,0
62,18,0
62,19,0
62,20,1
62,21,0
62,22,0
62,23,0
62,24,0
62,25,0
62,26,0
62,27,0
62,28,0
62,29,0
62,30,0
62,31,0
62,32,0
62,33,0
62,34,0
62,35,0
62,36,0
62,37,0
62,38,0
62,39,0
62,40,0
62,41,0
62,42,0
62,43,1
62,44,1
62,45,0
62,46,0
62,47,0
62,48,0
62,49,0
63,0,0
63,1,0
63,2,0
63,3,1
63,4,0
63,5,0
63,6,0
63,7,0
63,8,1
63,9,0
63,10,1
63,11,0
63,12,0
63,13,0
63,14,0
63,15,1
63,16,0
63,17,0
63,18,0
63,19,0
63,20,0
63,21,0
63,22,0
63,23,0
63,24,0
63,25,0
63,26,1
63,27,0
63,28,0
63,29,0
63,30,0
63,31,0
63,32,0
63,33,0
63,34,1
63,35,0
63,36,0
63,37,0
63,38,0
63,39,0
63,40,1
63,41,0
63,42,0
63,43,1
63,44,1
63,45,0
63,46,0
63,47,1
63,48,0
63,49,0
64,0,0
64,1,0
64,2,0
64,3,0
64,4,1
64,5,0
64,6,1
64,7,0
64,8,0
64,9,0
64,10,0
64,11,1
64,12,0
64,13,0
64,14,0
64,15,0
64,16,0
64,17,0
64,18,0
64,19,0
64,20,0
64,21,0
64,22,1
64,23,0
64,24,0
64,25,0
64,26,0
64,27,0
64,28,0
64,29,0
64,30,0
64,31,1
64,32,0
64,33,0
64,34,0
64,35,0
64,36,0
64,37,0
64,38,0
64,39,0
64,40,0
64,41,0
64,42,0
64,43,0
64,44,0
64,45,0
64,46,0
64,47,0
64,48,0
64,49,0
65,0,0
65,1,0
65,2,1
65,3,0
65,4,0
65,5,0
65,6,1
65,7,0
65,8,0
65,9,0
65,10,0
65,11,0
65,12,1
65,13,0
65,14,0
65,15,0
65,16,0
65,17,0
65,18,0
65,19,0
65,20,0
65,21,1
65,22,1
65,23,0
65,24,0
65,25,1
65,26,0
65,27,0
65,28,0
65,29,0
65,30,0
65,31,0
65,32,1
65,33,1
65,34,0
65,35,1
65,36,0
65,37,0
65,38,0
65,39,1
65,40,0
65,41,1
65,42,0
65,43,0
65,44,0
65,45,0
65,46,0
65,47,0
65,48,0
65,49,0
66,0,0
66,1,1
66,2,0
66,3,1
66,4,0
66,5,0
66,6,1
66,7,0
66,8,0
66,9,0
66,10,1
66,11,1
66,12,0
66,13,0
66,14,1
66,15,0
66,16,0
66,17,0
66,18,1
66,19,0
66,20,1
66,21,0
66,22,0
66,23,0
66,24,0
66,25,0
66,26,0
66,27,0
66,28,0
66,29,1
66,30,0
66,31,0
66,32,0
66,33,1
66,34,1
66,35,0
66,36,0
66,37,0
66,38,0
66,39,0
66,40,0
66,41,0
66,42,0
66,43,1
66,44,0
66,45,0
66,46,0
66,47,0
66,48,1
66,49,0
67,0,1
67,1,0
67,2,0
67,3,0
67,4,0
67,5,0
67,6,0
67,7,0
67,8,1
67,9,0
67,10,0
67,11,0
67,12,0
67,13,0
67,14,0
67,15,0
67,16,0
67,17,0
67,18,0
67,19,0
67,20,0
67,21,0
67,22,0
67,23,0
67,24,0
67,25,0
67,26,0
67,27,0
67,28,0
67,29,0
67,30,1
67,31,0
67,32,0
67,33,0
67,34,0
67,35,0
67,36,0
67,37,0
67,38,0
67,39,0
67,40,0
67,41,0
67,42,1
67,43,0
67,44,1
67,45,0
67,46,0
67,47,0
67,48,1
67,49,0
68,0,0
68,1,0
68,2,0
68,3,0
68,4,1
68,5,0
68,6,0
68,7,0
68,8,1
68,9,1
68,10,0
68,11,0
68,12,0
68,13,0
68,14,0
68,15,0
68,16,0
68,17,0
68,18,0
68,19,0
68,20,0
68,21,0
68,22,0
68,23,1
68,24,0
68,25,0
68,26,0
68,27,0
68,28,0
68,29,0
68,30,0
68,31,0
68,32,1
68,33,1
68,34,1
68,35,0
68,36,0
68,37,0
68,38,0
68,39,0
68,40,0
68,41,0
68,42,0
68,43,0
68,44,1
68,45,0
68,46,0
68,47,0
68,48,0
68,49,0
69,0,1
69,1,0
69,2,1
69,3,0
69,4,1
69,5,0
69,6,0
69,7,0
69,8,0
69,9,0
69,10,0
69,11,0
69,12,0
69,13,0
69,14,0
69,15,0
69,16,0
69,17,0
69,18,0
69,19,0
69,20,0
69,21,0
69,22,0
69,23,0
69,24,0
69,25,0
69,26,0
69,27,0
69,28,0
69,29,0
69,30,0
69,31,0
69,32,0
69,33,0
69,34,0
69,35,0
69,36,0
69,37,0
69,38,0
69,39,0
69,40,0
69,41,0
69,42,0
69,43,1
69,44,0
69,45,0
69,46,1
69,47,0
69,48,0
69,49,0
70,0,0
70,1,0
70,2,0
70,3,0
70,4,0
70,5,0
70,6,0
70,7,0
70,8,0
70,9,0
70,10,1
70,11,1
70,12,0
70,13,0
70,14,0
70,15,1
70,16,1
70,17,0
70,18,0
70,19,0
70,20,0
70,21,0
70,22,0
70,23,1
70,24,0
70,25,0
70,26,0
70,27,0
70,28,0
70,29,0
70,30,0
70,31,0
70,32,0
70,33,1
70,34,0
70,35,0
70,36,0
70,37,0
70,38,0
70,39,0
70,40,0
70,41,1
70,42,1
70,43,0
70,44,1
70,45,0
70,46,0
70,47,0
70,48,0
70,49,0
71,0,0
71,1,0
71,2,0
71,3,0
71,4,0
71,5,1
71,6,1
71,7,0
71,8,1
71,9,0
71,10,1
71,11,0
71,12,0
71,13,0
71,14,1
71,15,0
71,16,0
71,17,0
71,18,0
71,19,0
71,20,0
71,21,0
71,22,0
71,23,0
71,24,0
71,25,0
71,26,0
71,27,0
71,28,0
71,29,0
71,30,0
71,31,1
71,32,0
71,33,0
71,34,1
71,35,0
71,36,0
71,37,0
71,38,0
71,39,0
71,40,0
71,41,0
71,42,0
71,43,0
71,44,1
71,45,1
71,46,0
71,47,0
71,48,0
71,49,0
72,0,1
72,1,0
72,2,0
72,3,0
72,4,0
72,5,0
72,6,0
72,7,0
72,8,0
72,9,0
72,10,0
72,11,0
72,12,0
72,13,0
72,14,1
72,15,1
72,16,0
72,17,1
72,18,0
72,19,1
72,20,1
72,21,0
72,22,0
72,23,0
72,24,0
72,25,0
72,26,1
72,27,0
72,28,0
72,29,0
72,30,0
72,31,0
72,32,0
72,33,1
72,34,1
72,35,0
72,36,0
72,37,0
72,38,0
72,39,0
72,40,0
72,41,0
72,42,1
72,43,0
72,44,1
72,45,0
72,46,0
72,47,0
72,48,1
72,49,0
73,0,1
73,1,0
73,2,0
73,3,0
73,4,1
73,5,0
73,6,1
73,7,0
73,8,1
73,9,0
73,10,0
73,11,0
73,12,0
73,13,0
73,14,0
73,15,0
73,16,0
73,17,0
73,18,0
73,19,0
73,20,1
73,21,1
73,22,0
73,23,0
73,24,0
73,25,0
73,26,1
73,27,0
73,28,0
73,29,0
73,30,0
73,31,0
73,32,0
73,33,0
73,34,0
73,35,0
73,36,0
73,37,1
73,38,0
73,39,0
73,40,0
73,41,0
73,42,0
73,43,0
73,44,0
73,45,0
73,46,0
73,47,1
73,48,0
73,49,0
74,0,0
74,1,0
74,2,1
74,3,0
74,4,0
74,5,0
74,6,1
74,7,0
74,8,0
74,9,1
74,10,0
74,11,0
74,12,1
74,13,0
74,14,1
74,15,0
74,16,0
74,17,0
74,18,0
74,19,0
74,20,1
74,21,0
74,22,0
74,23,0
74,24,0
74,25,0
74,26,0
74,27,0
74,28,0
74,29,0
74,30,0
74,31,0
74,32,0
74,33,0
74,34,0
74,35,0
74,36,0
74,37,0
74,38,0
74,39,0
74,40,0
74,41,0
74,42,0
74,43,0
74,44,0
74,45,0
74,46,0
74,47,0
74,48,0
74,49,0
75,0,0
75,1,0
75,2,0
75,3,0
75,4,0
75,5,0
75,6,0
75,7,0
75,8,1
75,9,0
75,10,0
75,11,0
75,12,1
75,13,0
75,14,0
75,15,0
75,16,0
75,17,1
75,18,0
75,19,0
75,20,0
75,21,0
75,22,0
75,23,0
75,24,0
75,25,0
75,26,0
75,27,0
75,28,0
75,29,0
75,30,1
75,31,1
75,32,0
75,33,1
75,34,0
75,35,0
75,36,0
75,37,1
75,38,0
75,39,0
75,40,0
75,41,0
75,42,1
75,43,1
75,44,0
75,45,0
75,46,0
75,47,1
75,48,0
75,49,1
76,0,0
76,1,0
76,2,1
76,3,1
76,4,0
76,5,0
76,6,1
76,7,0
76,8,0
76,9,0
76,10,0
76,11,0
76,12,0
76,13,0
76,14,0
76,15,1
76,16,1
76,17,0
76,18,1
76,19,0
76,20,0
76,21,0
76,22,1
76,23,1
76,24,0
76,25,1
76,26,0
76,27,0
76,28,1
76,29,1
76,30,0
76,31,1
76,32,0
76,33,0
76,34,0
76,35,1
76,36,0
76,37,0
76,38,1
76,39,0
76,40,0
76,41,0
76,42,0
76,43,0
76,44,0
76,45,0
76,46,0
76,47,0
76,48,1
76,49,0
77,0,0
77,1,0
77,2,0
77,3,1
77,4,0
77,5,1
77,6,1
77,7,0
77,8,0
77,9,0
77,10,1
77,11,0
77,12,0
77,13,0
77,14,0
77,15,0
77,16,0
77,17,0
77,18,0
77,19,0
77,20,1
77,21,0
77,22,0
77,23,0
77,24,0
77,25,0
77,26,0
77,27,0
77,28,0
77,29,0
77,30,0
77,31,1
77,32,0
77,33,0
77,34,0
77,35,0
77,36,0
77,37,0
77,38,0
77,39,0
77,40,0
77,41,0
77,42,0
77,43,0
77,44,0
77,45,0
77,46,1
77,47,0
77,48,0
77,49,0
78,0,0
78,1,0
78,2,1
78,3,0
78,4,0
78,5,0
78,6,0
78,7,0
78,8,1
78,9,0
78,10,0
78,11,0
78,12,1
78,13,0
78,14,0
78,15,0
78,16,0
78,17,0
78,18,0
78,19,1
78,20,0
78,21,1
78,22,1
78,23,0
78,24,0
78,25,0
78,26,0
78,27,0
78,28,0
78,29,1
78,30,0
78,31,0
78,32,0
78,33,0
78,34,0
78,35,0
78,36,0
78,37,0
78,38,0
78,39,0
78,40,0
78,41,0
78,42,0
78,43,0
78,44,1
78,45,0
78,46,0
78,47,0
78,48,0
78,49,0
79,0,0
79,1,0
79,2,0
79,3,0
79,4,0
79,5,0
79,6,0
79,7,0
79,8,0
79,9,0
79,10,0
79,11,1
79,12,0
79,13,0
79,14,1
79,15,0
79,16,0
79,17,0
79,18,0
79,19,0
79,20,1
79,21,0
79,22,0
79,23,0
79,24,0
79,25,0
79,26,0
79,27,0
79,28,0
79,29,0
79,30,0
79,31,1
79,32,1
79,33,0
79,34,0
79,35,0
79,36,0
79,37,0
79,38,0
79,39,0
79,40,0
79,41,1
79,42,0
79,43,0
79,44,1
79,45,0
79,46,0
79,47,1
79,48,0
79,49,0
80,0,0
80,1,0
80,2,1
80,3,0
80,4,0
80,5,0
80,6,0
80,7,0
80,8,1
80,9,0
80,10,1
80,11,0
80,12,0
80,13,0
80,14,0
80,15,0
80,16,0
80,17,0
80,18,0
80,19,1
80,20,0
80,21,1
80,22,0
80,23,1
80,24,0
80,25,0
80,26,1
80,27,0
80,28,0
80,29,0
80,30,0
80,31,0
80,32,0
80,33,1
80,34,0
80,35,1
80,36,1
80,37,1
80,38,0
80,39,1
80,40,1
80,41,0
80,42,0
80,43,0
80,44,1
80,45,0
80,46,0
80,47,0
80,48,0
80,49,0
81,0,0
81,1,0
81,2,0
81,3,0
81,4,0
81,5,0
81,6,0
81,7,0
81,8,0
81,9,0
81,10,1
81,11,0
81,12,0
81,13,0
81,14,0
81,15,0
81,16,0
81,17,0
81,18,0
81,19,0
81,20,0
81,21,1
81,22,1
81,23,0
81,24,0
81,25,0
81,26,0
81,27,0
81,28,0
81,29,0
81,30,1
81,31,0
81,32,0
81,33,0
81,34,0
81,35,1
81,36,0
81,37,0
81,38,0
81,39,0
81,40,0
81,41,0
81,42,0
81,43,0
81,44,0
81,45,0
81,46,0
81,47,0
81,48,0
81,49,0
82,0,1
82,1,0
82,2,1
82,3,1
82,4,0
82,5,0
82,6,0
82,7,0
82,8,1
82,9,0
82,10,0
82,11,1
82,12,0
82,13,1
82,14,0
82,15,0
82,16,0
82,17,0
82,18,0
82,19,0
82,20,0
82,21,0
82,22,0
82,23,1
82,24,0
82,25,0
82,26,0
82,27,0
82,28,0
82,29,0
82,30,0
82,31,0
82,32,0
82,33,1
82,34,1
82,35,0
82,36,0
82,37,0
82,38,0
82,39,1
82,40,0
82,41,1
82,42,0
82,43,0
82,44,0
82,45,0
82,46,0
82,47,0
82,48,0
82,49,0
83,0,1
83,1,0
83,2,0
83,3,0
83,4,1
83,5,0
83,6,1
83,7,0
83,8,0
83,9,0
83,10,0
83,11,0
83,12,0
83,13,0
83,14,0
83,15,1
83,16,0
83,17,0
83,18,1
83,19,0
83,20,0
83,21,1
83,22,0
83,23,1
83,24,0
83,25,0
83,26,0
83,27,0
83,28,1
83,29,1
83,30,0
83,31,0
83,32,0
83,33,0
83,34,1
83,35,1
83,36,0
83,37,0
83,38,0
83,39,0
83,40,0
83,41,0
83,42,0
83,43,0
83,44,0
83,45,0
83,46,0
83,47,0
83,48,0
83,49,0
84,0,1
84,1,0
84,2,0
84,3,0
84,4,1
84,5,0
84,6,1
84,7,0
84,8,0
84,9,0
84,10,0
84,11,1
84,12,1
84,13,0
84,14,0
84,15,0
84,16,0
84,17,0
84,18,0
84,19,1
84,20,0
84,21,0
84,22,1
84,23,1
84,24,1
84,25,0
84,26,0
84,27,0
84,28,0
84,29,0
84,30,1
84,31,0
84,32,0
84,33,1
84,34,0
84,35,0
84,36,0
84,37,0
84,38,0
84,39,0
84,40,0
84,41,0
84,42,0
84,43,1
84,44,0
84,45,0
84,46,0
84,47,0
84,48,0
84,49,0
85,0,0
85,1,0
85,2,0
85,3,0
85,4,1
85,5,0
85,6,0
85,7,0
85,8,1
85,9,0
85,10,1
85,11,0
85,12,0
85,13,0
85,14,1
85,15,0
85,16,0
85,17,0
85,18,1
85,19,0
85,20,0
85,21,0
85,22,0
85,23,1
85,24,0
85,25,0
85,26,0
85,27,0
85,28,0
85,29,0
85,30,1
85,31,1
85,32,0
85,33,0
85,34,0
85,35,0
85,36,0
85,37,0
85,38,0
85,39,0
85,40,0
85,41,0
85,42,0
85,43,0
85,44,1
85,45,0
85,46,0
85,47,0
85,48,0
85,49,0
86,0,0
86,1,0
86,2,0
86,3,0
86,4,0
86,5,0
86,6,0
86,7,0
86,8,0
86,9,0
86,10,0
86,11,1
86,12,0
86,13,1
86,14,1
86,15,0
86,16,0
86,17,1
86,18,0
86,19,0
86,20,0
86,21,0
86,22,0
86,23,0
86,24,1
86,25,0
86,26,0
86,27,0
86,28,1
86,29,0
86,30,1
86,31,0
86,32,0
86,33,0
86,34,0
86,35,0
86,36,0
86,37,0
86,38,0
86,39,0
86,40,0
86,41,0
86,42,0
86,43,0
86,44,0
86,45,0
86,46,0
86,47,0
86,48,0
86,49,0
87,0,1
87,1,0
87,2,0
87,3,0
87,4,0
87,5,0
87,6,0
87,7,0
87,8,1
87,9,0
87,10,1
87,11,0
87,12,1
87,13,0
87,14,0
87,15,1
87,16,0
87,17,0
87,18,1
87,19,0
87,20,0
87,21,1
87,22,0
87,23,0
87,24,0
87,25,0
87,26,1
87,27,0
87,28,1
87,29,1
87,30,1
87,31,0
87,32,0
87,33,0
87,34,0
87,35,0
87,36,0
87,37,0
87,38,0
87,39,0
87,40,0
87,41,0
87,42,1
87,43,1
87,44,0
87,45,1
87,46,0
87,47,0
87,48,0
87,49,0
88,0,0
88,1,0
88,2,0
88,3,0
88,4,0
88,5,0
88,6,0
88,7,0
88,8,0
88,9,0
88,10,0
88,11,0
88,12,0
88,13,0
88,14,0
88,15,0
88,16,0
88,17,0
88,18,0
88,19,0
88,20,1
88,21,1
88,22,0
88,23,0
88,24,1
88,25,0
88,26,0
88,27,0
88,28,0
88,29,0
88,30,0
88,31,1
88,32,0
88,33,1
88,34,1
88,35,0
88,36,0
88,37,1
88,38,0
88,39,1
88,40,0
88,41,0
88,42,0
88,43,0
88,44,0
88,45,0
88,46,0
88,47,0
88,48,1
88,49,0
89,0,1
89,1,0
89,2,0
89,3,0
89,4,0
89,5,0
89,6,1
89,7,0
89,8,0
89,9,0
89,10,0
89,11,1
89,12,0
89,13,0
89,14,0
89,15,0
89,16,0
89,17,1
89,18,0
89,19,0
89,20,0
89,21,0
89,22,1
89,23,0
89,24,1
89,25,0
89,26,0
89,27,0
89,28,0
89,29,0
89,30,0
89,31,0
89,32,0
89,33,0
89,34,0
89,35,0
89,36,1
89,37,0
89,38,1
89,39,1
89,40,0
89,41,0
89,42,0
89,43,0
89,44,0
89,45,1
89,46,0
89,47,1
89,48,0
89,49,0
90,0,0
90,1,0
90,2,1
90,3,0
90,4,0
90,5,0
90,6,0
90,7,0
90,8,0
90,9,0
90,10,0
90,11,0
90,12,0
90,13,0
90,14,0
90,15,0
90,16,0
90,17,0
90,18,0
90,19,0
90,20,0
90,21,0
90,22,0
90,23,1
90,24,0
90,25,0
90,26,0
90,27,0
90,28,0
90,29,0
90,30,0
90,31,1
90,32,0
90,33,0
90,34,0
90,35,0
90,36,0
90,37,0
90,38,0
90,39,0
90,40,0
90,41,0
90,42,0
90,43,0
90,44,0
90,45,0
90,46,0
90,47,0
90,48,0
90,49,0
91,0,0
91,1,0
91,2,0
91,3,1
91,4,0
91,5,0
91,6,0
91,7,1
91,8,1
91,9,0
91,10,0
91,11,0
91,12,0
91,13,0
91,14,0
91,15,1
91,16,0
91,17,0
91,18,0
91,19,0
91,20,0
91,21,0
91,22,0
91,23,0
91,24,1
91,25,0
91,26,0
91,27,0
91,28,0
91,29,0
91,30,0
91,31,0
91,32,0
91,33,0
91,34,0
91,35,0
91,36,0
91,37,0
91,38,0
91,39,1
91,40,0
91,41,0
91,42,0
91,43,0
91,44,0
91,45,0
91,46,1
91,47,1
91,48,0
91,49,0
92,0,0
92,1,0
92,2,0
92,3,1
92,4,0
92,5,0
92,6,1
92,7,0
92,8,1
92,9,0
92,10,0
92,11,0
92,12,0
92,13,0
92,14,1
92,15,0
92,16,0
92,17,0
92,18,0
92,19,0
92,20,0
92,21,0
92,22,1
92,23,0
92,24,0
92,25,0
92,26,0
92,27,0
92,28,0
92,29,0
92,30,0
92,31,0
92,32,0
92,33,0
92,34,0
92,35,0
92,36,0
92,37,0
92,38,0
92,39,1
92,40,0
92,41,0
92,42,0
92,43,0
92,44,0
92,45,0
92,46,0
92,47,0
92,48,1
92,49,0
93,0,0
93,1,0
93,2,1
93,3,0
93,4,0
93,5,0
93,6,0
93,7,0
93,8,0
93,9,0
93,10,0
93,11,1
93,12,0
93,13,0
93,14,0
93,15,0
93,16,0
93,17,0
93,18,0
93,19,0
93,20,0
93,21,1
93,22,0
93,23,1
93,24,0
93,25,0
93,26,0
93,27,0
93,28,1
93,29,0
93,30,0
93,31,0
93,32,0
93,33,0
93,34,0
93,35,0
93,36,0
93,37,0
93,38,0
93,39,0
93,40,0
93,41,0
93,42,1
93,43,0
93,44,0
93,45,0
93,46,0
93,47,0
93,48,0
93,49,0
94,0,0
94,1,0
94,2,0
94,3,0
94,4,0
94,5,0
94,6,1
94,7,0
94,8,0
94,9,0
94,10,0
94,11,0
94,12,1
94,13,0
94,14,0
94,15,1
94,16,0
94,17,1
94,18,0
94,19,1
94,20,0
94,21,0
94,22,0
94,23,0
94,24,0
94,25,1
94,26,0
94,27,0
94,28,0
94,29,0
94,30,1
94,31,1
94,32,0
94,33,1
94,34,0
94,35,0
94,36,0
94,37,0
94,38,0
94,39,0
94,40,0
94,41,1
94,42,1
94,43,0
94,44,1
94,45,0
94,46,0
94,47,0
94,48,0
94,49,0
95,0,0
95,1,0
95,2,1
95,3,1
95,4,0
95,5,0
95,6,0
95,7,1
95,8,0
95,9,0
95,10,0
95,11,0
95,12,0
95,13,0
95,14,0
95,15,0
95,16,0
95,17,0
95,18,0
95,19,1
95,20,0
95,21,0
95,22,0
95,23,1
95,24,0
95,25,0
95,26,0
95,27,0
95,28,1
95,29,0
95,30,1
95,31,0
95,32,0
95,33,0
95,34,1
95,35,0
95,36,0
95,37,0
95,38,0
95,39,0
95,40,0
95,41,0
95,42,0
95,43,0
95,44,0
95,45,0
95,46,0
95,47,0
95,48,0
95,49,0
96,0,1
96,1,0
96,2,1
96,3,0
96,4,0
96,5,1
96,6,0
96,7,0
96,8,1
96,9,0
96,10,0
96,11,0
96,12,1
96,13,0
96,14,0
96,15,0
96,16,0
96,17,0
96,18,1
96,19,0
96,20,1
96,21,1
96,22,0
96,23,0
96,24,1
96,25,0
96,26,0
96,27,0
96,28,0
96,29,0
96,30,0
96,31,1
96,32,0
96,33,0
96,34,0
96,35,0
96,36,0
96,37,1
96,38,0
96,39,0
96,40,0
96,41,0
96,42,0
96,43,0
96,44,0
96,45,0
96,46,0
96,47,0
96,48,0
96,49,0
97,0,1
97,1,0
97,2,0
97,3,1
97,4,0
97,5,0
97,6,0
97,7,1
97,8,1
97,9,0
97,10,0
97,11,0
97,12,0
97,13,1
97,14,0
97,15,0
97,16,1
97,17,0
97,18,0
97,19,0
97,20,0
97,21,0
97,22,0
97,23,0
97,24,0
97,25,0
97,26,0
97,27,0
97,28,0
97,29,0
97,30,0
97,31,0
97,32,0
97,33,0
97,34,0
97,35,0
97,36,0
97,37,1
97,38,0
97,39,0
97,40,1
97,41,0
97,42,0
97,43,0
97,44,1
97,45,1
97,46,0
97,47,0
97,48,0
97,49,0
98,0,0
98,1,1
98,2,1
98,3,0
98,4,0
98,5,0
98,6,0
98,7,0
98,8,0
98,9,0
98,10,0
98,11,0
98,12,0
98,13,1
98,14,1
98,15,1
98,16,0
98,17,0
98,18,1
98,19,0
98,20,1
98,21,1
98,22,0
98,23,1
98,24,0
98,25,0
98,26,0
98,27,0
98,28,0
98,29,0
98,30,0
98,31,1
98,32,0
98,33,1
98,34,0
98,35,0
98,36,0
98,37,0
98,38,0
98,39,0
98,40,0
98,41,0
98,42,0
98,43,0
98,44,0
98,45,0
98,46,0
98,47,0
98,48,1
98,49,0
99,0,0
99,1,0
99,2,0
99,3,0
99,4,0
99,5,0
99,6,0
99,7,0
99,8,0
99,9,0
99,10,0
99,11,0
99,12,0
99,13,1
99,14,0
99,15,0
99,16,0
99,17,1
99,18,0
99,19,0
99,20,0
99,21,1
99,22,0
99,23,0
99,24,0
99,25,1
99,26,0
99,27,0
99,28,0
99,29,0
99,30,0
99,31,1
99,32,1
99,33,0
99,34,0
99,35,0
99,36,0
99,37,0
99,38,0
99,39,0
99,40,0
99,41,0
99,42,1
99,43,1
99,44,0
99,45,0
99,46,0
99,47,1
99,48,0
99,49,0
100,0,0
100,1,0
100,2,0
100,3,0
100,4,1
100,5,0
100,6,1
100,7,0
100,8,0
100,9,0
100,10,0
100,11,1
100,12,1
100,13,1
100,14,1
100,15,1
100,16,0
100,17,0
100,18,0
100,19,0
100,20,0
100,21,0
100,22,1
100,23,0
100,24,0
100,25,1
100,26,0
100,27,0
100,28,0
100,29,0
100,30,0
100,31,0
100,32,1
100,33,0
100,34,0
100,35,0
100,36,0
100,37,1
100,38,0
100,39,0
100,40,0
100,41,0
100,42,0
100,43,0
100,44,0
100,45,0
100,46,0
100,47,1
100,48,0
100,49,0
101,0,0
101,1,0
101,2,0
101,3,0
101,4,0
101,5,0
101,6,0
101,7,0
101,8,0
101,9,0
101,10,0
101,11,0
101,12,0
101,13,0
101,14,0
101,15,0
101,16,0
101,17,0
101,18,0
101,19,0
101,20,0
101,21,0
101,22,0
101,23,0
101,24,0
101,25,0
101,26,1
101,27,0
101,28,0
101,29,0
101,30,0
101,31,0
101,32,0
101,33,1
101,34,0
101,35,0
101,36,0
101,37,1
101,38,0
101,39,0
101,40,0
101,41,0
101,42,0
101,43,0
101,44,1
101,45,0
101,46,0
101,47,0
101,48,0
101,49,0
102,0,0
102,1,1
102,2,0
102,3,0
102,4,0
102,5,0
102,6,0
102,7,0
102,8,0
102,9,0
102,10,0
102,11,0
102,12,0
102,13,0
102,14,1
102,15,0
102,16,0
102,17,0
102,18,0
102,19,0
102,20,0
102,21,0
102,22,1
102,23,0
102,24,0
102,25,0
102,26,0
102,27,0
102,28,1
102,29,0
102,30,0
102,31,0
102,32,0
102,33,0
102,34,1
102,35,0
102,36,0
102,37,1
102,38,0
102,39,0
102,40,0
102,41,1
102,42,0
102,43,1
102,44,1
102,45,0
102,46,0
102,47,1
102,48,1
102,49,0
103,0,0
103,1,0
103,2,0
103,3,0
103,4,0
103,5,0
103,6,1
103,7,0
103,8,0
103,9,0
103,10,1
103,11,0
103,12,0
103,13,0
103,14,0
103,15,0
103,16,0
103,17,0
103,18,0
103,19,1
103,20,0
103,21,0
103,22,1
103,23,0
103,24,0
103,25,0
103,26,1
103,27,0
103,28,0
103,29,0
103,30,0
103,31,0
103,32,0
103,33,0
103,34,0
103,35,0
103,36,0
103,37,1
103,38,0
103,39,0
103,40,1
103,41,0
103,42,0
103,43,0
103,44,0
103,45,1
103,46,0
103,47,0
103,48,1
103,49,0
104,0,0
104,1,1
104,2,0
104,3,1
104,4,0
104,5,0
104,6,0
104,7,0
104,8,0
104,9,0
104,10,0
104,11,1
104,12,0
104,13,0
104,14,0
104,15,1
104,16,0
104,17,0
104,18,0
104,19,0
104,20,0
104,21,0
104,22,0
104,23,0
104,24,0
104,25,0
104,26,0
104,27,0
104,28,0
104,29,0
104,30,0
104,31,1
104,32,0
104,33,0
104,34,1
104,35,0
104,36,0
104,37,0
104,38,0
104,39,0
104,40,0
104,41,0
104,42,0
104,43,0
104,44,0
104,45,0
104,46,0
104,47,0
104,48,0
104,49,0
105,0,0
105,1,0
105,2,0
105,3,0
105,4,0
105,5,0
105,6,0
105,7,0
105,8,1
105,9,0
105,10,0
105,11,0
105,12,1
105,13,0
105,14,0
105,15,0
105,16,1
105,17,0
105,18,0
105,19,0
105,20,1
105,21,0
105,22,0
105,23,0
105,24,0
105,25,0
105,26,0
105,27,0
105,28,0
105,29,0
105,30,0
105,31,0
105,32,0
105,33,0
105,34,0
105,35,0
105,36,0
105,37,0
105,38,1
105,39,0
105,40,0
105,41,0
105,42,0
105,43,0
105,44,0
105,45,0
105,46,0
105,47,0
105,48,0
105,49,0
106,0,0
106,1,0
106,2,1
106,3,0
106,4,0
106,5,0
106,6,0
106,7,0
106,8,0
106,9,0
106,10,0
106,11,0
106,12,0
106,13,0
106,14,0
106,15,1
106,16,0
106,17,0
106,18,0
106,19,0
106,20,0
106,21,0
106,22,0
106,23,0
106,24,1
106,25,0
106,26,0
106,27,0
106,28,0
106,29,0
106,30,0
106,31,1
106,32,0
106,33,0
106,34,0
106,35,0
106,36,0
106,37,0
106,38,0
106,39,1
106,40,0
106,41,0
106,42,1
106,43,0
106,44,0
106,45,1
106,46,0
106,47,1
106,48,1
106,49,0
107,0,1
107,1,0
107,2,0
107,3,0
107,4,0
107,5,0
107,6,0
107,7,0
107,8,0
107,9,0
107,10,0
107,11,0
107,12,0
107,13,0
107,14,0
107,15,0
107,16,0
107,17,0
107,18,0
107,19,0
107,20,1
107,21,1
107,22,0
107,23,0
107,24,0
107,25,0
107,26,0
107,27,0
107,28,0
107,29,0
107,30,0
107,31,0
107,32,0
107,33,0
107,34,0
107,35,0
107,36,0
107,37,0
107,38,0
107,39,0
107,40,0
107,41,0
107,42,0
107,43,1
107,44,0
107,45,0
107,46,0
107,47,0
107,48,0
107,49,0
108,0,0
108,1,1
108,2,0
108,3,0
108,4,0
108,5,1
108,6,0
108,7,0
108,8,0
108,9,0
108,10,0
108,11,0
108,12,0
108,13,0
108,14,0
108,15,0
108,16,0
108,17,0
108,18,0
108,19,0
108,20,1
108,21,0
108,22,0
108,23,0
108,24,1
108,25,0
108,26,0
108,27,1
108,28,0
108,29,0
108,30,0
108,31,1
108,32,0
108,33,0
108,34,0
108,35,0
108,36,0
108,37,0
108,38,0
108,39,0
108,40,0
108,41,0
108,42,0
108,43,0
108,44,1
108,45,0
108,46,0
108,47,0
108,48,0
108,49,1
109,0,0
109,1,0
109,2,1
109,3,0
109,4,0
109,5,0
109,6,0
109,7,0
109,8,0
109,9,0
109,10,1
109,11,0
109,12,1
109,13,0
109,14,0
109,15,0
109,16,0
109,17,0
109,18,0
109,19,0
109,20,0
109,21,0
109,22,0
109,23,0
109,24,0
109,25,0
109,26,0
109,27,0
109,28,0
109,29,0
109,30,0
109,31,1
109,32,1
109,33,0
109,34,0
109,35,0
109,36,0
109,37,0
109,38,0
109,39,0
109,40,0
109,41,0
109,42,0
109,43,0
109,44,0
109,45,0
109,46,1
109,47,0
109,48,0
109,49,0
110,0,1
110,1,0
110,2,0
110,3,0
110,4,0
110,5,0
110,6,1
110,7,0
110,8,0
110,9,0
110,10,1
110,11,0
110,12,0
110,13,0
110,14,0
110,15,0
110,16,0
110,17,0
110,18,0
110,19,0
110,20,0
110,21,0
110,22,1
110,23,0
110,24,0
110,25,0
110,26,0
110,27,1
110,28,0
110,29,0
110,30,0
110,31,1
110,32,0
110,33,0
110,34,0
110,35,1
110,36,0
110,37,0
110,38,0
110,39,0
110,40,0
110,41,1
110,42,0
110,43,1
110,44,1
110,45,1
110,46,0
110,47,1
110,48,1
110,49,0
111,0,0
111,1,0
111,2,1
111,3,0
111,4,0
111,5,0
111,6,0
111,7,0
111,8,0
111,9,0
111,10,1
111,11,1
111,12,0
111,13,0
111,14,0
111,15,1
111,16,0
111,17,1
111,18,0
111,19,0
111,20,0
111,21,0
111,22,1
111,23,0
111,24,1
111,25,0
111,26,0
111,27,0
111,28,1
111,29,0
111,30,0
111,31,1
111,32,0
111,33,0
111,34,0
111,35,0
111,36,0
111,37,0
111,38,0
111,39,0
111,40,0
111,41,0
111,42,0
111,43,0
111,44,0
111,45,0
111,46,0
111,47,1
111,48,0
111,49,0
112,0,0
112,1,0
112,2,0
112,3,1
112,4,0
112,5,1
112,6,1
112,7,0
112,8,0
112,9,0
112,10,1
112,11,0
112,12,0
112,13,0
112,14,0
112,15,1
112,16,0
112,17,0
112,18,1
112,19,0
112,20,1
112,21,0
112,22,1
112,23,0
112,24,0
112,25,0
112,26,0
112,27,0
112,28,0
112,29,0
112,30,0
112,31,0
112,32,0
112,33,0
112,34,0
112,35,0
112,36,0
112,37,0
112,38,0
112,39,0
112,40,0
112,41,0
112,42,0
112,43,0
112,44,0
112,45,0
112,46,0
112,47,1
112,48,0
112,49,0
113,0,1
113,1,1
113,2,1
113,3,0
113,4,0
113,5,0
113,6,1
113,7,1
113,8,0
113,9,0
113,10,1
113,11,0
113,12,0
113,13,0
113,14,0
113,15,0
113,16,1
113,17,1
113,18,1
113,19,0
113,20,0
113,21,0
113,22,0
113,23,1
113,24,0
113,25,0
113,26,0
113,27,1
113,28,0
113,29,0
113,30,0
113,31,0
113,32,0
113,33,1
113,34,1
113,35,0
113,36,0
113,37,0
113,38,0
113,39,0
113,40,0
113,41,1
113,42,1
113,43,0
113,44,0
113,45,0
113,46,0
113,47,0
113,48,0
113,49,0
114,0,0
114,1,1
114,2,1
114,3,0
114,4,0
114,5,0
114,6,0
114,7,0
114,8,1
114,9,0
114,10,0
114,11,0
114,12,0
114,13,0
114,14,0
114,15,0
114,16,0
114,17,0
114,18,0
114,19,0
114,20,1
114,21,1
114,22,1
114,23,1
114,24,0
114,25,0
114,26,1
114,27,0
114,28,1
114,29,0
114,30,0
114,31,0
114,32,0
114,33,1
114,34,0
114,35,0
114,36,0
114,37,0
114,38,0
114,39,1
114,40,0
114,41,0
114,42,0
114,43,0
114,44,1
114,45,0
114,46,0
114,47,1
114,48,0
114,49,0
115,0,0
115,1,0
115,2,1
115,3,0
115,4,0
115,5,0
115,6,0
115,7,0
115,8,0
115,9,0
115,10,1
115,11,1
115,12,1
115,13,0
115,14,0
115,15,1
115,16,0
115,17,1
115,18,0
115,19,0
115,20,1
115,21,0
115,22,0
115,23,1
115,24,0
115,25,0
115,26,1
115,27,0
115,28,1
115,29,0
115,30,0
115,31,1
115,32,0
115,33,0
115,34,0
115,35,1
115,36,0
115,37,0
115,38,0
115,39,0
115,40,0
115,41,0
115,42,0
115,43,1
115,44,1
115,45,0
115,46,1
115,47,1
115,48,0
115,49,0
116,0,0
116,1,0
116,2,1
116,3,1
116,4,0
116,5,0
116,6,0
116,7,0
116,8,0
116,9,0
116,10,0
116,11,1
116,12,0
116,13,0
116,14,0
116,15,0
116,16,0
116,17,0
116,18,1
116,19,0
116,20,1
116,21,1
116,22,0
116,23,0
116,24,0
116,25,0
116,26,0
116,27,0
116,28,0
116,29,0
116,30,0
116,31,0
116,32,0
116,33,0
116,34,0
116,35,0
116,36,0
116,37,0
116,38,0
116,39,0
116,40,1
116,41,0
116,42,0
116,43,0
116,44,0
116,45,0
116,46,0
116,47,0
116,48,1
116,49,0
117,0,0
117,1,0
117,2,1
117,3,0
117,4,0
117,5,0
117,6,1
117,7,0
117,8,0
117,9,0
117,10,1
117,11,0
117,12,0
117,13,0
117,14,0
117,15,0
117,16,0
117,17,0
117,18,0
117,19,0
117,20,0
117,21,0
117,22,0
117,23,0
117,24,0
117,25,0
117,26,1
117,27,0
117,28,0
117,29,1
117,30,0
117,31,0
117,32,0
117,33,0
117,34,0
117,35,0
117,36,0
117,37,0
117,38,0
117,39,0
117,40,0
117,41,1
117,42,1
117,43,1
117,44,0
117,45,0
117,46,0
117,47,0
117,48,0
117,49,0
118,0,0
118,1,0
118,2,1
118,3,0
118,4,0
118,5,0
118,6,0
118,7,0
118,8,0
118,9,0
118,10,0
118,11,1
118,12,1
118,13,0
118,14,0
118,15,0
118,16,0
118,17,0
118,18,0
118,19,1
118,20,0
118,21,0
118,22,0
118,23,0
118,24,0
118,25,0
118,26,0
118,27,0
118,28,0
118,29,0
118,30,0
118,31,1
118,32,0
118,33,1
118,34,0
118,35,0
118,36,0
118,37,0
118,38,0
118,39,0
118,40,0
118,41,1
118,42,0
118,43,0
118,44,0
118,45,1
118,46,0
118,47,0
118,48,1
118,49,1
119,0,0
119,1,1
119,2,1
119,3,0
119,4,0
119,5,1
119,6,0
119,7,0
119,8,0
119,9,0
119,10,0
119,11,0
119,12,0
119,13,0
119,14,0
119,15,0
119,16,0
119,17,0
119,18,0
119,19,0
119,20,0
119,21,0
119,22,0
119,23,0
119,24,0
119,25,0
119,26,1
119,27,0
119,28,0
119,29,0
119,30,1
119,31,1
119,32,0
119,33,0
119,34,0
119,35,0
119,36,0
119,37,0
119,38,0
119,39,0
119,40,0
119,41,0
119,42,1
119,43,0
119,44,0
119,45,0
119,46,0
119,47,0
119,48,1
119,49,1
120,0,0
120,1,0
120,2,1
120,3,1
120,4,1
120,5,0
120,6,1
120,7,0
120,8,0
120,9,0
120,10,1
120,11,1
120,12,0
120,13,0
120,14,0
120,15,1
120,16,0
120,17,0
120,18,0
120,19,0
120,20,1
120,21,0
120,22,1
120,23,0
120,24,0
120,25,0
120,26,1
120,27,0
120,28,0
120,29,0
120,30,1
120,31,1
120,32,1
120,33,1
120,34,0
120,35,0
120,36,0
120,37,0
120,38,0
120,39,0
120,40,0
120,41,0
120,42,0
120,43,1
120,44,0
120,45,0
120,46,0
120,47,0
120,48,0
120,49,0
121,0,1
121,1,0
121,2,0
121,3,1
121,4,0
121,5,0
121,6,0
121,7,0
121,8,0
121,9,0
121,10,0
121,11,0
121,12,0
121,13,0
121,14,0
121,15,1
121,16,0
121,17,0
121,18,0
121,19,0
121,20,0
121,21,0
121,22,0
121,23,1
121,24,0
121,25,0
121,26,0
121,27,0
121,28,0
121,29,0
121,30,1
121,31,1
121,32,0
121,33,1
121,34,0
121,35,1
121,36,0
121,37,0
121,38,0
121,39,0
121,40,0
121,41,0
121,42,0
121,43,0
121,44,0
121,45,1
121,46,0
121,47,1
121,48,1
121,49,0
122,0,0
122,1,0
122,2,0
122,3,0
122,4,0
122,5,0
122,6,1
122,7,0
122,8,0
122,9,0
122,10,0
122,11,0
122,12,0
122,13,1
122,14,0
122,15,0
122,16,0
122,17,0
122,18,0
122,19,0
122,20,0
122,21,0
122,22,1
122,23,0
122,24,0
122,25,0
122,26,0
122,27,0
122,28,0
122,29,1
122,30,0
122,31,0
122,32,0
122,33,0
122,34,0
122,35,0
122,36,0
122,37,0
122,38,0
122,39,0
122,40,0
122,41,1
122,42,0
122,43,1
122,44,0
122,45,0
122,46,0
122,47,0
122,48,0
122,49,0
123,0,1
123,1,0
123,2,0
123,3,1
123,4,0
123,5,0
123,6,0
123,7,0
123,8,0
123,9,0
123,10,0
123,11,0
123,12,0
123,13,0
123,14,0
123,15,0
123,16,0
123,17,1
123,18,0
123,19,0
123,20,1
123,21,1
123,22,0
123,23,0
123,24,0
123,25,0
123,26,0
123,27,0
123,28,0
123,29,0
123,30,1
123,31,1
123,32,1
123,33,0
123,34,0
123,35,0
123,36,0
123,37,1
123,38,0
123,39,0
123,40,0
123,41,0
123,42,0
123,43,1
123,44,0
123,45,0
123,46,0
123,47,0
123,48,0
123,49,0
124,0,0
124,1,0
124,2,0
124,3,0
124,4,0
124,5,0
124,6,0
124,7,0
124,8,0
124,9,1
124,10,1
124,11,0
124,12,0
124,13,0
124,14,0
124,15,0
124,16,0
124,17,0
124,18,1
124,19,0
124,20,0
124,21,1
124,22,1
124,23,0
124,24,0
124,25,0
124,26,0
124,27,0
124,28,1
124,29,0
124,30,0
124,31,0
124,32,1
124,33,1
124,34,0
124,35,0
124,36,0
124,37,0
124,38,0
124,39,0
124,40,0
124,41,0
124,42,0
124,43,0
124,44,1
124,45,0
124,46,0
124,47,0
124,48,0
124,49,0
125,0,0
125,1,0
125,2,1
125,3,0
125,4,0
125,5,0
125,6,0
125,7,0
125,8,1
125,9,0
125,10,0
125,11,0
125,12,0
125,13,0
125,14,0
125,15,0
125,16,0
125,17,1
125,18,0
125,19,0
125,20,0
125,21,0
125,22,0
125,23,0
125,24,0
125,25,1
125,26,0
125,27,0
125,28,0
125,29,0
125,30,1
125,31,0
125,32,0
125,33,1
125,34,0
125,35,0
125,36,0
125,37,0
125,38,0
125,39,0
125,40,0
125,41,0
125,42,0
125,43,0
125,44,0
125,45,0
125,46,0
125,47,0
125,48,1
125,49,0
126,0,1
126,1,0
126,2,1
126,3,0
126,4,0
126,5,0
126,6,0
126,7,0
126,8,0
126,9,0
126,10,0
126,11,0
126,12,0
126,13,0
126,14,1
126,15,1
126,16,0
126,17,0
126,18,0
126,19,0
126,20,0
126,21,0
126,22,0
126,23,0
126,24,1
126,25,0
126,26,0
126,27,0
126,28,0
126,29,1
126,30,1
126,31,0
126,32,0
126,33,0
126,34,0
126,35,0
126,36,0
126,37,1
126,38,0
126,39,0
126,40,0
126,41,0
126,42,0
126,43,0
126,44,0
126,45,0
126,46,0
126,47,0
126,48,0
126,49,0
127,0,1
127,1,0
127,2,1
127,3,0
127,4,0
127,5,0
127,6,0
127,7,0
127,8,0
127,9,0
127,10,0
127,11,1
127,12,0
127,13,1
127,14,0
127,15,0
127,16,0
127,17,0
127,18,0
127,19,0
127,20,1
127,21,1
127,22,0
127,23,0
127,24,0
127,25,0
127,26,0
127,27,0
127,28,0
127,29,0
127,30,0
127,31,1
127,32,0
127,33,0
127,34,0
127,35,1
127,36,0
127,37,0
127,38,0
127,39,0
127,40,0
127,41,0
127,42,0
127,43,1
127,44,0
127,45,0
127,46,0
127,47,0
127,48,0
127,49,0
128,0,0
128,1,0
128,2,0
128,3,1
128,4,0
128,5,0
128,6,0
128,7,0
128,8,1
128,9,0
128,10,1
128,11,0
128,12,0
128,13,0
128,14,0
128,15,0
128,16,0
128,17,0
128,18,0
128,19,0
128,20,0
128,21,0
128,22,0
128,23,0
128,24,0
128,25,0
128,26,0
128,27,0
128,28,0
128,29,0
128,30,0
128,31,0
128,32,0
128,33,0
128,34,0
128,35,0
128,36,0
128,37,0
128,38,0
128,39,1
128,40,0
128,41,0
128,42,0
128,43,0
128,44,0
128,45,1
128,46,1
128,47,0
128,48,1
128,49,0
129,0,1
129,1,0
129,2,0
129,3,1
129,4,0
129,5,0
129,6,0
129,7,0
129,8,0
129,9,0
129,10,1
129,11,0
129,12,0
129,13,0
129,14,0
129,15,1
129,16,0
129,17,0
129,18,0
129,19,0
129,20,0
129,21,0
129,22,0
129,23,0
129,24,0
129,25,1
129,26,0
129,27,0
129,28,0
129,29,0
129,30,0
129,31,0
129,32,0
129,33,0
129,34,0
129,35,0
129,36,0
129,37,0
129,38,0
129,39,0
129,40,0
129,41,0
129,42,0
129,43,1
129,44,0
129,45,0
129,46,0
129,47,0
129,48,1
129,49,0
130,0,0
130,1,1
130,2,0
130,3,0
130,4,1
130,5,1
130,6,1
130,7,0
130,8,0
130,9,0
130,10,0
130,11,0
130,12,1
130,13,0
130,14,0
130,15,0
130,16,0
130,17,0
130,18,0
130,19,0
130,20,0
130,21,0
130,22,0
130,23,0
130,24,1
130,25,0
130,26,0
130,27,0
130,28,1
130,29,0
130,30,0
130,31,0
130,32,0
130,33,0
130,34,0
130,35,0
130,36,0
130,37,0
130,38,1
130,39,0
130,40,0
130,41,0
130,42,1
130,43,0
130,44,0
130,45,0
130,46,0
130,47,0
130,48,1
130,49,0
131,0,0
131,1,0
131,2,0
131,3,0
131,4,0
131,5,1
131,6,1
131,7,0
131,8,0
131,9,0
131,10,0
131,11,1
131,12,0
131,13,1
131,14,0
131,15,0
131,16,0
131,17,1
131,18,0
131,19,0
131,20,0
131,21,1
131,22,0
131,23,0
131,24,0
131,25,1
131,26,1
131,27,0
131,28,1
131,29,0
131,30,1
131,31,1
131,32,0
131,33,1
131,34,0
131,35,0
131,36,1
131,37,0
131,38,0
131,39,0
131,40,0
131,41,1
131,42,0
131,43,1
131,44,0
131,45,0
131,46,0
131,47,0
131,48,0
131,49,0
132,0,0
132,1,0
132,2,0
132,3,0
132,4,0
132,5,0
132,6,0
132,7,0
132,8,1
132,9,0
132,10,1
132,11,1
132,12,1
132,13,0
132,14,0
132,15,0
132,16,0
132,17,0
132,18,1
132,19,0
132,20,0
132,21,0
132,22,1
132,23,1
132,24,0
132,25,1
132,26,1
132,27,1
132,28,0
132,29,0
132,30,0
132,31,1
132,32,0
132,33,0
132,34,0
132,35,1
132,36,1
132,37,0
132,38,0
132,39,1
132,40,0
132,41,1
132,42,0
132,43,1
132,44,0
132,45,0
132,46,0
132,47,0
132,48,0
132,49,0
133,0,0
133,1,0
133,2,0
133,3,1
133,4,0
133,5,0
133,6,1
133,7,0
133,8,0
133,9,0
133,10,0
133,11,0
133,12,0
133,13,0
133,14,0
133,15,0
133,16,0
133,17,1
133,18,1
133,19,0
133,20,0
133,21,1
133,22,1
133,23,0
133,24,0
133,25,0
133,26,0
133,27,0
133,28,0
133,29,0
133,30,1
133,31,0
133,32,0
133,33,0
133,34,1
133,35,0
133,36,0
133,37,0
133,38,0
133,39,0
133,40,0
133,41,0
133,42,0
133,43,0
133,44,1
133,45,0
133,46,0
133,47,0
133,48,1
133,49,0
134,0,1
134,1,0
134,2,0
134,3,0
134,4,0
134,5,0
134,6,1
134,7,0
134,8,0
134,9,1
134,10,0
134,11,1
134,12,0
134,13,0
134,14,0
134,15,1
134,16,0
134,17,0
134,18,0
134,19,0
134,20,0
134,21,1
134,22,1
134,23,0
134,24,0
134,25,0
134,26,0
134,27,1
134,28,0
134,29,1
134,30,0
134,31,0
134,32,0
134,33,0
134,34,0
134,35,0
134,36,0
134,37,0
134,38,0
134,39,0
134,40,0
134,41,0
134,42,0
134,43,0
134,44,0
134,45,0
134,46,0
134,47,0
134,48,0
134,49,0
135,0,0
135,1,0
135,2,0
135,3,0
135,4,0
135,5,0
135,6,1
135,7,0
135,8,0
135,9,0
135,10,1
135,11,1
135,12,1
135,13,0
135,14,0
135,15,0
135,16,0
135,17,0
135,18,0
135,19,0
135,20,1
135,21,0
135,22,1
135,23,0
135,24,0
135,25,0
135,26,1
135,27,0
135,28,0
135,29,0
135,30,1
135,31,1
135,32,0
135,33,0
135,34,0
135,35,0
135,36,0
135,37,0
135,38,0
135,39,0
135,40,0
135,41,1
135,42,0
135,43,1
135,44,1
135,45,0
135,46,0
135,47,0
135,48,0
135,49,0
136,0,0
136,1,1
136,2,0
136,3,0
136,4,0
136,5,0
136,6,0
136,7,0
136,8,0
136,9,0
136,10,1
136,11,1
136,12,0
136,13,0
136,14,0
136,15,0
136,16,0
136,17,0
136,18,0
136,19,0
136,20,0
136,21,0
136,22,0
136,23,0
136,24,0
136,25,0
136,26,0
136,27,0
136,28,1
136,29,0
136,30,1
136,31,0
136,32,0
136,33,0
136,34,0
136,35,0
136,36,0
136,37,0
136,38,0
136,39,1
136,40,0
136,41,1
136,42,0
136,43,0
136,44,1
136,45,0
136,46,0
136,47,0
136,48,1
136,49,0
137,0,0
137,1,0
137,2,0
137,3,1
137,4,1
137,5,0
137,6,0
137,7,0
137,8,1
137,9,0
137,10,0
137,11,0
137,12,1
137,13,0
137,14,0
137,15,1
137,16,0
137,17,0
137,18,0
137,19,0
137,20,0
137,21,1
137,22,1
137,23,0
137,24,1
137,25,1
137,26,0
137,27,1
137,28,0
137,29,0
137,30,0
137,31,0
137,32,0
137,33,1
137,34,1
137,35,0
137,36,0
137,37,0
137,38,0
137,39,0
137,40,0
137,41,1
137,42,1
137,43,1
137,44,0
137,45,1
137,46,0
137,47,0
137,48,0
137,49,0
138,0,1
138,1,0
138,2,0
138,3,0
138,4,0
138,5,0
138,6,0
138,7,0
138,8,1
138,9,0
138,10,0
138,11,1
138,12,0
138,13,0
138,14,1
138,15,0
138,16,0
138,17,0
138,18,0
138,19,0
138,20,0
138,21,1
138,22,0
138,23,0
138,24,0
138,25,0
138,26,0
138,27,0
138,28,0
138,29,0
138,30,0
138,31,0
138,32,0
138,33,1
138,34,1
138,35,0
138,36,0
138,37,0
138,38,0
138,39,0
138,40,0
138,41,1
138,42,0
138,43,0
138,44,1
138,45,0
138,46,0
138,47,0
138,48,0
138,49,0
139,0,0
139,1,0
139,2,0
139,3,1
139,4,0
139,5,0
139,6,0
139,7,0
139,8,0
139,9,0
139,10,0
139,11,1
139,12,0
139,13,0
139,14,0
139,15,0
139,16,0
139,17,0
139,18,0
139,19,0
139,20,0
139,21,0
139,22,1
139,23,0
139,24,0
139,25,0
139,26,0
139,27,0
139,28,0
139,29,0
139,30,1
139,31,1
139,32,0
139,33,0
139,34,0
139,35,0
139,36,1
139,37,0
139,38,0
139,39,0
139,40,0
139,41,1
139,42,0
139,43,0
139,44,0
139,45,1
139,46,0
139,47,0
139,48,0
139,49,1
140,0,0
140,1,0
140,2,0
140,3,0
140,4,0
140,5,0
140,6,0
140,7,0
140,8,1
140,9,0
140,10,0
140,11,1
140,12,0
140,13,0
140,14,0
140,15,0
140,16,0
140,17,0
140,18,0
140,19,0
140,20,1
140,21,0
140,22,0
140,23,0
140,24,0
140,25,0
140,26,0
140,27,0
140,28,1
140,29,0
140,30,0
140,31,0
140,32,0
140,33,0
140,34,0
140,35,1
140,36,0
140,37,0
140,38,1
140,39,0
140,40,0
140,41,0
140,42,0
140,43,1
140,44,0
140,45,0
140,46,0
140,47,0
140,48,0
140,49,0
141,0,0
141,1,0
141,2,0
141,3,0
141,4,1
141,5,0
141,6,0
141,7,0
141,8,0
141,9,0
141,10,1
141,11,0
141,12,0
141,13,0
141,14,0
141,15,0
141,16,0
141,17,0
141,18,0
141,19,0
141,20,0
141,21,1
141,22,0
141,23,0
141,24,0
141,25,0
141,26,0
141,27,0
141,28,0
141,29,1
141,30,0
141,31,0
141,32,0
141,33,0
141,34,0
141,35,0
141,36,1
141,37,0
141,38,0
141,39,0
141,40,0
141,41,0
141,42,0
141,43,0
141,44,0
141,45,0
141,46,0
141,47,1
141,48,1
141,49,0
142,0,0
142,1,0
142,2,0
142,3,0
142,4,0
142,5,0
142,6,0
142,7,0
142,8,0
142,9,0
142,10,0
142,11,1
142,12,1
142,13,0
142,14,0
142,15,0
142,16,0
142,17,0
142,18,0
142,19,0
142,20,0
142,21,1
142,22,0
142,23,0
142,24,0
142,25,0
142,26,0
142,27,0
142,28,0
142,29,0
142,30,0
142,31,0
142,32,0
142,33,0
142,34,0
142,35,1
142,36,0
142,37,0
142,38,0
142,39,0
142,40,0
142,41,0
142,42,0
142,43,1
142,44,0
142,45,0
142,46,1
142,47,0
142,48,0
142,49,0
143,0,0
143,1,0
143,2,1
143,3,0
143,4,0
143,5,0
143,6,0
143,7,0
143,8,0
143,9,0
143,10,0
143,11,1
143,12,0
143,13,0
143,14,0
143,15,1
143,16,0
143,17,0
143,18,0
143,19,0
143,20,0
143,21,0
143,22,0
143,23,0
143,24,0
143,25,0
143,26,0
143,27,1
143,28,0
143,29,1
143,30,0
143,31,0
143,32,0
143,33,0
143,34,0
143,35,1
143,36,0
143,37,0
143,38,0
143,39,0
143,40,1
143,41,0
143,42,0
143,43,0
143,44,0
143,45,0
143,46,0
143,47,0
143,48,0
143,49,0
144,0,0
144,1,0
144,2,0
144,3,0
144,4,0
144,5,0
144,6,0
144,7,0
144,8,0
144,9,0
144,10,0
144,11,0
144,12,0
144,13,0
144,14,0
144,15,1
144,16,0
144,17,0
144,18,0
144,19,0
144,20,0
144,21,1
144,22,0
144,23,1
144,24,0
144,25,1
144,26,0
144,27,0
144,28,0
144,29,0
144,30,0
144,31,0
144,32,1
144,33,1
144,34,0
144,35,0
144,36,0
144,37,0
144,38,0
144,39,0
144,40,0
144,41,0
144,42,0
144,43,0
144,44,0
144,45,0
144,46,0
144,47,0
144,48,0
144,49,0
145,0,0
145,1,0
145,2,0
145,3,1
145,4,0
145,5,1
145,6,0
145,7,0
145,8,0
145,9,0
145,10,0
145,11,0
145,12,1
145,13,1
145,14,0
145,15,1
145,16,0
145,17,1
145,18,0
145,19,0
145,20,1
145,21,0
145,22,0
145,23,0
145,24,0
145,25,0
145,26,0
145,27,0
145,28,1
145,29,0
145,30,0
145,31,0
145,32,0
145,33,1
145,34,0
145,35,0
145,36,0
145,37,0
145,38,0
145,39,0
145,40,0
145,41,0
145,42,0
145,43,0
145,44,0
145,45,0
145,46,0
145,47,0
145,48,0
145,49,0
146,0,0
146,1,0
146,2,1
146,3,1
146,4,0
146,5,0
146,6,0
146,7,0
146,8,0
146,9,0
146,10,0
146,11,1
146,12,0
146,13,1
146,14,0
146,15,0
146,16,0
146,17,0
146,18,1
146,19,0
146,20,1
146,21,0
146,22,0
146,23,0
146,24,0
146,25,0
146,26,0
146,27,1
146,28,1
146,29,0
146,30,0
146,31,0
146,32,0
146,33,1
146,34,0
146,35,0
146,36,0
146,37,0
146,38,0
146,39,0
146,40,0
146,41,0
146,42,1
146,43,1
146,44,1
146,45,0
146,46,0
146,47,1
146,48,1
146,49,0
147,0,0
147,1,0
147,2,0
147,3,0
147,4,0
147,5,0
147,6,0
147,7,0
147,8,0
147,9,0
147,10,0
147,11,0
147,12,1
147,13,0
147,14,0
147,15,0
147,16,0
147,17,0
147,18,0
147,19,0
147,20,0
147,21,0
147,22,0
147,23,0
147,24,0
147,25,0
147,26,0
147,27,0
147,28,0
147,29,0
147,30,1
147,31,1
147,32,0
147,33,1
147,34,0
147,35,1
147,36,0
147,37,0
147,38,0
147,39,0
147,40,0
147,41,0
147,42,0
147,43,0
147,44,1
147,45,1
147,46,0
147,47,0
147,48,1
147,49,0
148,0,1
148,1,1
148,2,1
148,3,0
148,4,0
148,5,1
148,6,1
148,7,0
148,8,1
148,9,0
148,10,0
148,11,1
148,12,0
148,13,0
148,14,0
148,15,0
148,16,0
148,17,1
148,18,0
148,19,0
148,20,0
148,21,0
148,22,0
148,23,0
148,24,1
148,25,1
148,26,0
148,27,1
148,28,0
148,29,0
148,30,1
148,31,0
148,32,0
148,33,1
148,34,0
148,35,0
148,36,0
148,37,0
148,38,0
148,39,0
148,40,0
148,41,1
148,42,0
148,43,0
148,44,0
148,45,1
148,46,0
148,47,0
148,48,0
148,49,0
149,0,0
149,1,0
149,2,0
149,3,1
149,4,0
149,5,1
149,6,0
149,7,0
149,8,1
149,9,0
149,10,1
149,11,0
149,12,1
149,13,0
149,14,1
149,15,1
149,16,0
149,17,0
149,18,0
149,19,0
149,20,0
149,21,0
149,22,0
149,23,0
149,24,0
149,25,0
149,26,0
149,27,0
149,28,1
149,29,0
149,30,0
149,31,0
149,32,0
149,33,0
149,34,0
149,35,0
149,36,0
149,37,0
149,38,1
149,39,0
149,40,0
149,41,0
149,42,0
149,43,0
149,44,0
149,45,0
149,46,0
149,47,0
149,48,0
149,49,0
150,0,0
150,1,1
150,2,0
150,3,1
150,4,1
150,5,0
150,6,1
150,7,0
150,8,0
150,9,0
150,10,0
150,11,1
150,12,0
150,13,0
150,14,0
150,15,1
150,16,0
150,17,0
150,18,0
150,19,0
150,20,0
150,21,1
150,22,1
150,23,0
150,24,0
150,25,0
150,26,0
150,27,0
150,28,0
150,29,1
150,30,0
150,31,0
150,32,0
150,33,0
150,34,0
150,35,0
150,36,0
150,37,0
150,38,0
150,39,0
150,40,0
150,41,0
150,42,0
150,43,0
150,44,1
150,45,0
150,46,0
150,47,0
150,48,0
150,49,0
151,0,1
151,1,1
151,2,0
151,3,0
151,4,0
151,5,0
151,6,1
151,7,0
151,8,0
151,9,0
151,10,0
151,11,0
151,12,1
151,13,0
151,14,0
151,15,0
151,16,0
151,17,1
151,18,0
151,19,0
151,20,0
151,21,0
151,22,1
151,23,0
151,24,0
151,25,1
151,26,0
151,27,0
151,28,0
151,29,0
151,30,0
151,31,0
151,32,0
151,33,1
151,34,0
151,35,0
151,36,0
151,37,0
151,38,0
151,39,0
151,40,0
151,41,1
151,42,0
151,43,0
151,44,0
151,45,0
151,46,0
151,47,1
151,48,0
151,49,0
152,0,0
152,1,0
152,2,0
152,3,1
152,4,1
152,5,0
152,6,0
152,7,0
152,8,0
152,9,0
152,10,0
152,11,0
152,12,1
152,13,0
152,14,0
152,15,1
152,16,0
152,17,0
152,18,0
152,19,0
152,20,0
152,21,1
152,22,1
152,23,1
152,24,0
152,25,0
152,26,0
152,27,1
152,28,1
152,29,1
152,30,0
152,31,0
152,32,0
152,33,1
152,34,0
152,35,0
152,36,0
152,37,0
152,38,1
152,39,0
152,40,0
152,41,0
152,42,1
152,43,0
152,44,0
152,45,0
152,46,0
152,47,0
152,48,0
152,49,0
153,0,1
153,1,1
153,2,1
153,3,1
153,4,0
153,5,0
153,6,0
153,7,0
153,8,1
153,9,0
153,10,1
153,11,0
153,12,0
153,13,0
153,14,0
153,15,0
153,16,0
153,17,0
153,18,0
153,19,0
153,20,0
153,21,0
153,22,0
153,23,0
153,24,0
153,25,0
153,26,0
153,27,0
153,28,0
153,29,0
153,30,1
153,31,0
153,32,0
153,33,0
153,34,0
153,35,0
153,36,0
153,37,0
153,38,1
153,39,1
153,40,1
153,41,1
153,42,1
153,43,0
153,44,0
153,45,0
153,46,0
153,47,0
153,48,0
153,49,0
154,0,0
154,1,1
154,2,1
154,3,0
154,4,0
154,5,0
154,6,0
154,7,0
154,8,1
154,9,0
154,10,0
154,11,1
154,12,0
154,13,0
154,14,0
154,15,0
154,16,0
154,17,0
154,18,0
154,19,0
154,20,0
154,21,1
154,22,1
154,23,0
154,24,0
154,25,0
154,26,1
154,27,0
154,28,0
154,29,0
154,30,0
154,31,1
154,32,0
154,33,1
154,34,0
154,35,0
154,36,0
154,37,1
154,38,0
154,39,0
154,40,0
154,41,1
154,42,1
154,43,0
154,44,0
154,45,0
154,46,0
154,47,0
154,48,0
154,49,0
155,0,0
155,1,1
155,2,0
155,3,0
155,4,0
155,5,0
155,6,0
155,7,0
155,8,0
155,9,0
155,10,0
155,11,0
155,12,0
155,13,0
155,14,0
155,15,0
155,16,0
155,17,0
155,18,0
155,19,0
155,20,0
155,21,0
155,22,1
155,23,0
155,24,0
155,25,0
155,26,0
155,27,0
155,28,0
155,29,0
155,30,1
155,31,0
155,32,0
155,33,1
155,34,0
155,35,0
155,36,0
155,37,0
155,38,0
155,39,1
155,40,0
155,41,0
155,42,1
155,43,0
155,44,1
155,45,0
155,46,0
155,47,0
155,48,0
155,49,0
156,0,0
156,1,0
156,2,1
156,3,0
156,4,0
156,5,1
156,6,0
156,7,0
156,8,0
156,9,0
156,10,0
156,11,0
156,12,0
156,13,0
156,14,0
156,15,0
156,16,0
156,17,0
156,18,1
156,19,0
156,20,0
156,21,1
156,22,0
156,23,0
156,24,0
156,25,1
156,26,0
156,27,0
156,28,0
156,29,0
156,30,0
156,31,0
156,32,0
156,33,0
156,34,0
156,35,0
156,36,0
156,37,0
156,38,0
156,39,0
156,40,0
156,41,0
156,42,0
156,43,0
156,44,1
156,45,0
156,46,0
156,47,0
156,48,1
156,49,0
157,0,0
157,1,0
157,2,0
157,3,0
157,4,0
157,5,0
157,6,0
157,7,0
157,8,0
157,9,0
157,10,0
157,11,0
157,12,0
157,13,0
157,14,0
157,15,0
157,16,0
157,17,0
157,18,1
157,19,0
157,20,0
157,21,0
157,22,0
157,23,0
157,24,0
157,25,0
157,26,0
157,27,0
157,28,0
157,29,1
157,30,0
157,31,0
157,32,0
157,33,1
157,34,0
157,35,0
157,36,0
157,37,0
157,38,0
157,39,0
157,40,0
157,41,0
157,42,1
157,43,1
157,44,0
157,45,0
157,46,1
157,47,1
157,48,0
157,49,0
158,0,0
158,1,1
158,2,1
158,3,1
158,4,0
158,5,0
158,6,0
158,7,0
158,8,0
158,9,0
158,10,1
158,11,1
158,12,0
158,13,0
158,14,0
158,15,1
158,16,0
158,17,0
158,18,0
158,19,0
158,20,0
158,21,0
158,22,0
158,23,0
158,24,0
158,25,0
158,26,1
158,27,0
158,28,0
158,29,0
158,30,0
158,31,0
158,32,0
158,33,1
158,34,0
158,35,0
158,36,0
158,37,1
158,38,0
158,39,0
158,40,0
158,41,0
158,42,0
158,43,1
158,44,0
158,45,0
158,46,0
158,47,1
158,48,0
158,49,0
159,0,1
159,1,0
159,2,0
159,3,0
159,4,0
159,5,0
159,6,0
159,7,0
159,8,1
159,9,0
159,10,0
159,11,0
159,12,0
159,13,0
159,14,1
159,15,0
159,16,0
159,17,0
159,18,0
159,19,0
159,20,1
159,21,1
159,22,0
159,23,0
159,24,1
159,25,0
159,26,0
159,27,0
159,28,0
159,29,0
159,30,0
159,31,0
159,32,0
159,33,1
159,34,0
159,35,0
159,36,0
159,37,0
159,38,0
159,39,0
159,40,0
159,41,0
159,42,0
159,43,0
159,44,1
159,45,0
159,46,0
159,47,1
159,48,0
159,49,0
160,0,0
160,1,0
160,2,0
160,3,0
160,4,0
160,5,0
160,6,0
160,7,0
160,8,0
160,9,0
160,10,0
160,11,0
160,12,0
160,13,0
160,14,0
160,15,1
160,16,0
160,17,0
160,18,0
160,19,0
160,20,0
160,21,0
160,22,1
160,23,0
160,24,1
160,25,1
160,26,1
160,27,0
160,28,0
160,29,0
160,30,1
160,31,0
160,32,1
160,33,0
160,34,0
160,35,0
160,36,0
160,37,0
160,38,0
160,39,1
160,40,0
160,41,0
160,42,0
160,43,0
160,44,0
160,45,0
160,46,0
160,47,1
160,48,0
160,49,0
161,0,1
161,1,0
161,2,0
161,3,0
161,4,1
161,5,0
161,6,0
161,7,1
161,8,0
161,9,0
161,10,0
161,11,0
161,12,0
161,13,0
161,14,0
161,15,1
161,16,0
161,17,1
161,18,0
161,19,0
161,20,0
161,21,1
161,22,0
161,23,0
161,24,0
161,25,0
161,26,0
161,27,0
161,28,0
161,29,1
161,30,0
161,31,0
161,32,0
161,33,0
161,34,0
161,35,0
161,36,0
161,37,0
161,38,0
161,39,0
161,40,0
161,41,1
161,42,0
161,43,0
161,44,1
161,45,1
161,46,0
161,47,0
161,48,1
161,49,0
162,0,1
162,1,1
162,2,1
162,3,1
162,4,0
162,5,1
162,6,0
162,7,0
162,8,0
162,9,1
162,10,1
162,11,0
162,12,0
162,13,0
162,14,0
162,15,0
162,16,0
162,17,0
162,18,0
162,19,0
162,20,0
162,21,0
162,22,1
162,23,1
162,24,0
162,25,0
162,26,0
162,27,0
162,28,0
162,29,0
162,30,0
162,31,0
162,32,1
162,33,0
162,34,0
162,35,0
162,36,0
162,37,0
162,38,0
162,39,0
162,40,0
162,41,0
162,42,0
162,43,0
162,44,1
162,45,0
162,46,0
162,47,1
162,48,0
162,49,0
163,0,0
163,1,0
163,2,0
163,3,1
163,4,0
163,5,0
163,6,0
163,7,0
163,8,0
163,9,0
163,10,1
163,11,0
163,12,0
163,13,0
163,14,0
163,15,1
163,16,0
163,17,0
163,18,0
163,19,0
163,20,1
163,21,0
163,22,0
163,23,0
163,24,0
163,25,1
163,26,0
163,27,0
163,28,0
163,29,0
163,30,1
163,31,0
163,32,0
163,33,0
163,34,0
163,35,0
163,36,0
163,37,0
163,38,1
163,39,1
163,40,0
163,41,1
163,42,0
163,43,1
163,44,0
163,45,0
163,46,0
163,47,0
163,48,0
163,49,1
164,0,0
164,1,0
164,2,0
164,3,1
164,4,0
164,5,0
164,6,0
164,7,0
164,8,0
164,9,0
164,10,0
164,11,0
164,12,0
164,13,0
164,14,1
164,15,0
164,16,0
164,17,0
164,18,0
164,19,0
164,20,0
164,21,0
164,22,0
164,23,0
164,24,1
164,25,1
164,26,0
164,27,0
164,28,0
164,29,0
164,30,0
164,31,0
164,32,0
164,33,0
164,34,1
164,35,0
164,36,1
164,37,0
164,38,0
164,39,0
164,40,0
164,41,0
164,42,0
164,43,1
164,44,0
164,45,0
164,46,0
164,47,0
164,48,0
164,49,0
165,0,0
165,1,0
165,2,0
165,3,0
165,4,0
165,5,0
165,6,0
165,7,0
165,8,1
165,9,0
165,10,1
165,11,0
165,12,0
165,13,0
165,14,0
165,15,0
165,16,0
165,17,1
165,18,0
165,19,0
165,20,1
165,21,0
165,22,1
165,23,0
165,24,0
165,25,1
165,26,0
165,27,0
165,28,0
165,29,0
165,30,0
165,31,0
165,32,0
165,33,0
165,34,0
165,35,0
165,36,0
165,37,0
165,38,0
165,39,0
165,40,0
165,41,0
165,42,0
165,43,0
165,44,0
165,45,0
165,46,1
165,47,0
165,48,1
165,49,0
166,0,0
166,1,0
166,2,0
166,3,0
166,4,0
166,5,0
166,6,0
166,7,0
166,8,0
166,9,0
166,10,0
166,11,0
166,12,0
166,13,0
166,14,0
166,15,0
166,16,1
166,17,0
166,18,1
166,19,0
166,20,0
166,21,0
166,22,0
166,23,0
166,24,0
166,25,1
166,26,1
166,27,0
166,28,1
166,29,0
166,30,0
166,31,0
166,32,0
166,33,0
166,34,0
166,35,0
166,36,0
166,37,0
166,38,0
166,39,1
166,40,0
166,41,1
166,42,0
166,43,0
166,44,0
166,45,1
166,46,0
166,47,0
166,48,1
166,49,0
167,0,0
167,1,1
167,2,0
167,3,0
167,4,0
167,5,1
167,6,0
167,7,1
167,8,0
167,9,0
167,10,0
167,11,0
167,12,0
167,13,0
167,14,0
167,15,0
167,16,1
167,17,0
167,18,0
167,19,0
167,20,0
167,21,0
167,22,0
167,23,0
167,24,0
167,25,0
167,26,0
167,27,0
167,28,0
167,29,0
167,30,0
167,31,0
167,32,0
167,33,0
167,34,0
167,35,0
167,36,0
167,37,1
167,38,0
167,39,0
167,40,0
167,41,0
167,42,0
167,43,0
167,44,0
167,45,0
167,46,0
167,47,0
167,48,0
167,49,0
168,0,0
168,1,0
168,2,1
168,3,0
168,4,0
168,5,0
168,6,0
168,7,0
168,8,0
168,9,0
168,10,0
168,11,1
168,12,0
168,13,0
168,14,0
168,15,0
168,16,0
168,17,0
168,18,0
168,19,0
168,20,0
168,21,0
168,22,1
168,23,0
168,24,0
168,25,0
168,26,0
168,27,0
168,28,0
168,29,0
168,30,1
168,31,0
168,32,0
168,33,0
168,34,0
168,35,1
168,36,0
168,37,0
168,38,0
168,39,0
168,40,0
168,41,0
168,42,0
168,43,0
168,44,0
168,45,0
168,46,0
168,47,0
168,48,1
168,49,0
169,0,0
169,1,0
169,2,0
169,3,0
169,4,0
169,5,1
169,6,0
169,7,0
169,8,0
169,9,1
169,10,0
169,11,1
169,12,0
169,13,0
169,14,0
169,15,0
169,16,0
169,17,0
169,18,0
169,19,0
169,20,0
169,21,0
169,22,1
169,23,0
169,24,0
169,25,0
169,26,0
169,27,0
169,28,0
169,29,0
169,30,0
169,31,1
169,32,0
169,33,0
169,34,0
169,35,0
169,36,0
169,37,0
169,38,0
169,39,0
169,40,0
169,41,0
169,42,0
169,43,0
169,44,1
169,45,1
169,46,0
169,47,0
169,48,0
169,49,0
170,0,0
170,1,0
170,2,1
170,3,0
170,4,0
170,5,0
170,6,0
170,7,0
170,8,0
170,9,0
170,10,0
170,11,0
170,12,0
170,13,0
170,14,1
170,15,1
170,16,0
170,17,1
170,18,0
170,19,0
170,20,0
170,21,0
170,22,1
170,23,0
170,24,0
170,25,0
170,26,0
170,27,0
170,28,0
170,29,0
170,30,0
170,31,0
170,32,0
170,33,1
170,34,0
170,35,0
170,36,0
170,37,0
170,38,0
170,39,0
170,40,0
170,41,0
170,42,0
170,43,0
170,44,0
170,45,0
170,46,0
170,47,1
170,48,0
170,49,0
171,0,0
171,1,0
171,2,0
171,3,1
171,4,0
171,5,1
171,6,0
171,7,0
171,8,1
171,9,0
171,10,1
171,11,0
171,12,0
171,13,0
171,14,0
171,15,0
171,16,0
171,17,1
171,18,0
171,19,0
171,20,0
171,21,0
171,22,1
171,23,1
171,24,0
171,25,0
171,26,0
171,27,0
171,28,0
171,29,0
171,30,0
171,31,0
171,32,0
171,33,1
171,34,0
171,35,1
171,36,0
171,37,0
171,38,1
171,39,0
171,40,0
171,41,1
171,42,0
171,43,0
171,44,1
171,45,0
171,46,0
171,47,0
171,48,0
171,49,0
172,0,0
172,1,0
172,2,0
172,3,0
172,4,0
172,5,0
172,6,0
172,7,0
172,8,0
172,9,0
172,10,1
172,11,1
172,12,0
172,13,0
172,14,0
172,15,1
172,16,0
172,17,0
172,18,1
172,19,0
172,20,0
172,21,1
172,22,0
172,23,0
172,24,0
172,25,0
172,26,0
172,27,0
172,28,1
172,29,0
172,30,1
172,31,0
172,32,0
172,33,0
172,34,0
172,35,0
172,36,0
172,37,0
172,38,0
172,39,0
172,40,0
172,41,0
172,42,0
172,43,0
172,44,0
172,45,0
172,46,0
172,47,0
172,48,0
172,49,0
173,0,1
173,1,0
173,2,0
173,3,0
173,4,0
173,5,0
173,6,1
173,7,0
173,8,0
173,9,0
173,10,1
173,11,0
173,12,1
173,13,1
173,14,0
173,15,1
173,16,0
173,17,0
173,18,0
173,19,0
173,20,0
173,21,0
173,22,0
173,23,0
173,24,1
173,25,1
173,26,0
173,27,0
173,28,0
173,29,0
173,30,0
173,31,1
173,32,0
173,33,1
173,34,0
173,35,0
173,36,1
173,37,0
173,38,1
173,39,0
173,40,0
173,41,0
173,42,0
173,43,0
173,44,0
173,45,1
173,46,0
173,47,0
173,48,0
173,49,0
174,0,1
174,1,0
174,2,0
174,3,1
174,4,0
174,5,0
174,6,0
174,7,0
174,8,1
174,9,0
174,10,1
174,11,0
174,12,1
174,13,1
174,14,0
174,15,1
174,16,0
174,17,0
174,18,0
174,19,0
174,20,0
174,21,1
174,22,1
174,23,0
174,24,0
174,25,1
174,26,0
174,27,0
174,28,1
174,29,0
174,30,0
174,31,1
174,32,0
174,33,0
174,34,0
174,35,0
174,36,0
174,37,0
174,38,0
174,39,0
174,40,0
174,41,0
174,42,0
174,43,0
174,44,0
174,45,1
174,46,1
174,47,0
174,48,0
174,49,0
175,0,0
175,1,0
175,2,1
175,3,0
175,4,0
175,5,0
175,6,0
175,7,0
175,8,0
175,9,0
175,10,0
175,11,0
175,12,1
175,13,0
175,14,1
175,15,0
175,16,0
175,17,0
175,18,0
175,19,0
175,20,0
175,21,0
175,22,1
175,23,0
175,24,0
175,25,0
175,26,0
175,27,0
175,28,0
175,29,0
175,30,0
175,31,1
175,32,0
175,33,0
175,34,0
175,35,0
175,36,0
175,37,0
175,38,0
175,39,0
175,40,0
175,41,0
175,42,0
175,43,0
175,44,0
175,45,0
175,46,0
175,47,0
175,48,0
175,49,0
176,0,0
176,1,0
176,2,0
176,3,0
176,4,1
176,5,1
176,6,0
176,7,0
176,8,0
176,9,0
176,10,0
176,11,1
176,12,1
176,13,0
176,14,0
176,15,0
176,16,0
176,17,1
176,18,0
176,19,0
176,20,1
176,21,0
176,22,0
176,23,0
176,24,0
176,25,0
176,26,1
176,27,0
176,28,0
176,29,0
176,30,0
176,31,1
176,32,0
176,33,1
176,34,1
176,35,0
176,36,0
176,37,0
176,38,0
176,39,0
176,40,0
176,41,1
176,42,0
176,43,1
176,44,0
176,45,0
176,46,0
176,47,1
176,48,0
176,49,0
177,0,0
177,1,0
177,2,0
177,3,0
177,4,0
177,5,0
177,6,1
177,7,0
177,8,0
177,9,0
177,10,0
177,11,0
177,12,0
177,13,0
177,14,0
177,15,0
177,16,0
177,17,0
177,18,1
177,19,0
177,20,0
177,21,0
177,22,0
177,23,0
177,24,0
177,25,0
177,26,0
177,27,1
177,28,0
177,29,0
177,30,0
177,31,1
177,32,0
177,33,0
177,34,0
177,35,1
177,36,0
177,37,0
177,38,0
177,39,0
177,40,0
177,41,0
177,42,0
177,43,0
177,44,1
177,45,0
177,46,0
177,47,0
177,48,0
177,49,1
178,0,0
178,1,0
178,2,0
178,3,0
178,4,0
178,5,1
178,6,0
178,7,0
178,8,0
178,9,0
178,10,1
178,11,0
178,12,1
178,13,0
178,14,0
178,15,0
178,16,0
178,17,0
178,18,1
178,19,0
178,20,0
178,21,1
178,22,0
178,23,1
178,24,1
178,25,0
178,26,0
178,27,0
178,28,0
178,29,0
178,30,0
178,31,0
178,32,0
178,33,0
178,34,0
178,35,0
178,36,0
178,37,0
178,38,0
178,39,1
178,40,0
178,41,0
178,42,0
178,43,0
178,44,0
178,45,0
178,46,0
178,47,0
178,48,0
178,49,0
179,0,0
179,1,1
179,2,0
179,3,1
179,4,0
179,5,0
179,6,0
179,7,0
179,8,0
179,9,0
179,10,0
179,11,1
179,12,1
179,13,0
179,14,0
179,15,0
179,16,0
179,17,0
179,18,0
179,19,0
179,20,0
179,21,1
179,22,1
179,23,0
179,24,1
179,25,1
179,26,0
179,27,0
179,28,0
179,29,0
179,30,0
179,31,0
179,32,0
179,33,0
179,34,0
179,35,1
179,36,0
179,37,0
179,38,0
179,39,1
179,40,0
179,41,0
179,42,0
179,43,0
179,44,1
179,45,0
179,46,0
179,47,0
179,48,0
179,49,0
180,0,0
180,1,1
180,2,1
180,3,1
180,4,0
180,5,1
180,6,0
180,7,0
180,8,0
180,9,0
180,10,1
180,11,0
180,12,0
180,13,0
180,14,0
180,15,0
180,16,0
180,17,0
180,18,1
180,19,0
180,20,1
180,21,0
180,22,0
180,23,0
180,24,0
180,25,0
180,26,0
180,27,0
180,28,0
180,29,1
180,30,0
180,31,0
180,32,1
180,33,0
180,34,0
180,35,0
180,36,0
180,37,1
180,38,0
180,39,0
180,40,1
180,41,0
180,42,1
180,43,1
180,44,0
180,45,0
180,46,0
180,47,0
180,48,0
180,49,0
181,0,0
181,1,0
181,2,0
181,3,1
181,4,1
181,5,0
181,6,0
181,7,0
181,8,0
181,9,0
181,10,0
181,11,0
181,12,1
181,13,0
181,14,1
181,15,1
181,16,0
181,17,0
181,18,0
181,19,0
181,20,0
181,21,0
181,22,1
181,23,0
181,24,0
181,25,0
181,26,0
181,27,0
181,28,0
181,29,0
181,30,0
181,31,0
181,32,0
181,33,0
181,34,0
181,35,0
181,36,0
181,37,0
181,38,0
181,39,0
181,40,0
181,41,0
181,42,0
181,43,0
181,44,0
181,45,0
181,46,0
181,47,1
181,48,0
181,49,1
182,0,0
182,1,0
182,2,1
182,3,0
182,4,1
182,5,0
182,6,0
182,7,0
182,8,0
182,9,0
182,10,0
182,11,0
182,12,1
182,13,0
182,14,0
182,15,1
182,16,0
182,17,0
182,18,0
182,19,0
182,20,0
182,21,0
182,22,0
182,23,0
182,24,0
182,25,0
182,26,0
182,27,0
182,28,1
182,29,0
182,30,0
182,31,0
182,32,0
182,33,1
182,34,0
182,35,1
182,36,0
182,37,0
182,38,0
182,39,0
182,40,0
182,41,1
182,42,0
182,43,0
182,44,1
182,45,1
182,46,0
182,47,0
182,48,0
182,49,0
183,0,0
183,1,0
183,2,0
183,3,0
183,4,1
183,5,0
183,6,0
183,7,0
183,8,1
183,9,0
183,10,1
183,11,0
183,12,1
183,13,0
183,14,0
183,15,0
183,16,0
183,17,1
183,18,0
183,19,0
183,20,0
183,21,0
183,22,0
183,23,0
183,24,0
183,25,0
183,26,0
183,27,0
183,28,0
183,29,0
183,30,0
183,31,0
183,32,0
183,33,0
183,34,0
183,35,1
183,36,0
183,37,0
183,38,0
183,39,0
183,40,0
183,41,0
183,42,0
183,43,1
183,44,1
183,45,0
183,46,0
183,47,1
183,48,0
183,49,0
184,0,0
184,1,0
184,2,0
184,3,1
184,4,0
184,5,0
184,6,1
184,7,0
184,8,0
184,9,0
184,10,0
184,11,1
184,12,1
184,13,1
184,14,0
184,15,1
184,16,0
184,17,0
184,18,1
184,19,0
184,20,0
184,21,1
184,22,0
184,23,0
184,24,0
184,25,1
184,26,1
184,27,0
184,28,0
184,29,1
184,30,0
184,31,0
184,32,0
184,33,0
184,34,0
184,35,0
184,36,0
184,37,0
184,38,0
184,39,0
184,40,0
184,41,1
184,42,0
184,43,1
184,44,0
184,45,0
184,46,0
184,47,1
184,48,0
184,49,0
185,0,0
185,1,0
185,2,1
185,3,0
185,4,1
185,5,0
185,6,1
185,7,0
185,8,0
185,9,0
185,10,1
185,11,1
185,12,0
185,13,0
185,14,0
185,15,0
185,16,0
185,17,1
185,18,1
185,19,0
185,20,0
185,21,0
185,22,1
185,23,0
185,24,0
185,25,0
185,26,0
185,27,0
185,28,0
185,29,0
185,30,0
185,31,0
185,32,0
185,33,0
185,34,0
185,35,0
185,36,0
185,37,0
185,38,0
185,39,0
185,40,1
185,41,0
185,42,0
185,43,0
185,44,0
185,45,0
185,46,0
185,47,0
185,48,0
185,49,1
186,0,1
186,1,1
186,2,0
186,3,1
186,4,0
186,5,1
186,6,0
186,7,0
186,8,0
186,9,0
186,10,0
186,11,1
186,12,0
186,13,0
186,14,0
186,15,0
186,16,0
186,17,0
186,18,0
186,19,1
186,20,0
186,21,0
186,22,0
186,23,0
186,24,0
186,25,0
186,26,0
186,27,0
186,28,0
186,29,0
186,30,1
186,31,0
186,32,0
186,33,0
186,34,0
186,35,0
186,36,0
186,37,0
186,38,0
186,39,0
186,40,0
186,41,0
186,42,0
186,43,0
186,44,0
186,45,0
186,46,0
186,47,1
186,48,0
186,49,0
187,0,0
187,1,0
187,2,1
187,3,1
187,4,0
187,5,0
187,6,1
187,7,0
187,8,0
187,9,0
187,10,0
187,11,1
187,12,0
187,13,1
187,14,0
187,15,0
187,16,0
187,17,0
187,18,0
187,19,0
187,20,1
187,21,1
187,22,1
187,23,0
187,24,0
187,25,0
187,26,0
187,27,0
187,28,0
187,29,1
187,30,1
187,31,0
187,32,0
187,33,0
187,34,0
187,35,0
187,36,0
187,37,0
187,38,0
187,39,0
187,40,0
187,41,0
187,42,0
187,43,0
187,44,0
187,45,1
187,46,0
187,47,1
187,48,0
187,49,0
188,0,0
188,1,0
188,2,0
188,3,0
188,4,0
188,5,0
188,6,0
188,7,0
188,8,1
188,9,0
188,10,0
188,11,0
188,12,0
188,13,0
188,14,0
188,15,1
188,16,0
188,17,0
188,18,0
188,19,0
188,20,0
188,21,0
188,22,0
188,23,0
188,24,0
188,25,1
188,26,0
188,27,0
188,28,0
188,29,0
188,30,0
188,31,0
188,32,0
188,33,1
188,34,0
188,35,1
188,36,0
188,37,0
188,38,0
188,39,0
188,40,0
188,41,0
188,42,0
188,43,0
188,44,0
188,45,0
188,46,0
188,47,1
188,48,0
188,49,0
189,0,0
189,1,0
189,2,0
189,3,0
189,4,0
189,5,0
189,6,0
189,7,0
189,8,0
189,9,0
189,10,0
189,11,1
189,12,0
189,13,0
189,14,0
189,15,0
189,16,0
189,17,1
189,18,1
189,19,0
189,20,0
189,21,1
189,22,1
189,23,0
189,24,0
189,25,1
189,26,0
189,27,0
189,28,0
189,29,0
189,30,0
189,31,0
189,32,0
189,33,0
189,34,0
189,35,0
189,36,1
189,37,0
189,38,0
189,39,0
189,40,0
189,41,0
189,42,0
189,43,0
189,44,0
189,45,0
189,46,0
189,47,1
189,48,0
189,49,0
190,0,1
190,1,0
190,2,1
190,3,0
190,4,0
190,5,0
190,6,1
190,7,0
190,8,1
190,9,0
190,10,0
190,11,0
190,12,0
190,13,0
190,14,1
190,15,0
190,16,0
190,17,0
190,18,1
190,19,0
190,20,0
190,21,1
190,22,0
190,23,0
190,24,1
190,25,0
190,26,0
190,27,0
190,28,0
190,29,1
190,30,0
190,31,0
190,32,0
190,33,0
190,34,0
190,35,0
190,36,0
190,37,0
190,38,0
190,39,0
190,40,0
190,41,0
190,42,0
190,43,0
190,44,0
190,45,0
190,46,0
190,47,0
190,48,0
190,49,1
191,0,1
191,1,0
191,2,0
191,3,0
191,4,1
191,5,0
191,6,0
191,7,0
191,8,1
191,9,0
191,10,0
191,11,1
191,12,0
191,13,0
191,14,0
191,15,0
191,16,0
191,17,0
191,18,1
191,19,0
191,20,1
191,21,1
191,22,1
191,23,0
191,24,0
191,25,0
191,26,0
191,27,0
191,28,0
191,29,0
191,30,0
191,31,0
191,32,0
191,33,0
191,34,0
191,35,0
191,36,0
191,37,0
191,38,0
191,39,0
191,40,0
191,41,0
191,42,1
191,43,0
191,44,0
191,45,0
191,46,0
191,47,0
191,48,0
191,49,0
192,0,0
192,1,0
192,2,0
192,3,0
192,4,0
192,5,0
192,6,0
192,7,0
192,8,0
192,9,0
192,10,0
192,11,1
192,12,0
192,13,0
192,14,0
192,15,0
192,16,1
192,17,0
192,18,0
192,19,0
192,20,0
192,21,0
192,22,0
192,23,0
192,24,0
192,25,0
192,26,0
192,27,1
192,28,0
192,29,1
192,30,0
192,31,1
192,32,1
192,33,0
192,34,1
192,35,0
192,36,0
192,37,0
192,38,0
192,39,1
192,40,0
192,41,0
192,42,1
192,43,0
192,44,0
192,45,0
192,46,0
192,47,0
192,48,0
192,49,0
193,0,1
193,1,0
193,2,1
193,3,1
193,4,1
193,5,0
193,6,0
193,7,0
193,8,1
193,9,0
193,10,0
193,11,1
193,12,0
193,13,0
193,14,1
193,15,0
193,16,0
193,17,0
193,18,1
193,19,0
193,20,0
193,21,0
193,22,0
193,23,0
193,24,1
193,25,1
193,26,0
193,27,0
193,28,0
193,29,0
193,30,0
193,31,0
193,32,0
193,33,0
193,34,0
193,35,0
193,36,0
193,37,0
193,38,0
193,39,0
193,40,0
193,41,0
193,42,0
193,43,0
193,44,1
193,45,1
193,46,0
193,47,0
193,48,1
193,49,1
194,0,1
194,1,0
194,2,0
194,3,1
194,4,1
194,5,0
194,6,0
194,7,1
194,8,0
194,9,1
194,10,0
194,11,0
194,12,0
194,13,0
194,14,1
194,15,0
194,16,0
194,17,0
194,18,0
194,19,0
194,20,0
194,21,1
194,22,0
194,23,0
194,24,0
194,25,0
194,26,1
194,27,0
194,28,0
194,29,0
194,30,0
194,31,0
194,32,0
194,33,0
194,34,0
194,35,0
194,36,0
194,37,0
194,38,0
194,39,0
194,40,0
194,41,1
194,42,0
194,43,0
194,44,0
194,45,0
194,46,0
194,47,0
194,48,0
194,49,0
195,0,0
195,1,0
195,2,1
195,3,0
195,4,0
195,5,0
195,6,0
195,7,0
195,8,0
195,9,0
195,10,0
195,11,0
195,12,0
195,13,0
195,14,0
195,15,1
195,16,0
195,17,0
195,18,0
195,19,0
195,20,0
195,21,0
195,22,1
195,23,0
195,24,1
195,25,0
195,26,0
195,27,0
195,28,1
195,29,0
195,30,0
195,31,1
195,32,1
195,33,1
195,34,0
195,35,0
195,36,0
195,37,0
195,38,0
195,39,1
195,40,0
195,41,0
195,42,0
195,43,0
195,44,1
195,45,1
195,46,0
195,47,1
195,48,0
195,49,0
196,0,0
196,1,0
196,2,0
196,3,0
196,4,0
196,5,0
196,6,1
196,7,0
196,8,0
196,9,0
196,10,1
196,11,0
196,12,1
196,13,0
196,14,0
196,15,0
196,16,1
196,17,0
196,18,0
196,19,0
196,20,0
196,21,0
196,22,0
196,23,1
196,24,0
196,25,0
196,26,0
196,27,0
196,28,0
196,29,0
196,30,0
196,31,1
196,32,0
196,33,1
196,34,0
196,35,0
196,36,0
196,37,0
196,38,0
196,39,0
196,40,0
196,41,0
196,42,1
196,43,0
196,44,0
196,45,0
196,46,0
196,47,0
196,48,0
196,49,0
197,0,1
197,1,0
197,2,1
197,3,0
197,4,1
197,5,0
197,6,1
197,7,0
197,8,0
197,9,0
197,10,0
197,11,1
197,12,0
197,13,0
197,14,1
197,15,0
197,16,0
197,17,0
197,18,0
197,19,0
197,20,0
197,21,0
197,22,0
197,23,0
197,24,0
197,25,0
197,26,0
197,27,1
197,28,0
197,29,0
197,30,0
197,31,0
197,32,1
197,33,0
197,34,0
197,35,1
197,36,0
197,37,0
197,38,0
197,39,0
197,40,0
197,41,0
197,42,0
197,43,0
197,44,0
197,45,0
197,46,0
197,47,0
197,48,0
197,49,0
198,0,0
198,1,0
198,2,0
198,3,0
198,4,0
198,5,0
198,6,0
198,7,0
198,8,0
198,9,0
198,10,0
198,11,0
198,12,1
198,13,0
198,14,0
198,15,0
198,16,0
198,17,0
198,18,1
198,19,0
198,20,0
198,21,1
198,22,0
198,23,1
198,24,0
198,25,0
198,26,1
198,27,0
198,28,0
198,29,0
198,30,0
198,31,0
198,32,0
198,33,0
198,34,0
198,35,0
198,36,0
198,37,0
198,38,1
198,39,1
198,40,0
198,41,1
198,42,0
198,43,0
198,44,0
198,45,0
198,46,0
198,47,0
198,48,0
198,49,0
199,0,0
199,1,0
199,2,0
199,3,0
199,4,0
199,5,1
199,6,0
199,7,1
199,8,0
199,9,0
199,10,1
199,11,0
199,12,0
199,13,0
199,14,0
199,15,0
199,16,0
199,17,0
199,18,0
199,19,0
199,20,1
199,21,1
199,22,1
199,23,0
199,24,0
199,25,0
199,26,0
199,27,0
199,28,0
199,29,0
199,30,0
199,31,0
199,32,0
199,33,0
199,34,0
199,35,1
199,36,0
199,37,1
199,38,0
199,39,0
199,40,0
199,41,0
199,42,0
199,43,1
199,44,1
199,45,0
199,46,0
199,47,0
199,48,0
199,49,0
200,0,0
200,1,0
200,2,1
200,3,0
200,4,0
200,5,1
200,6,0
200,7,0
200,8,0
200,9,0
200,10,0
200,11,0
200,12,0
200,13,0
200,14,0
200,15,0
200,16,0
200,17,1
200,18,0
200,19,0
200,20,0
200,21,1
200,22,1
200,23,1
200,24,0
200,25,0
200,26,0
200,27,0
200,28,0
200,29,0
200,30,0
200,31,0
200,32,1
200,33,0
200,34,0
200,35,0
200,36,0
200,37,0
200,38,0
200,39,0
200,40,0
200,41,0
200,42,0
200,43,0
200,44,1
200,45,0
200,46,0
200,47,0
200,48,0
200,49,1
201,0,0
201,1,0
201,2,0
201,3,0
201,4,0
201,5,0
201,6,1
201,7,0
201,8,0
201,9,0
201,10,1
201,11,1
201,12,0
201,13,0
201,14,0
201,15,0
201,16,0
201,17,0
201,18,0
201,19,1
201,20,0
201,21,0
201,22,0
201,23,0
201,24,0
201,25,0
201,26,1
201,27,0
201,28,0
201,29,0
201,30,1
201,31,0
201,32,0
201,33,0
201,34,0
201,35,0
201,36,0
201,37,0
201,38,0
201,39,1
201,40,1
201,41,0
201,42,0
201,43,1
201,44,0
201,45,0
201,46,0
201,47,0
201,48,0
201,49,0
202,0,1
202,1,1
202,2,0
202,3,1
202,4,1
202,5,1
202,6,0
202,7,0
202,8,0
202,9,0
202,10,0
202,11,1
202,12,1
202,13,0
202,14,0
202,15,1
202,16,0
202,17,0
202,18,0
202,19,0
202,20,0
202,21,0
202,22,1
202,23,0
202,24,0
202,25,0
202,26,0
202,27,1
202,28,0
202,29,0
202,30,0
202,31,0
202,32,0
202,33,1
202,34,0
202,35,0
202,36,0
202,37,1
202,38,0
202,39,0
202,40,0
202,41,1
202,42,0
202,43,0
202,44,1
202,45,1
202,46,0
202,47,0
202,48,0
202,49,0
203,0,1
203,1,1
203,2,0
203,3,1
203,4,0
203,5,1
203,6,1
203,7,0
203,8,0
203,9,0
203,10,0
203,11,1
203,12,0
203,13,0
203,14,0
203,15,0
203,16,0
203,17,0
203,18,1
203,19,0
203,20,0
203,21,1
203,22,1
203,23,0
203,24,1
203,25,1
203,26,0
203,27,0
203,28,0
203,29,1
203,30,0
203,31,0
203,32,0
203,33,0
203,34,0
203,35,0
203,36,0
203,37,0
203,38,0
203,39,0
203,40,0
203,41,0
203,42,0
203,43,1
203,44,1
203,45,0
203,46,0
203,47,0
203,48,1
203,49,0
204,0,1
204,1,0
204,2,0
204,3,1
204,4,0
204,5,0
204,6,0
204,7,0
204,8,0
204,9,1
204,10,0
204,11,0
204,12,0
204,13,0
204,14,1
204,15,1
204,16,0
204,17,0
204,18,0
204,19,0
204,20,0
204,21,0
204,22,0
204,23,0
204,24,0
204,25,0
204,26,1
204,27,0
204,28,0
204,29,1
204,30,1
204,31,0
204,32,0
204,33,0
204,34,0
204,35,0
204,36,0
204,37,0
204,38,0
204,39,0
204,40,0
204,41,0
204,42,1
204,43,0
204,44,0
204,45,1
204,46,0
204,47,0
204,48,0
204,49,0
205,0,1
205,1,0
205,2,1
205,3,1
205,4,0
205,5,0
205,6,0
205,7,0
205,8,1
205,9,0
205,10,0
205,11,0
205,12,0
205,13,0
205,14,0
205,15,0
205,16,0
205,17,0
205,18,0
205,19,0
205,20,0
205,21,1
205,22,1
205,23,1
205,24,1
205,25,0
205,26,0
205,27,0
205,28,0
205,29,0
205,30,0
205,31,1
205,32,1
205,33,0
205,34,0
205,35,0
205,36,1
205,37,0
205,38,1
205,39,0
205,40,0
205,41,0
205,42,0
205,43,0
205,44,0
205,45,1
205,46,0
205,47,0
205,48,0
205,49,1
206,0,0
206,1,0
206,2,1
206,3,0
206,4,0
206,5,0
206,6,0
206,7,0
206,8,1
206,9,0
206,10,1
206,11,0
206,12,0
206,13,0
206,14,0
206,15,0
206,16,0
206,17,0
206,18,0
206,19,1
206,20,0
206,21,1
206,22,0
206,23,1
206,24,0
206,25,0
206,26,0
206,27,0
206,28,0
206,29,0
206,30,0
206,31,0
206,32,1
206,33,0
206,34,0
206,35,0
206,36,0
206,37,0
206,38,1
206,39,1
206,40,0
206,41,0
206,42,0
206,43,0
206,44,0
206,45,0
206,46,0
206,47,0
206,48,1
206,49,0
207,0,1
207,1,0
207,2,0
207,3,0
207,4,0
207,5,0
207,6,0
207,7,0
207,8,0
207,9,0
207,10,1
207,11,0
207,12,0
207,13,0
207,14,0
207,15,0
207,16,0
207,17,0
207,18,1
207,19,0
207,20,0
207,21,0
207,22,0
207,23,0
207,24,0
207,25,0
207,26,0
207,27,0
207,28,0
207,29,0
207,30,0
207,31,0
207,32,0
207,33,0
207,34,0
207,35,0
207,36,0
207,37,0
207,38,0
207,39,0
207,40,0
207,41,0
207,42,0
207,43,0
207,44,1
207,45,0
207,46,0
207,47,0
207,48,0
207,49,0
208,0,0
208,1,0
208,2,0
208,3,0
208,4,1
208,5,0
208,6,1
208,7,0
208,8,0
208,9,0
208,10,0
208,11,0
208,12,0
208,13,0
208,14,0
208,15,0
208,16,0
208,17,0
208,18,0
208,19,0
208,20,0
208,21,1
208,22,0
208,23,0
208,24,0
208,25,0
208,26,0
208,27,0
208,28,0
208,29,0
208,30,0
208,31,0
208,32,0
208,33,0
208,34,0
208,35,0
208,36,0
208,37,1
208,38,0
208,39,0
208,40,0
208,41,0
208,42,0
208,43,0
208,44,0
208,45,0
208,46,0
208,47,1
208,48,0
208,49,1
209,0,0
209,1,0
209,2,0
209,3,0
209,4,0
209,5,0
209,6,0
209,7,0
209,8,0
209,9,0
209,10,0
209,11,0
209,12,0
209,13,0
209,14,0
209,15,0
209,16,0
209,17,0
209,18,1
209,19,1
209,20,1
209,21,1
209,22,0
209,23,0
209,24,0
209,25,0
209,26,0
209,27,1
209,28,0
209,29,0
209,30,1
209,31,1
209,32,0
209,33,0
209,34,0
209,35,0
209,36,0
209,37,1
209,38,0
209,39,0
209,40,0
209,41,0
209,42,0
209,43,0
209,44,0
209,45,1
209,46,0
209,47,0
209,48,0
209,49,0
210,0,0
210,1,0
210,2,0
210,3,1
210,4,0
210,5,0
210,6,0
210,7,0
210,8,0
210,9,0
210,10,0
210,11,1
210,12,0
210,13,0
210,14,0
210,15,0
210,16,0
210,17,0
210,18,0
210,19,0
210,20,0
210,21,0
210,22,0
210,23,0
210,24,0
210,25,0
210,26,0
210,27,0
210,28,0
210,29,1
210,30,1
210,31,1
210,32,1
210,33,0
210,34,1
210,35,0
210,36,0
210,37,0
210,38,1
210,39,0
210,40,0
210,41,1
210,42,0
210,43,0
210,44,0
210,45,1
210,46,0
210,47,0
210,48,0
210,49,0
211,0,1
211,1,0
211,2,0
211,3,0
211,4,0
211,5,1
211,6,1
211,7,0
211,8,0
211,9,0
211,10,0
211,11,0
211,12,1
211,13,0
211,14,1
211,15,0
211,16,0
211,17,0
211,18,1
211,19,0
211,20,0
211,21,0
211,22,0
211,23,1
211,24,0
211,25,1
211,26,0
211,27,0
211,28,1
211,29,0
211,30,0
211,31,0
211,32,0
211,33,0
211,34,0
211,35,0
211,36,0
211,37,0
211,38,0
211,39,0
211,40,0
211,41,1
211,42,1
211,43,0
211,44,0
211,45,0
211,46,0
211,47,0
211,48,0
211,49,0
212,0,0
212,1,0
212,2,1
212,3,0
212,4,1
212,5,0
212,6,0
212,7,0
212,8,0
212,9,0
212,10,0
212,11,1
212,12,1
212,13,0
212,14,0
212,15,1
212,16,0
212,17,0
212,18,0
212,19,0
212,20,0
212,21,0
212,22,0
212,23,0
212,24,0
212,25,0
212,26,0
212,27,0
212,28,1
212,29,1
212,30,0
212,31,1
212,32,0
212,33,0
212,34,0
212,35,0
212,36,0
212,37,1
212,38,0
212,39,0
212,40,0
212,41,0
212,42,0
212,43,0
212,44,1
212,45,1
212,46,0
212,47,1
212,48,0
212,49,0
213,0,0
213,1,0
213,2,1
213,3,1
213,4,0
213,5,1
213,6,0
213,7,0
213,8,0
213,9,0
213,10,0
213,11,1
213,12,1
213,13,0
213,14,0
213,15,0
213,16,0
213,17,0
213,18,0
213,19,0
213,20,1
213,21,0
213,22,0
213,23,0
213,24,0
213,25,0
213,26,0
213,27,0
213,28,0
213,29,1
213,30,0
213,31,0
213,32,0
213,33,0
213,34,0
213,35,0
213,36,0
213,37,1
213,38,0
213,39,0
213,40,0
213,41,0
213,42,0
213,43,0
213,44,0
213,45,0
213,46,0
213,47,0
213,48,0
213,49,0
214,0,0
214,1,0
214,2,0
214,3,0
214,4,0
214,5,1
214,6,0
214,7,0
214,8,0
214,9,1
214,10,0
214,11,0
214,12,0
214,13,0
214,14,0
214,15,0
214,16,0
214,17,0
214,18,0
214,19,0
214,20,0
214,21,0
214,22,1
214,23,0
214,24,0
214,25,0
214,26,0
214,27,0
214,28,0
214,29,0
214,30,1
214,31,0
214,32,1
214,33,1
214,34,0
214,35,1
214,36,0
214,37,0
214,38,1
214,39,1
214,40,0
214,41,0
214,42,0
214,43,0
214,44,1
214,45,0
214,46,1
214,47,0
214,48,0
214,49,0
215,0,1
215,1,0
215,2,0
215,3,0
215,4,1
215,5,0
215,6,0
215,7,0
215,8,0
215,9,0
215,10,0
215,11,0
215,12,0
215,13,0
215,14,0
215,15,0
215,16,0
215,17,0
215,18,0
215,19,1
215,20,0
215,21,0
215,22,0
215,23,0
215,24,0
215,25,0
215,26,0
215,27,0
215,28,0
215,29,1
215,30,0
215,31,0
215,32,0
215,33,0
215,34,0
215,35,0
215,36,0
215,37,0
215,38,0
215,39,1
215,40,0
215,41,0
215,42,1
215,43,1
215,44,1
215,45,0
215,46,0
215,47,0
215,48,0
215,49,0
216,0,1
216,1,0
216,2,0
216,3,0
216,4,1
216,5,1
216,6,1
216,7,0
216,8,1
216,9,0
216,10,1
216,11,0
216,12,0
216,13,0
216,14,1
216,15,1
216,16,0
216,17,0
216,18,0
216,19,0
216,20,0
216,21,0
216,22,1
216,23,0
216,24,1
216,25,0
216,26,0
216,27,0
216,28,0
216,29,0
216,30,0
216,31,0
216,32,0
216,33,0
216,34,0
216,35,0
216,36,1
216,37,0
216,38,0
216,39,0
216,40,0
216,41,0
216,42,0
216,43,0
216,44,0
216,45,0
216,46,0
216,47,1
216,48,0
216,49,1
217,0,0
217,1,1
217,2,0
217,3,0
217,4,0
217,5,1
217,6,0
217,7,0
217,8,0
217,9,0
217,10,1
217,11,0
217,12,0
217,13,0
217,14,0
217,15,0
217,16,0
217,17,1
217,18,0
217,19,0
217,20,0
217,21,0
217,22,0
217,23,0
217,24,0
217,25,0
217,26,0
217,27,0
217,28,0
217,29,0
217,30,0
217,31,0
217,32,1
217,33,0
217,34,1
217,35,0
217,36,0
217,37,0
217,38,1
217,39,0
217,40,0
217,41,0
217,42,1
217,43,0
217,44,0
217,45,1
217,46,0
217,47,0
217,48,1
217,49,0
218,0,0
218,1,1
218,2,0
218,3,0
218,4,1
218,5,0
218,6,1
218,7,1
218,8,1
218,9,0
218,10,0
218,11,1
218,12,0
218,13,0
218,14,1
218,15,1
218,16,0
218,17,0
218,18,0
218,19,0
218,20,0
218,21,1
218,22,0
218,23,0
218,24,1
218,25,1
218,26,0
218,27,0
218,28,0
218,29,0
218,30,0
218,31,1
218,32,0
218,33,1
218,34,0
218,35,1
218,36,0
218,37,0
218,38,0
218,39,0
218,40,0
218,41,1
218,42,0
218,43,0
218,44,0
218,45,0
218,46,0
218,47,0
218,48,1
218,49,0
219,0,0
219,1,0
219,2,0
219,3,0
219,4,0
219,5,0
219,6,0
219,7,0
219,8,0
219,9,0
219,10,0
219,11,0
219,12,1
219,13,0
219,14,1
219,15,0
219,16,0
219,17,0
219,18,0
219,19,0
219,20,0
219,21,0
219,22,1
219,23,0
219,24,0
219,25,0
219,26,0
219,27,0
219,28,0
219,29,1
219,30,0
219,31,0
219,32,0
219,33,0
219,34,1
219,35,0
219,36,0
219,37,0
219,38,0
219,39,0
219,40,0
219,41,0
219,42,0
219,43,1
219,44,0
219,45,0
219,46,0
219,47,0
219,48,0
219,49,0
220,0,0
220,1,0
220,2,1
220,3,1
220,4,0
220,5,1
220,6,0
220,7,0
220,8,0
220,9,0
220,10,0
220,11,1
220,12,1
220,13,0
220,14,0
220,15,0
220,16,0
220,17,0
220,18,1
220,19,0
220,20,1
220,21,1
220,22,1
220,23,0
220,24,0
220,25,0
220,26,0
220,27,1
220,28,1
220,29,0
220,30,0
220,31,0
220,32,0
220,33,0
220,34,0
220,35,0
220,36,0
220,37,0
220,38,0
220,39,0
220,40,0
220,41,0
220,42,0
220,43,0
220,44,0
220,45,0
220,46,1
220,47,0
220,48,0
220,49,0
221,0,0
221,1,0
221,2,0
221,3,0
221,4,0
221,5,1
221,6,0
221,7,0
221,8,1
221,9,0
221,10,0
221,11,0
221,12,0
221,13,0
221,14,0
221,15,0
221,16,0
221,17,1
221,18,0
221,19,0
221,20,1
221,21,0
221,22,0
221,23,0
221,24,0
221,25,0
221,26,0
221,27,0
221,28,0
221,29,0
221,30,1
221,31,0
221,32,0
221,33,0
221,34,0
221,35,0
221,36,0
221,37,0
221,38,0
221,39,1
221,40,0
221,41,1
221,42,0
221,43,0
221,44,1
221,45,0
221,46,0
221,47,0
221,48,0
221,49,0
222,0,0
222,1,0
222,2,1
222,3,0
222,4,1
222,5,0
222,6,0
222,7,0
222,8,1
222,9,0
222,10,0
222,11,0
222,12,0
222,13,1
222,14,0
222,15,0
222,16,0
222,17,0
222,18,1
222,19,0
222,20,0
222,21,0
222,22,1
222,23,0
222,24,0
222,25,1
222,26,1
222,27,0
222,28,0
222,29,0
222,30,0
222,31,0
222,32,0
222,33,0
222,34,1
222,35,0
222,36,0
222,37,1
222,38,0
222,39,0
222,40,0
222,41,0
222,42,0
222,43,0
222,44,0
222,45,0
222,46,1
222,47,1
222,48,0
222,49,0
223,0,0
223,1,0
223,2,0
223,3,1
223,4,0
223,5,0
223,6,0
223,7,0
223,8,0
223,9,0
223,10,0
223,11,0
223,12,0
223,13,0
223,14,0
223,15,0
223,16,0
223,17,0
223,18,0
223,19,0
223,20,0
223,21,0
223,22,1
223,23,0
223,24,0
223,25,0
223,26,0
223,27,0
223,28,0
223,29,0
223,30,1
223,31,0
223,32,0
223,33,1
223,34,0
223,35,1
223,36,0
223,37,0
223,38,0
223,39,0
223,40,0
223,41,0
223,42,0
223,43,0
223,44,0
223,45,0
223,46,0
223,47,0
223,48,0
223,49,0
224,0,0
224,1,0
224,2,1
224,3,0
224,4,0
224,5,0
224,6,0
224,7,0
224,8,0
224,9,0
224,10,0
224,11,0
224,12,1
224,13,0
224,14,1
224,15,0
224,16,0
224,17,1
224,18,0
224,19,0
224,20,1
224,21,0
224,22,0
224,23,0
224,24,0
224,25,0
224,26,1
224,27,0
224,28,0
224,29,0
224,30,0
224,31,0
224,32,0
224,33,0
224,34,0
224,35,0
224,36,0
224,37,1
224,38,0
224,39,0
224,40,0
224,41,0
224,42,0
224,43,0
224,44,0
224,45,1
224,46,0
224,47,0
224,48,0
224,49,0
225,0,1
225,1,0
225,2,1
225,3,0
225,4,0
225,5,0
225,6,0
225,7,0
225,8,0
225,9,0
225,10,0
225,11,0
225,12,0
225,13,1
225,14,1
225,15,0
225,16,0
225,17,0
225,18,1
225,19,0
225,20,1
225,21,0
225,22,0
225,23,0
225,24,0
225,25,0
225,26,0
225,27,0
225,28,0
225,29,0
225,30,0
225,31,0
225,32,0
225,33,0
225,34,0
225,35,0
225,36,0
225,37,0
225,38,0
225,39,0
225,40,0
225,41,0
225,42,0
225,43,1
225,44,0
225,45,0
225,46,0
225,47,0
225,48,1
225,49,0
226,0,0
226,1,0
226,2,0
226,3,0
226,4,1
226,5,0
226,6,0
226,7,0
226,8,1
226,9,0
226,10,1
226,11,0
226,12,0
226,13,0
226,14,1
226,15,1
226,16,1
226,17,0
226,18,0
226,19,1
226,20,0
226,21,1
226,22,0
226,23,0
226,24,0
226,25,0
226,26,0
226,27,0
226,28,0
226,29,0
226,30,1
226,31,0
226,32,0
226,33,0
226,34,0
226,35,0
226,36,0
226,37,0
226,38,1
226,39,0
226,40,0
226,41,0
226,42,1
226,43,1
226,44,0
226,45,0
226,46,0
226,47,0
226,48,0
226,49,0
227,0,0
227,1,1
227,2,0
227,3,1
227,4,0
227,5,0
227,6,0
227,7,0
227,8,0
227,9,0
227,10,0
227,11,1
227,12,0
227,13,0
227,14,0
227,15,0
227,16,0
227,17,0
227,18,0
227,19,0
227,20,1
227,21,0
227,22,0
227,23,0
227,24,0
227,25,0
227,26,0
227,27,0
227,28,0
227,29,0
227,30,0
227,31,0
227,32,0
227,33,0
227,34,0
227,35,0
227,36,0
227,37,0
227,38,0
227,39,0
227,40,0
227,41,0
227,42,0
227,43,0
227,44,0
227,45,1
227,46,0
227,47,0
227,48,0
227,49,0
228,0,1
228,1,0
228,2,0
228,3,0
228,4,0
228,5,0
228,6,1
228,7,0
228,8,0
228,9,0
228,10,0
228,11,0
228,12,1
228,13,0
228,14,1
228,15,0
228,16,0
228,17,1
228,18,0
228,19,0
228,20,0
228,21,1
228,22,0
228,23,1
228,24,0
228,25,0
228,26,0
228,27,0
228,28,1
228,29,0
228,30,0
228,31,0
228,32,0
228,33,1
228,34,0
228,35,0
228,36,0
228,37,1
228,38,0
228,39,0
228,40,0
228,41,0
228,42,0
228,43,0
228,44,0
228,45,0
228,46,0
228,47,1
228,48,0
228,49,0
229,0,1
229,1,0
229,2,1
229,3,1
229,4,1
229,5,0
229,6,0
229,7,0
229,8,0
229,9,0
229,10,0
229,11,1
229,12,0
229,13,0
229,14,0
229,15,0
229,16,0
229,17,1
229,18,0
229,19,0
229,20,0
229,21,0
229,22,0
229,23,0
229,24,0
229,25,1
229,26,0
229,27,0
229,28,0
229,29,1
229,30,0
229,31,0
229,32,0
229,33,1
229,34,0
229,35,0
229,36,0
229,37,0
229,38,0
229,39,0
229,40,1
229,41,0
229,42,0
229,43,0
229,44,0
229,45,0
229,46,0
229,47,0
229,48,0
229,49,0
230,0,0
230,1,0
230,2,0
230,3,1
230,4,1
230,5,0
230,6,0
230,7,0
230,8,0
230,9,0
230,10,1
230,11,0
230,12,0
230,13,0
230,14,0
230,15,0
230,16,0
230,17,0
230,18,0
230,19,0
230,20,0
230,21,0
230,22,0
230,23,1
230,24,0
230,25,1
230,26,1
230,27,0
230,28,0
230,29,1
230,30,0
230,31,0
230,32,0
230,33,1
230,34,0
230,35,1
230,36,0
230,37,0
230,38,0
230,39,0
230,40,0
230,41,1
230,42,1
230,43,0
230,44,0
230,45,0
230,46,0
230,47,1
230,48,0
230,49,0
231,0,0
231,1,0
231,2,0
231,3,1
231,4,0
231,5,1
231,6,0
231,7,0
231,8,1
231,9,0
231,10,0
231,11,0
231,12,0
231,13,0
231,14,0
231,15,0
231,16,0
231,17,0
231,18,0
231,19,0
231,20,0
231,21,0
231,22,0
231,23,0
231,24,0
231,25,1
231,26,0
231,27,0
231,28,0
231,29,0
231,30,0
231,31,0
231,32,0
231,33,0
231,34,0
231,35,0
231,36,0
231,37,0
231,38,0
231,39,1
231,40,0
231,41,0
231,42,0
231,43,0
231,44,0
231,45,0
231,46,0
231,47,0
231,48,0
231,49,0
232,0,0
232,1,0
232,2,0
232,3,0
232,4,0
232,5,0
232,6,0
232,7,0
232,8,0
232,9,1
232,10,0
232,11,0
232,12,0
232,13,0
232,14,0
232,15,0
232,16,0
232,17,0
232,18,1
232,19,0
232,20,1
232,21,0
232,22,0
232,23,0
232,24,0
232,25,0
232,26,0
232,27,0
232,28,0
232,29,0
232,30,1
232,31,0
232,32,0
232,33,1
232,34,0
232,35,0
232,36,0
232,37,0
232,38,0
232,39,1
232,40,0
232,41,0
232,42,1
232,43,0
232,44,1
232,45,0
232,46,1
232,47,0
232,48,0
232,49,0
233,0,0
233,1,1
233,2,1
233,3,0
233,4,0
233,5,0
233,6,0
233,7,0
233,8,0
233,9,0
233,10,0
233,11,0
233,12,0
233,13,0
233,14,1
233,15,1
233,16,0
233,17,0
233,18,0
233,19,0
233,20,1
233,21,1
233,22,0
233,23,0
233,24,0
233,25,0
233,26,0
233,27,0
233,28,1
233,29,0
233,30,0
233,31,0
233,32,0
233,33,1
233,34,1
233,35,0
233,36,0
233,37,0
233,38,0
233,39,1
233,40,0
233,41,0
233,42,0
233,43,0
233,44,0
233,45,0
233,46,0
233,47,1
233,48,0
233,49,0
234,0,0
234,1,0
234,2,0
234,3,0
234,4,0
234,5,1
234,6,1
234,7,0
234,8,0
234,9,0
234,10,0
234,11,1
234,12,0
234,13,0
234,14,0
234,15,0
234,16,0
234,17,0
234,18,1
234,19,0
234,20,1
234,21,1
234,22,1
234,23,0
234,24,1
234,25,1
234,26,0
234,27,0
234,28,0
234,29,0
234,30,1
234,31,0
234,32,1
234,33,0
234,34,0
234,35,1
234,36,0
234,37,1
234,38,0
234,39,0
234,40,0
234,41,0
234,42,0
234,43,0
234,44,0
234,45,0
234,46,0
234,47,0
234,48,0
234,49,0
235,0,0
235,1,0
235,2,0
235,3,0
235,4,0
235,5,0
235,6,1
235,7,0
235,8,0
235,9,0
235,10,1
235,11,0
235,12,0
235,13,0
235,14,0
235,15,1
235,16,0
235,17,0
235,18,0
235,19,1
235,20,0
235,21,0
235,22,1
235,23,0
235,24,0
235,25,1
235,26,0
235,27,0
235,28,1
235,29,0
235,30,0
235,31,0
235,32,1
235,33,0
235,34,0
235,35,0
235,36,0
235,37,0
235,38,0
235,39,0
235,40,0
235,41,0
235,42,0
235,43,0
235,44,1
235,45,0
235,46,0
235,47,0
235,48,0
235,49,0
236,0,0
236,1,0
236,2,0
236,3,0
236,4,0
236,5,0
236,6,0
236,7,0
236,8,1
236,9,0
236,10,0
236,11,1
236,12,0
236,13,0
236,14,1
236,15,0
236,16,0
236,17,0
236,18,0
236,19,0
236,20,0
236,21,1
236,22,1
236,23,0
236,24,0
236,25,0
236,26,0
236,27,0
236,28,0
236,29,0
236,30,0
236,31,1
236,32,1
236,33,0
236,34,0
236,35,0
236,36,0
236,37,0
236,38,0
236,39,0
236,40,0
236,41,0
236,42,1
236,43,0
236,44,0
236,45,0
236,46,0
236,47,0
236,48,0
236,49,0
237,0,1
237,1,1
237,2,0
237,3,0
237,4,0
237,5,0
237,6,1
237,7,0
237,8,1
237,9,0
237,10,1
237,11,0
237,12,1
237,13,1
237,14,0
237,15,1
237,16,0
237,17,0
237,18,0
237,19,0
237,20,1
237,21,0
237,22,0
237,23,0
237,24,0
237,25,0
237,26,0
237,27,0
237,28,1
237,29,0
237,30,0
237,31,0
237,32,0
237,33,0
237,34,0
237,35,1
237,36,0
237,37,1
237,38,0
237,39,0
237,40,0
237,41,1
237,42,0
237,43,0
237,44,0
237,45,0
237,46,0
237,47,0
237,48,1
237,49,0
238,0,1
238,1,0
238,2,1
238,3,0
238,4,0
238,5,0
238,6,1
238,7,0
238,8,1
238,9,0
238,10,0
238,11,0
238,12,1
238,13,0
238,14,1
238,15,1
238,16,0
238,17,0
238,18,0
238,19,0
238,20,0
238,21,0
238,22,0
238,23,0
238,24,0
238,25,0
238,26,0
238,27,0
238,28,1
238,29,0
238,30,0
238,31,0
238,32,0
238,33,0
238,34,0
238,35,0
238,36,0
238,37,0
238,38,1
238,39,1
238,40,0
238,41,0
238,42,0
238,43,0
238,44,0
238,45,0
238,46,0
238,47,1
238,48,1
238,49,0
239,0,0
239,1,0
239,2,0
239,3,0
239,4,0
239,5,0
239,6,0
239,7,0
239,8,0
239,9,0
239,10,0
239,11,0
239,12,0
239,13,0
239,14,0
239,15,1
239,16,0
239,17,0
239,18,0
239,19,0
239,20,0
239,21,0
239,22,0
239,23,0
239,24,0
239,25,0
239,26,0
239,27,1
239,28,0
239,29,0
239,30,1
239,31,0
239,32,0
239,33,1
239,34,0
239,35,0
239,36,0
239,37,0
239,38,0
239,39,0
239,40,1
239,41,0
239,42,0
239,43,0
239,44,0
239,45,1
239,46,0
239,47,0
239,48,0
239,49,0
240,0,0
240,1,0
240,2,1
240,3,1
240,4,0
240,5,0
240,6,0
240,7,0
240,8,1
240,9,0
240,10,0
240,11,1
240,12,1
240,13,0
240,14,0
240,15,0
240,16,0
240,17,0
240,18,0
240,19,0
240,20,1
240,21,1
240,22,0
240,23,0
240,24,0
240,25,0
240,26,0
240,27,0
240,28,0
240,29,0
240,30,0
240,31,0
240,32,0
240,33,0
240,34,0
240,35,1
240,36,0
240,37,0
240,38,0
240,39,0
240,40,0
240,41,0
240,42,0
240,43,0
240,44,0
240,45,0
240,46,0
240,47,0
240,48,1
240,49,1
241,0,1
241,1,1
241,2,0
241,3,0
241,4,0
241,5,0
241,6,0
241,7,0
241,8,0
241,9,0
241,10,0
241,11,1
241,12,1
241,13,1
241,14,1
241,15,1
241,16,0
241,17,0
241,18,0
241,19,0
241,20,1
241,21,1
241,22,0
241,23,1
241,24,0
241,25,0
241,26,0
241,27,1
241,28,0
241,29,0
241,30,0
241,31,0
241,32,0
241,33,0
241,34,0
241,35,0
241,36,0
241,37,0
241,38,0
241,39,0
241,40,0
241,41,0
241,42,0
241,43,0
241,44,0
241,45,0
241,46,0
241,47,1
241,48,0
241,49,1
242,0,0
242,1,0
242,2,1
242,3,0
242,4,1
242,5,1
242,6,0
242,7,0
242,8,1
242,9,0
242,10,0
242,11,0
242,12,0
242,13,0
242,14,0
242,15,1
242,16,0
242,17,0
242,18,0
242,19,0
242,20,0
242,21,0
242,22,0
242,23,0
242,24,0
242,25,0
242,26,1
242,27,0
242,28,0
242,29,1
242,30,0
242,31,0
242,32,0
242,33,0
242,34,0
242,35,0
242,36,0
242,37,0
242,38,1
242,39,1
242,40,0
242,41,0
242,42,0
242,43,1
242,44,0
242,45,0
242,46,0
242,47,0
242,48,1
242,49,0
243,0,0
243,1,0
243,2,1
243,3,0
243,4,0
243,5,0
243,6,0
243,7,0
243,8,0
243,9,0
243,10,0
243,11,1
243,12,0
243,13,0
243,14,0
243,15,1
243,16,0
243,17,0
243,18,0
243,19,0
243,20,0
243,21,0
243,22,0
243,23,0
243,24,0
243,25,0
243,26,0
243,27,0
243,28,0
243,29,0
243,30,1
243,31,0
243,32,0
243,33,0
243,34,0
243,35,0
243,36,0
243,37,0
243,38,0
243,39,0
243,40,0
243,41,1
243,42,0
243,43,0
243,44,1
243,45,0
243,46,0
243,47,0
243,48,0
243,49,0
244,0,0
244,1,0
244,2,0
244,3,0
244,4,0
244,5,0
244,6,1
244,7,0
244,8,0
244,9,0
244,10,0
244,11,1
244,12,1
244,13,1
244,14,0
244,15,0
244,16,0
244,17,1
244,18,0
244,19,1
244,20,0
244,21,0
244,22,1
244,23,0
244,24,0
244,25,0
244,26,0
244,27,0
244,28,0
244,29,0
244,30,0
244,31,0
244,32,0
244,33,0
244,34,0
244,35,0
244,36,0
244,37,0
244,38,1
244,39,0
244,40,0
244,41,0
244,42,0
244,43,1
244,44,1
244,45,0
244,46,0
244,47,1
244,48,0
244,49,0
245,0,0
245,1,0
245,2,0
245,3,0
245,4,0
245,5,1
245,6,0
245,7,0
245,8,0
245,9,0
245,10,0
245,11,0
245,12,0
245,13,0
245,14,0
245,15,0
245,16,0
245,17,0
245,18,0
245,19,0
245,20,1
245,21,0
245,22,0
245,23,0
245,24,0
245,25,0
245,26,0
245,27,0
245,28,0
245,29,0
245,30,0
245,31,0
245,32,0
245,33,0
245,34,0
245,35,0
245,36,1
245,37,0
245,38,0
245,39,0
245,40,0
245,41,0
245,42,0
245,43,1
245,44,1
245,45,0
245,46,0
245,47,0
245,48,0
245,49,0
246,0,0
246,1,0
246,2,0
246,3,0
246,4,1
246,5,0
246,6,0
246,7,0
246,8,1
246,9,0
246,10,0
246,11,0
246,12,0
246,13,0
246,14,0
246,15,0
246,16,1
246,17,0
246,18,0
246,19,0
246,20,0
246,21,0
246,22,0
246,23,1
246,24,0
246,25,0
246,26,0
246,27,0
246,28,0
246,29,0
246,30,0
246,31,0
246,32,0
246,33,1
246,34,0
246,35,0
246,36,1
246,37,0
246,38,0
246,39,1
246,40,0
246,41,0
246,42,0
246,43,0
246,44,0
246,45,0
246,46,1
246,47,0
246,48,0
246,49,1
247,0,0
247,1,0
247,2,0
247,3,0
247,4,0
247,5,0
247,6,0
247,7,1
247,8,0
247,9,0
247,10,0
247,11,0
247,12,0
247,13,0
247,14,1
247,15,1
247,16,0
247,17,0
247,18,0
247,19,0
247,20,1
247,21,1
247,22,1
247,23,0
247,24,0
247,25,0
247,26,0
247,27,0
247,28,0
247,29,0
247,30,0
247,31,1
247,32,0
247,33,0
247,34,1
247,35,0
247,36,0
247,37,0
247,38,0
247,39,0
247,40,0
247,41,1
247,42,0
247,43,0
247,44,0
247,45,0
247,46,0
247,47,0
247,48,0
247,49,0
248,0,0
248,1,1
248,2,0
248,3,0
248,4,0
248,5,0
248,6,0
248,7,0
248,8,1
248,9,0
248,10,0
248,11,0
248,12,0
248,13,0
248,14,1
248,15,1
248,16,0
248,17,1
248,18,0
248,19,0
248,20,0
248,21,0
248,22,1
248,23,0
248,24,0
248,25,1
248,26,0
248,27,0
248,28,0
248,29,0
248,30,0
248,31,0
248,32,0
248,33,0
248,34,0
248,35,0
248,36,0
248,37,0
248,38,0
248,39,0
248,40,0
248,41,0
248,42,1
248,43,1
248,44,1
248,45,0
248,46,0
248,47,0
248,48,0
248,49,0
249,0,0
249,1,1
249,2,0
249,3,0
249,4,0
249,5,0
249,6,0
249,7,0
249,8,0
249,9,0
249,10,0
249,11,0
249,12,0
249,13,0
249,14,0
249,15,1
249,16,0
249,17,0
249,18,1
249,19,1
249,20,0
249,21,0
249,22,0
249,23,0
249,24,0
249,25,0
249,26,0
249,27,0
249,28,0
249,29,0
249,30,0
249,31,0
249,32,0
249,33,1
249,34,0
249,35,1
249,36,0
249,37,0
249,38,0
249,39,0
249,40,0
249,41,0
249,42,0
249,43,0
249,44,0
249,45,0
249,46,0
249,47,0
249,48,1
249,49,0
250,0,0
250,1,1
250,2,0
250,3,1
250,4,1
250,5,0
250,6,1
250,7,0
250,8,0
250,9,0
250,10,0
250,11,0
250,12,1
250,13,0
250,14,0
250,15,0
250,16,0
250,17,0
250,18,0
250,19,1
250,20,0
250,21,0
250,22,1
250,23,0
250,24,0
250,25,0
250,26,0
250,27,0
250,28,0
250,29,0
250,30,0
250,31,0
250,32,0
250,33,0
250,34,0
250,35,1
250,36,0
250,37,0
250,38,0
250,39,0
250,40,0
250,41,1
250,42,0
250,43,0
250,44,1
250,45,0
250,46,0
250,47,0
250,48,0
250,49,0
251,0,0
251,1,0
251,2,0
251,3,0
251,4,1
251,5,0
251,6,0
251,7,1
251,8,0
251,9,0
251,10,1
251,11,0
251,12,0
251,13,0
251,14,0
251,15,1
251,16,0
251,17,0
251,18,1
251,19,1
251,20,1
251,21,0
251,22,1
251,23,1
251,24,0
251,25,0
251,26,0
251,27,0
251,28,0
251,29,0
251,30,0
251,31,0
251,32,0
251,33,0
251,34,0
251,35,0
251,36,0
251,37,0
251,38,0
251,39,1
251,40,0
251,41,0
251,42,1
251,43,0
251,44,1
251,45,1
251,46,0
251,47,0
251,48,0
251,49,0
252,0,0
252,1,1
252,2,0
252,3,1
252,4,0
252,5,0
252,6,0
252,7,0
252,8,1
252,9,0
252,10,0
252,11,1
252,12,1
252,13,0
252,14,0
252,15,1
252,16,0
252,17,1
252,18,0
252,19,0
252,20,1
252,21,0
252,22,0
252,23,0
252,24,0
252,25,0
252,26,1
252,27,0
252,28,1
252,29,0
252,30,1
252,31,0
252,32,1
252,33,1
252,34,0
252,35,0
252,36,0
252,37,0
252,38,0
252,39,0
252,40,0
252,41,1
252,42,0
252,43,1
252,44,0
252,45,1
252,46,0
252,47,0
252,48,0
252,49,0
253,0,1
253,1,0
253,2,0
253,3,0
253,4,0
253,5,0
253,6,0
253,7,0
253,8,0
253,9,0
253,10,0
253,11,1
253,12,0
253,13,0
253,14,0
253,15,1
253,16,0
253,17,0
253,18,1
253,19,0
253,20,0
253,21,0
253,22,0
253,23,0
253,24,0
253,25,0
253,26,0
253,27,0
253,28,0
253,29,0
253,30,1
253,31,0
253,32,0
253,33,0
253,34,0
253,35,0
253,36,1
253,37,0
253,38,0
253,39,0
253,40,0
253,41,1
253,42,1
253,43,1
253,44,0
253,45,0
253,46,0
253,47,0
253,48,0
253,49,0
254,0,0
254,1,0
254,2,0
254,3,0
254,4,0
254,5,0
254,6,1
254,7,0
254,8,0
254,9,0
254,10,0
254,11,0
254,12,1
254,13,0
254,14,0
254,15,0
254,16,0
254,17,0
254,18,0
254,19,0
254,20,1
254,21,1
254,22,0
254,23,0
254,24,0
254,25,0
254,26,1
254,27,0
254,28,0
254,29,0
254,30,1
254,31,0
254,32,0
254,33,0
254,34,0
254,35,0
254,36,0
254,37,0
254,38,0
254,39,0
254,40,0
254,41,0
254,42,0
254,43,0
254,44,1
254,45,0
254,46,0
254,47,0
254,48,1
254,49,0
255,0,0
255,1,0
255,2,1
255,3,1
255,4,0
255,5,0
255,6,1
255,7,1
255,8,0
255,9,0
255,10,0
255,11,0
255,12,1
255,13,0
255,14,0
255,15,0
255,16,0
255,17,0
255,18,0
255,19,1
255,20,0
255,21,1
255,22,1
255,23,0
255,24,0
255,25,0
255,26,0
255,27,0
255,28,0
255,29,0
255,30,1
255,31,0
255,32,0
255,33,1
255,34,0
255,35,0
255,36,0
255,37,0
255,38,1
255,39,0
255,40,0
255,41,0
255,42,0
255,43,0
255,44,0
255,45,0
255,46,0
255,47,1
255,48,0
255,49,0
256,0,1
256,1,0
256,2,0
256,3,1
256,4,0
256,5,1
256,6,0
256,7,0
256,8,0
256,9,0
256,10,0
256,11,1
256,12,1
256,13,0
256,14,0
256,15,1
256,16,0
256,17,1
256,18,0
256,19,1
256,20,1
256,21,0
256,22,0
256,23,0
256,24,0
256,25,0
256,26,0
256,27,0
256,28,0
256,29,0
256,30,0
256,31,0
256,32,0
256,33,0
256,34,1
256,35,0
256,36,0
256,37,0
256,38,0
256,39,0
256,40,0
256,41,0
256,42,0
256,43,1
256,44,0
256,45,0
256,46,0
256,47,0
256,48,0
256,49,0
257,0,1
257,1,0
257,2,0
257,3,0
257,4,0
257,5,0
257,6,0
257,7,1
257,8,0
257,9,0
257,10,0
257,11,1
257,12,0
257,13,0
257,14,0
257,15,0
257,16,0
257,17,0
257,18,0
257,19,0
257,20,1
257,21,0
257,22,0
257,23,0
257,24,0
257,25,1
257,26,1
257,27,0
257,28,0
257,29,0
257,30,1
257,31,0
257,32,1
257,33,0
257,34,0
257,35,0
257,36,0
257,37,0
257,38,0
257,39,0
257,40,0
257,41,0
257,42,0
257,43,0
257,44,0
257,45,0
257,46,0
257,47,0
257,48,0
257,49,0
258,0,0
258,1,1
258,2,0
258,3,1
258,4,0
258,5,0
258,6,0
258,7,0
258,8,1
258,9,0
258,10,1
258,11,0
258,12,1
258,13,0
258,14,0
258,15,0
258,16,0
258,17,0
258,18,0
258,19,0
258,20,0
258,21,0
258,22,0
258,23,0
258,24,0
258,25,0
258,26,1
258,27,0
258,28,0
258,29,0
258,30,1
258,31,0
258,32,1
258,33,0
258,34,1
258,35,0
258,36,0
258,37,0
258,38,0
258,39,0
258,40,0
258,41,1
258,42,0
258,43,0
258,44,0
258,45,0
258,46,0
258,47,0
258,48,0
258,49,0
259,0,1
259,1,0
259,2,0
259,3,0
259,4,0
259,5,1
259,6,1
259,7,0
259,8,0
259,9,0
259,10,0
259,11,0
259,12,0
259,13,0
259,14,0
259,15,0
259,16,0
259,17,0
259,18,1
259,19,0
259,20,1
259,21,0
259,22,0
259,23,0
259,24,0
259,25,0
259,26,0
259,27,0
259,28,0
259,29,0
259,30,0
259,31,0
259,32,0
259,33,0
259,34,0
259,35,1
259,36,0
259,37,0
259,38,0
259,39,0
259,40,0
259,41,0
259,42,0
259,43,0
259,44,0
259,45,0
259,46,0
259,47,0
259,48,0
259,49,1
260,0,0
260,1,0
260,2,1
260,3,0
260,4,0
260,5,0
260,6,0
260,7,0
260,8,0
260,9,0
260,10,0
260,11,0
260,12,1
260,13,0
260,14,0
260,15,1
260,16,0
260,17,0
260,18,0
260,19,0
260,20,0
260,21,0
260,22,0
260,23,1
260,24,0
260,25,0
260,26,0
260,27,0
260,28,0
260,29,0
260,30,0
260,31,0
260,32,0
260,33,0
260,34,0
260,35,0
260,36,0
260,37,0
260,38,0
260,39,0
260,40,0
260,41,0
260,42,0
260,43,0
260,44,0
260,45,0
260,46,0
260,47,0
260,48,1
260,49,0
261,0,0
261,1,0
261,2,0
261,3,1
261,4,0
261,5,0
261,6,1
261,7,0
261,8,0
261,9,0
261,10,0
261,11,1
261,12,0
261,13,0
261,14,0
261,15,0
261,16,0
261,17,1
261,18,1
261,19,0
261,20,0
261,21,1
261,22,0
261,23,1
261,24,0
261,25,0
261,26,0
261,27,1
261,28,1
261,29,1
261,30,0
261,31,0
261,32,1
261,33,0
261,34,0
261,35,0
261,36,0
261,37,1
261,38,0
261,39,0
261,40,0
261,41,0
261,42,0
261,43,1
261,44,0
261,45,0
261,46,0
261,47,0
261,48,0
261,49,0
262,0,1
262,1,0
262,2,1
262,3,1
262,4,0
262,5,0
262,6,1
262,7,0
262,8,1
262,9,0
262,10,0
262,11,1
262,12,0
262,13,0
262,14,1
262,15,0
262,16,1
262,17,1
262,18,0
262,19,0
262,20,1
262,21,0
262,22,0
262,23,1
262,24,0
262,25,1
262,26,0
262,27,0
262,28,1
262,29,0
262,30,0
262,31,0
262,32,1
262,33,1
262,34,0
262,35,0
262,36,0
262,37,0
262,38,0
262,39,0
262,40,0
262,41,0
262,42,0
262,43,1
262,44,1
262,45,0
262,46,0
262,47,0
262,48,0
262,49,0
263,0,0
263,1,0
263,2,0
263,3,0
263,4,0
263,5,0
263,6,0
263,7,0
263,8,0
263,9,0
263,10,1
263,11,0
263,12,0
263,13,0
263,14,0
263,15,0
263,16,0
263,17,0
263,18,0
263,19,0
263,20,0
263,21,1
263,22,0
263,23,1
263,24,0
263,25,0
263,26,0
263,27,0
263,28,0
263,29,1
263,30,0
263,31,1
263,32,0
263,33,1
263,34,1
263,35,0
263,36,0
263,37,0
263,38,0
263,39,0
263,40,0
263,41,0
263,42,0
263,43,0
263,44,0
263,45,0
263,46,0
263,47,0
263,48,0
263,49,0
264,0,1
264,1,0
264,2,0
264,3,0
264,4,0
264,5,0
264,6,0
264,7,1
264,8,0
264,9,0
264,10,1
264,11,1
264,12,0
264,13,0
264,14,0
264,15,0
264,16,0
264,17,0
264,18,0
264,19,0
264,20,0
264,21,0
264,22,1
264,23,0
264,24,1
264,25,0
264,26,0
264,27,0
264,28,0
264,29,0
264,30,1
264,31,1
264,32,0
264,33,0
264,34,1
264,35,0
264,36,0
264,37,0
264,38,1
264,39,1
264,40,0
264,41,0
264,42,0
264,43,1
264,44,0
264,45,1
264,46,0
264,47,1
264,48,0
264,49,0
265,0,0
265,1,0
265,2,0
265,3,1
265,4,0
265,5,0
265,6,0
265,7,0
265,8,0
265,9,1
265,10,0
265,11,1
265,12,0
265,13,0
265,14,0
265,15,1
265,16,0
265,17,1
265,18,0
265,19,0
265,20,0
265,21,0
265,22,1
265,23,1
265,24,0
265,25,0
265,26,1
265,27,0
265,28,0
265,29,1
265,30,0
265,31,0
265,32,0
265,33,1
265,34,1
265,35,0
265,36,0
265,37,0
265,38,0
265,39,0
265,40,0
265,41,1
265,42,0
265,43,1
265,44,0
265,45,0
265,46,0
265,47,0
265,48,0
265,49,0
266,0,1
266,1,0
266,2,0
266,3,0
266,4,0
266,5,0
266,6,1
266,7,0
266,8,0
266,9,0
266,10,0
266,11,0
266,12,0
266,13,0
266,14,1
266,15,0
266,16,0
266,17,0
266,18,0
266,19,0
266,20,0
266,21,1
266,22,0
266,23,0
266,24,1
266,25,0
266,26,0
266,27,0
266,28,0
266,29,0
266,30,1
266,31,1
266,32,0
266,33,0
266,34,0
266,35,0
266,36,0
266,37,0
266,38,0
266,39,1
266,40,0
266,41,0
266,42,0
266,43,0
266,44,0
266,45,0
266,46,0
266,47,0
266,48,0
266,49,0
267,0,1
267,1,0
267,2,0
267,3,0
267,4,0
267,5,0
267,6,1
267,7,0
267,8,0
267,9,1
267,10,1
267,11,0
267,12,1
267,13,1
267,14,0
267,15,0
267,16,0
267,17,0
267,18,0
267,19,0
267,20,0
267,21,0
267,22,1
267,23,0
267,24,0
267,25,0
267,26,0
267,27,0
267,28,1
267,29,0
267,30,0
267,31,1
267,32,1
267,33,1
267,34,0
267,35,0
267,36,1
267,37,1
267,38,0
267,39,0
267,40,0
267,41,0
267,42,0
267,43,0
267,44,0
267,45,0
267,46,0
267,47,0
267,48,0
267,49,0
268,0,1
268,1,0
268,2,0
268,3,0
268,4,0
268,5,0
268,6,0
268,7,0
268,8,0
268,9,0
268,10,0
268,11,1
268,12,0
268,13,0
268,14,0
268,15,1
268,16,0
268,17,0
268,18,0
268,19,0
268,20,0
268,21,0
268,22,0
268,23,0
268,24,0
268,25,0
268,26,0
268,27,0
268,28,0
268,29,0
268,30,1
268,31,1
268,32,1
268,33,0
268,34,0
268,35,1
268,36,1
268,37,0
268,38,0
268,39,1
268,40,0
268,41,0
268,42,0
268,43,0
268,44,0
268,45,0
268,46,0
268,47,1
268,48,0
268,49,0
269,0,1
269,1,0
269,2,0
269,3,0
269,4,0
269,5,0
269,6,1
269,7,0
269,8,0
269,9,0
269,10,0
269,11,0
269,12,0
269,13,0
269,14,0
269,15,1
269,16,0
269,17,0
269,18,1
269,19,0
269,20,0
269,21,0
269,22,1
269,23,0
269,24,0
269,25,0
269,26,0
269,27,1
269,28,0
269,29,0
269,30,0
269,31,1
269,32,1
269,33,0
269,34,0
269,35,0
269,36,0
269,37,0
269,38,0
269,39,0
269,40,0
269,41,0
269,42,0
269,43,0
269,44,0
269,45,0
269,46,0
269,47,1
269,48,0
269,49,0
270,0,1
270,1,0
270,2,0
270,3,0
270,4,1
270,5,0
270,6,0
270,7,0
270,8,0
270,9,0
270,10,0
270,11,0
270,12,0
270,13,0
270,14,1
270,15,0
270,16,0
270,17,0
270,18,0
270,19,1
270,20,0
270,21,1
270,22,0
270,23,1
270,24,0
270,25,1
270,26,0
270,27,0
270,28,0
270,29,1
270,30,0
270,31,1
270,32,0
270,33,0
270,34,0
270,35,0
270,36,0
270,37,0
270,38,0
270,39,0
270,40,0
270,41,0
270,42,0
270,43,0
270,44,0
270,45,0
270,46,0
270,47,0
270,48,1
270,49,0
271,0,1
271,1,0
271,2,0
271,3,0
271,4,0
271,5,0
271,6,0
271,7,0
271,8,0
271,9,0
271,10,0
271,11,1
271,12,0
271,13,0
271,14,0
271,15,1
271,16,1
271,17,0
271,18,0
271,19,0
271,20,0
271,21,1
271,22,0
271,23,0
271,24,0
271,25,1
271,26,0
271,27,0
271,28,0
271,29,1
271,30,0
271,31,0
271,32,0
271,33,0
271,34,1
271,35,0
271,36,0
271,37,0
271,38,0
271,39,1
271,40,0
271,41,0
271,42,0
271,43,0
271,44,0
271,45,0
271,46,0
271,47,0
271,48,0
271,49,0
272,0,0
272,1,1
272,2,1
272,3,0
272,4,0
272,5,0
272,6,1
272,7,0
272,8,0
272,9,0
272,10,0
272,11,0
272,12,1
272,13,0
272,14,1
272,15,0
272,16,0
272,17,0
272,18,0
272,19,0
272,20,1
272,21,0
272,22,0
272,23,0
272,24,0
272,25,1
272,26,1
272,27,0
272,28,1
272,29,0
272,30,0
272,31,0
272,32,0
272,33,1
272,34,0
272,35,0
272,36,0
272,37,0
272,38,0
272,39,0
272,40,0
272,41,0
272,42,1
272,43,0
272,44,0
272,45,0
272,46,0
272,47,0
272,48,0
272,49,0
273,0,0
273,1,0
273,2,0
273,3,0
273,4,0
273,5,0
273,6,0
273,7,0
273,8,0
273,9,0
273,10,1
273,11,0
273,12,0
273,13,0
273,14,0
273,15,0
273,16,0
273,17,0
273,18,0
273,19,1
273,20,1
273,21,0
273,22,0
273,23,0
273,24,0
273,25,0
273,26,0
273,27,0
273,28,0
273,29,0
273,30,0
273,31,0
273,32,0
273,33,0
273,34,0
273,35,0
273,36,0
273,37,0
273,38,0
273,39,1
273,40,0
273,41,0
273,42,1
273,43,0
273,44,0
273,45,0
273,46,0
273,47,0
273,48,0
273,49,0
274,0,0
274,1,0
274,2,1
274,3,0
274,4,0
274,5,0
274,6,0
274,7,0
274,8,0
274,9,0
274,10,1
274,11,0
274,12,0
274,13,0
274,14,0
274,15,0
274,16,0
274,17,0
274,18,0
274,19,0
274,20,1
274,21,0
274,22,0
274,23,0
274,24,0
274,25,0
274,26,1
274,27,0
274,28,1
274,29,1
274,30,1
274,31,0
274,32,0
274,33,0
274,34,0
274,35,0
274,36,0
274,37,0
274,38,0
274,39,0
274,40,0
274,41,0
274,42,0
274,43,1
274,44,1
274,45,0
274,46,0
274,47,0
274,48,0
274,49,0
275,0,0
275,1,1
275,2,0
275,3,1
275,4,1
275,5,0
275,6,0
275,7,0
275,8,1
275,9,0
275,10,0
275,11,0
275,12,0
275,13,0
275,14,0
275,15,1
275,16,0
275,17,0
275,18,0
275,19,0
275,20,0
275,21,1
275,22,1
275,23,0
275,24,0
275,25,0
275,26,1
275,27,0
275,28,0
275,29,0
275,30,0
275,31,1
275,32,0
275,33,0
275,34,0
275,35,0
275,36,0
275,37,0
275,38,0
275,39,0
275,40,0
275,41,0
275,42,0
275,43,1
275,44,0
275,45,0
275,46,0
275,47,0
275,48,0
275,49,0
276,0,0
276,1,0
276,2,0
276,3,0
276,4,0
276,5,0
276,6,1
276,7,0
276,8,1
276,9,0
276,10,0
276,11,0
276,12,0
276,13,0
276,14,0
276,15,0
276,16,0
276,17,1
276,18,0
276,19,0
276,20,0
276,21,0
276,22,0
276,23,0
276,24,1
276,25,0
276,26,0
276,27,1
276,28,0
276,29,0
276,30,0
276,31,1
276,32,0
276,33,0
276,34,0
276,35,0
276,36,0
276,37,1
276,38,0
276,39,0
276,40,0
276,41,0
276,42,0
276,43,1
276,44,0
276,45,0
276,46,0
276,47,1
276,48,0
276,49,1
277,0,0
277,1,0
277,2,0
277,3,1
277,4,0
277,5,0
277,6,0
277,7,0
277,8,0
277,9,0
277,10,0
277,11,1
277,12,0
277,13,0
277,14,0
277,15,0
277,16,0
277,17,0
277,18,0
277,19,0
277,20,0
277,21,0
277,22,0
277,23,0
277,24,0
277,25,1
277,26,1
277,27,0
277,28,0
277,29,1
277,30,1
277,31,0
277,32,0
277,33,0
277,34,0
277,35,0
277,36,0
277,37,0
277,38,1
277,39,0
277,40,0
277,41,1
277,42,1
277,43,0
277,44,1
277,45,1
277,46,0
277,47,0
277,48,0
277,49,0
278,0,0
278,1,0
278,2,1
278,3,0
278,4,1
278,5,0
278,6,0
278,7,0
278,8,0
278,9,0
278,10,1
278,11,0
278,12,0
278,13,0
278,14,0
278,15,0
278,16,0
278,17,0
278,18,0
278,19,0
278,20,1
278,21,1
278,22,1
278,23,0
278,24,1
278,25,1
278,26,0
278,27,0
278,28,0
278,29,0
278,30,1
278,31,0
278,32,0
278,33,0
278,34,0
278,35,0
278,36,0
278,37,0
278,38,1
278,39,0
278,40,0
278,41,0
278,42,0
278,43,0
278,44,0
278,45,0
278,46,0
278,47,0
278,48,1
278,49,0
279,0,1
279,1,0
279,2,0
279,3,1
279,4,0
279,5,1
279,6,0
279,7,0
279,8,0
279,9,0
279,10,0
279,11,0
279,12,1
279,13,0
279,14,0
279,15,1
279,16,0
279,17,0
279,18,0
279,19,0
279,20,0
279,21,0
279,22,1
279,23,1
279,24,1
279,25,0
279,26,0
279,27,1
279,28,1
279,29,0
279,30,0
279,31,0
279,32,1
279,33,0
279,34,0
279,35,0
279,36,0
279,37,0
279,38,0
279,39,0
279,40,0
279,41,0
279,42,0
279,43,1
279,44,1
279,45,0
279,46,0
279,47,0
279,48,0
279,49,0
280,0,1
280,1,0
280,2,0
280,3,1
280,4,1
280,5,0
280,6,0
280,7,0
280,8,1
280,9,0
280,10,0
280,11,1
280,12,0
280,13,1
280,14,0
280,15,1
280,16,0
280,17,0
280,18,1
280,19,0
280,20,0
280,21,0
280,22,0
280,23,1
280,24,0
280,25,0
280,26,0
280,27,0
280,28,0
280,29,0
280,30,0
280,31,0
280,32,0
280,33,0
280,34,1
280,35,0
280,36,0
280,37,0
280,38,0
280,39,0
280,40,0
280,41,0
280,42,0
280,43,0
280,44,0
280,45,1
280,46,0
280,47,0
280,48,1
280,49,0
281,0,1
281,1,0
281,2,1
281,3,0
281,4,0
281,5,0
281,6,0
281,7,0
281,8,0
281,9,0
281,10,0
281,11,0
281,12,0
281,13,0
281,14,1
281,15,1
281,16,0
281,17,1
281,18,0
281,19,0
281,20,0
281,21,0
281,22,0
281,23,0
281,24,0
281,25,0
281,26,0
281,27,1
281,28,0
281,29,1
281,30,0
281,31,0
281,32,0
281,33,1
281,34,0
281,35,0
281,36,0
281,37,0
281,38,0
281,39,0
281,40,0
281,41,0
281,42,0
281,43,0
281,44,1
281,45,0
281,46,0
281,47,0
281,48,0
281,49,0
282,0,0
282,1,0
282,2,1
282,3,0
282,4,0
282,5,0
282,6,0
282,7,0
282,8,0
282,9,0
282,10,0
282,11,0
282,12,0
282,13,0
282,14,0
282,15,1
282,16,0
282,17,0
282,18,1
282,19,0
282,20,0
282,21,0
282,22,0
282,23,0
282,24,0
282,25,0
282,26,0
282,27,0
282,28,0
282,29,0
282,30,0
282,31,0
282,32,0
282,33,0
282,34,1
282,35,0
282,36,0
282,37,0
282,38,0
282,39,1
282,40,0
282,41,0
282,42,0
282,43,0
282,44,0
282,45,0
282,46,0
282,47,0
282,48,0
282,49,0
283,0,0
283,1,0
283,2,0
283,3,0
283,4,0
283,5,0
283,6,0
283,7,0
283,8,0
283,9,0
283,10,1
283,11,0
283,12,0
283,13,0
283,14,1
283,15,0
283,16,0
283,17,0
283,18,1
283,19,0
283,20,0
283,21,1
283,22,1
283,23,0
283,24,0
283,25,0
283,26,0
283,27,1
283,28,0
283,29,0
283,30,1
283,31,1
283,32,0
283,33,0
283,34,0
283,35,0
283,36,0
283,37,1
283,38,1
283,39,0
283,40,0
283,41,0
283,42,1
283,43,0
283,44,0
283,45,0
283,46,0
283,47,0
283,48,1
283,49,1
284,0,0
284,1,0
284,2,0
284,3,1
284,4,0
284,5,0
284,6,0
284,7,0
284,8,1
284,9,0
284,10,0
284,11,0
284,12,1
284,13,0
284,14,0
284,15,1
284,16,0
284,17,0
284,18,0
284,19,0
284,20,0
284,21,0
284,22,0
284,23,0
284,24,0
284,25,0
284,26,1
284,27,0
284,28,0
284,29,0
284,30,0
284,31,0
284,32,1
284,33,0
284,34,0
284,35,0
284,36,0
284,37,0
284,38,0
284,39,0
284,40,0
284,41,0
284,42,1
284,43,0
284,44,0
284,45,0
284,46,0
284,47,0
284,48,0
284,49,0
285,0,1
285,1,0
285,2,1
285,3,0
285,4,1
285,5,0
285,6,0
285,7,0
285,8,0
285,9,0
285,10,0
285,11,0
285,12,1
285,13,0
285,14,0
285,15,1
285,16,0
285,17,0
285,18,0
285,19,0
285,20,1
285,21,1
285,22,0
285,23,0
285,24,0
285,25,0
285,26,0
285,27,0
285,28,0
285,29,1
285,30,1
285,31,0
285,32,0
285,33,0
285,34,0
285,35,0
285,36,1
285,37,0
285,38,0
285,39,1
285,40,0
285,41,0
285,42,0
285,43,1
285,44,1
285,45,0
285,46,0
285,47,0
285,48,0
285,49,0
286,0,0
286,1,0
286,2,0
286,3,0
286,4,1
286,5,0
286,6,0
286,7,0
286,8,0
286,9,0
286,10,0
286,11,0
286,12,1
286,13,0
286,14,0
286,15,0
286,16,0
286,17,0
286,18,0
286,19,0
286,20,1
286,21,0
286,22,0
286,23,1
286,24,0
286,25,0
286,26,1
286,27,0
286,28,1
286,29,0
286,30,0
286,31,0
286,32,0
286,33,0
286,34,0
286,35,0
286,36,0
286,37,0
286,38,0
286,39,0
286,40,0
286,41,0
286,42,0
286,43,0
286,44,0
286,45,0
286,46,0
286,47,1
286,48,0
286,49,0
287,0,0
287,1,0
287,2,0
287,3,0
287,4,1
287,5,0
287,6,1
287,7,0
287,8,0
287,9,0
287,10,0
287,11,0
287,12,1
287,13,0
287,14,0
287,15,1
287,16,0
287,17,0
287,18,0
287,19,0
287,20,0
287,21,0
287,22,0
287,23,0
287,24,0
287,25,1
287,26,0
287,27,0
287,28,0
287,29,0
287,30,0
287,31,1
287,32,0
287,33,1
287,34,0
287,35,0
287,36,0
287,37,0
287,38,0
287,39,0
287,40,0
287,41,1
287,42,0
287,43,0
287,44,0
287,45,0
287,46,0
287,47,0
287,48,0
287,49,0
288,0,1
288,1,0
288,2,0
288,3,0
288,4,0
288,5,0
288,6,0
288,7,0
288,8,0
288,9,0
288,10,0
288,11,0
288,12,0
288,13,0
288,14,0
288,15,1
288,16,0
288,17,0
288,18,0
288,19,0
288,20,1
288,21,0
288,22,0
288,23,1
288,24,0
288,25,0
288,26,0
288,27,0
288,28,0
288,29,0
288,30,0
288,31,0
288,32,1
288,33,0
288,34,0
288,35,0
288,36,0
288,37,1
288,38,1
288,39,0
288,40,0
288,41,0
288,42,0
288,43,0
288,44,0
288,45,0
288,46,0
288,47,0
288,48,1
288,49,0
289,0,0
289,1,0
289,2,0
289,3,0
289,4,0
289,5,0
289,6,0
289,7,0
289,8,1
289,9,0
289,10,0
289,11,0
289,12,0
289,13,0
289,14,0
289,15,0
289,16,0
289,17,0
289,18,0
289,19,0
289,20,1
289,21,0
289,22,0
289,23,0
289,24,0
289,25,0
289,26,0
289,27,0
289,28,0
289,29,0
289,30,0
289,31,0
289,32,0
289,33,0
289,34,0
289,35,0
289,36,0
289,37,0
289,38,1
289,39,0
289,40,0
289,41,0
289,42,1
289,43,1
289,44,1
289,45,1
289,46,0
289,47,0
289,48,0
289,49,0
290,0,1
290,1,0
290,2,0
290,3,0
290,4,0
290,5,0
290,6,0
290,7,0
290,8,0
290,9,0
290,10,0
290,11,0
290,12,0
290,13,0
290,14,0
290,15,0
290,16,0
290,17,0
290,18,0
290,19,1
290,20,1
290,21,0
290,22,0
290,23,0
290,24,0
290,25,1
290,26,0
290,27,0
290,28,0
290,29,0
290,30,0
290,31,0
290,32,0
290,33,0
290,34,0
290,35,0
290,36,1
290,37,0
290,38,0
290,39,0
290,40,0
290,41,0
290,42,1
290,43,0
290,44,0
290,45,0
290,46,0
290,47,0
290,48,0
290,49,0
291,0,0
291,1,0
291,2,0
291,3,0
291,4,0
291,5,0
291,6,0
291,7,0
291,8,0
291,9,0
291,10,0
291,11,0
291,12,0
291,13,0
291,14,0
291,15,0
291,16,0
291,17,0
291,18,0
291,19,0
291,20,0
291,21,1
291,22,0
291,23,0
291,24,0
291,25,0
291,26,1
291,27,0
291,28,0
291,29,0
291,30,1
291,31,0
291,32,0
291,33,1
291,34,0
291,35,0
291,36,0
291,37,0
291,38,0
291,39,0
291,40,0
291,41,0
291,42,1
291,43,0
291,44,1
291,45,1
291,46,0
291,47,1
291,48,0
291,49,0
292,0,1
292,1,0
292,2,1
292,3,0
292,4,0
292,5,0
292,6,0
292,7,0
292,8,0
292,9,0
292,10,0
292,11,0
292,12,0
292,13,0
292,14,0
292,15,0
292,16,0
292,17,0
292,18,0
292,19,0
292,20,0
292,21,0
292,22,1
292,23,0
292,24,1
292,25,0
292,26,0
292,27,0
292,28,0
292,29,0
292,30,1
292,31,0
292,32,0
292,33,1
292,34,0
292,35,0
292,36,0
292,37,0
292,38,0
292,39,0
292,40,0
292,41,0
292,42,1
292,43,0
292,44,1
292,45,0
292,46,0
292,47,1
292,48,0
292,49,0
293,0,0
293,1,0
293,2,0
293,3,0
293,4,0
293,5,1
293,6,1
293,7,0
293,8,1
293,9,0
293,10,0
293,11,0
293,12,0
293,13,0
293,14,0
293,15,0
293,16,0
293,17,0
293,18,0
293,19,0
293,20,0
293,21,0
293,22,0
293,23,0
293,24,0
293,25,1
293,26,0
293,27,0
293,28,1
293,29,0
293,30,1
293,31,0
293,32,1
293,33,0
293,34,0
293,35,0
293,36,0
293,37,0
293,38,0
293,39,0
293,40,0
293,41,0
293,42,0
293,43,1
293,44,0
293,45,1
293,46,0
293,47,0
293,48,0
293,49,0
294,0,0
294,1,1
294,2,1
294,3,0
294,4,0
294,5,0
294,6,0
294,7,0
294,8,0
294,9,1
294,10,0
294,11,1
294,12,0
294,13,0
294,14,0
294,15,0
294,16,0
294,17,0
294,18,1
294,19,0
294,20,0
294,21,0
294,22,0
294,23,1
294,24,0
294,25,0
294,26,0
294,27,0
294,28,0
294,29,0
294,30,1
294,31,0
294,32,0
294,33,0
294,34,0
294,35,0
294,36,0
294,37,1
294,38,0
294,39,0
294,40,0
294,41,0
294,42,0
294,43,0
294,44,0
294,45,0
294,46,0
294,47,0
294,48,0
294,49,0
295,0,0
295,1,0
295,2,1
295,3,1
295,4,0
295,5,0
295,6,0
295,7,0
295,8,0
295,9,0
295,10,0
295,11,0
295,12,0
295,13,0
295,14,1
295,15,0
295,16,0
295,17,0
295,18,1
295,19,0
295,20,0
295,21,0
295,22,0
295,23,0
295,24,0
295,25,0
295,26,0
295,27,0
295,28,0
295,29,0
295,30,0
295,31,0
295,32,0
295,33,0
295,34,0
295,35,0
295,36,0
295,37,1
295,38,0
295,39,1
295,40,0
295,41,0
295,42,1
295,43,0
295,44,0
295,45,0
295,46,0
295,47,1
295,48,0
295,49,0
296,0,0
296,1,0
296,2,0
296,3,0
296,4,0
296,5,0
296,6,1
296,7,0
296,8,1
296,9,0
296,10,1
296,11,1
296,12,0
296,13,0
296,14,1
296,15,0
296,16,0
296,17,0
296,18,0
296,19,0
296,20,0
296,21,0
296,22,0
296,23,0
296,24,0
296,25,0
296,26,1
296,27,0
296,28,0
296,29,0
296,30,0
296,31,0
296,32,0
296,33,0
296,34,0
296,35,1
296,36,1
296,37,0
296,38,0
296,39,0
296,40,0
296,41,0
296,42,0
296,43,0
296,44,1
296,45,0
296,46,1
296,47,0
296,48,0
296,49,0
297,0,0
297,1,0
297,2,0
297,3,0
297,4,0
297,5,0
297,6,0
297,7,0
297,8,0
297,9,0
297,10,0
297,11,1
297,12,0
297,13,0
297,14,0
297,15,0
297,16,0
297,17,0
297,18,1
297,19,0
297,20,0
297,21,0
297,22,0
297,23,0
297,24,0
297,25,1
297,26,0
297,27,0
297,28,0
297,29,0
297,30,0
297,31,0
297,32,0
297,33,0
297,34,0
297,35,0
297,36,0
297,37,1
297,38,0
297,39,0
297,40,0
297,41,0
297,42,0
297,43,1
297,44,1
297,45,0
297,46,0
297,47,0
297,48,1
297,49,0
298,0,0
298,1,0
298,2,0
298,3,0
298,4,0
298,5,1
298,6,1
298,7,0
298,8,0
298,9,0
298,10,1
298,11,0
298,12,0
298,13,1
298,14,0
298,15,0
298,16,0
298,17,0
298,18,0
298,19,0
298,20,1
298,21,0
298,22,1
298,23,1
298,24,0
298,25,0
298,26,0
298,27,0
298,28,0
298,29,0
298,30,0
298,31,0
298,32,0
298,33,0
298,34,0
298,35,0
298,36,0
298,37,0
298,38,0
298,39,0
298,40,0
298,41,1
298,42,0
298,43,0
298,44,0
298,45,0
298,46,0
298,47,0
298,48,0
298,49,0
299,0,0
299,1,0
299,2,0
299,3,0
299,4,1
299,5,0
299,6,0
299,7,0
299,8,0
299,9,0
299,10,1
299,11,0
299,12,1
299,13,0
299,14,0
299,15,0
299,16,0
299,17,0
299,18,0
299,19,0
299,20,0
299,21,0
299,22,0
299,23,0
299,24,0
299,25,0
299,26,1
299,27,0
299,28,0
299,29,0
299,30,0
299,31,0
299,32,0
299,33,0
299,34,0
299,35,0
299,36,0
299,37,1
299,38,0
299,39,0
299,40,0
299,41,0
299,42,0
299,43,0
299,44,0
299,45,0
299,46,0
299,47,0
299,48,0
299,49,1
300,0,1
300,1,0
300,2,0
300,3,0
300,4,1
300,5,0
300,6,0
300,7,0
300,8,0
300,9,0
300,10,0
300,11,0
300,12,0
300,13,0
300,14,1
300,15,0
300,16,0
300,17,0
300,18,1
300,19,0
300,20,0
300,21,0
300,22,1
300,23,0
300,24,0
300,25,0
300,26,0
300,27,0
300,28,0
300,29,0
300,30,1
300,31,0
300,32,0
300,33,0
300,34,0
300,35,0
300,36,0
300,37,0
300,38,0
300,39,1
300,40,0
300,41,0
300,42,1
300,43,0
300,44,1
300,45,0
300,46,0
300,47,0
300,48,0
300,49,0
301,0,0
301,1,0
301,2,0
301,3,1
301,4,0
301,5,0
301,6,0
301,7,0
301,8,0
301,9,0
301,10,0
301,11,1
301,12,0
301,13,0
301,14,0
301,15,1
301,16,0
301,17,0
301,18,0
301,19,0
301,20,0
301,21,1
301,22,0
301,23,0
301,24,0
301,25,0
301,26,0
301,27,0
301,28,0
301,29,0
301,30,0
301,31,0
301,32,0
301,33,1
301,34,0
301,35,0
301,36,0
301,37,0
301,38,0
301,39,0
301,40,0
301,41,0
301,42,1
301,43,0
301,44,0
301,45,0
301,46,0
301,47,0
301,48,0
301,49,0
302,0,0
302,1,0
302,2,0
302,3,1
302,4,0
302,5,0
302,6,0
302,7,0
302,8,0
302,9,0
302,10,0
302,11,1
302,12,0
302,13,0
302,14,0
302,15,0
302,16,0
302,17,1
302,18,0
302,19,0
302,20,0
302,21,0
302,22,0
302,23,0
302,24,0
302,25,1
302,26,0
302,27,0
302,28,1
302,29,0
302,30,0
302,31,0
302,32,0
302,33,0
302,34,1
302,35,0
302,36,0
302,37,0
302,38,0
302,39,0
302,40,0
302,41,1
302,42,0
302,43,1
302,44,0
302,45,0
302,46,0
302,47,1
302,48,1
302,49,0
303,0,0
303,1,0
303,2,0
303,3,1
303,4,0
303,5,0
303,6,1
303,7,0
303,8,1
303,9,0
303,10,0
303,11,1
303,12,0
303,13,0
303,14,0
303,15,1
303,16,0
303,17,0
303,18,0
303,19,0
303,20,0
303,21,0
303,22,0
303,23,1
303,24,0
303,25,0
303,26,0
303,27,0
303,28,0
303,29,0
303,30,0
303,31,0
303,32,0
303,33,0
303,34,0
303,35,0
303,36,0
303,37,0
303,38,0
303,39,1
303,40,0
303,41,1
303,42,0
303,43,0
303,44,0
303,45,1
303,46,0
303,47,0
303,48,0
303,49,0
304,0,0
304,1,0
304,2,0
304,3,0
304,4,0
304,5,0
304,6,0
304,7,0
304,8,0
304,9,0
304,10,0
304,11,0
304,12,0
304,13,0
304,14,0
304,15,0
304,16,0
304,17,0
304,18,0
304,19,0
304,20,0
304,21,0
304,22,0
304,23,1
304,24,0
304,25,0
304,26,0
304,27,0
304,28,0
304,29,0
304,30,0
304,31,1
304,32,0
304,33,0
304,34,1
304,35,0
304,36,0
304,37,0
304,38,0
304,39,0
304,40,0
304,41,0
304,42,1
304,43,0
304,44,0
304,45,0
304,46,0
304,47,0
304,48,1
304,49,0
305,0,0
305,1,0
305,2,0
305,3,1
305,4,0
305,5,0
305,6,0
305,7,0
305,8,1
305,9,0
305,10,0
305,11,1
305,12,0
305,13,1
305,14,0
305,15,0
305,16,0
305,17,1
305,18,0
305,19,1
305,20,1
305,21,0
305,22,0
305,23,0
305,24,1
305,25,0
305,26,0
305,27,0
305,28,0
305,29,0
305,30,0
305,31,1
305,32,0
305,33,0
305,34,0
305,35,0
305,36,0
305,37,0
305,38,0
305,39,1
305,40,0
305,41,0
305,42,0
305,43,1
305,44,1
305,45,0
305,46,0
305,47,0
305,48,0
305,49,0
306,0,0
306,1,1
306,2,0
306,3,0
306,4,0
306,5,0
306,6,1
306,7,0
306,8,0
306,9,0
306,10,0
306,11,0
306,12,0
306,13,0
306,14,0
306,15,0
306,16,0
306,17,0
306,18,0
306,19,0
306,20,0
306,21,0
306,22,0
306,23,1
306,24,0
306,25,0
306,26,0
306,27,0
306,28,0
306,29,1
306,30,0
306,31,0
306,32,1
306,33,0
306,34,0
306,35,0
306,36,0
306,37,0
306,38,0
306,39,0
306,40,0
306,41,1
306,42,1
306,43,1
306,44,0
306,45,1
306,46,0
306,47,1
306,48,0
306,49,0
307,0,0
307,1,0
307,2,0
307,3,0
307,4,0
307,5,0
307,6,0
307,7,0
307,8,0
307,9,0
307,10,0
307,11,1
307,12,0
307,13,1
307,14,0
307,15,1
307,16,0
307,17,0
307,18,0
307,19,1
307,20,0
307,21,0
307,22,0
307,23,0
307,24,0
307,25,0
307,26,0
307,27,0
307,28,0
307,29,0
307,30,0
307,31,0
307,32,0
307,33,1
307,34,0
307,35,0
307,36,0
307,37,0
307,38,0
307,39,0
307,40,0
307,41,0
307,42,0
307,43,0
307,44,0
307,45,0
307,46,0
307,47,0
307,48,1
307,49,1
308,0,1
308,1,0
308,2,1
308,3,0
308,4,0
308,5,0
308,6,0
308,7,0
308,8,0
308,9,0
308,10,0
308,11,0
308,12,0
308,13,0
308,14,0
308,15,0
308,16,0
308,17,0
308,18,0
308,19,0
308,20,0
308,21,0
308,22,0
308,23,0
308,24,0
308,25,0
308,26,0
308,27,0
308,28,0
308,29,1
308,30,0
308,31,0
308,32,1
308,33,1
308,34,0
308,35,0
308,36,0
308,37,0
308,38,0
308,39,0
308,40,0
308,41,0
308,42,1
308,43,0
308,44,1
308,45,0
308,46,1
308,47,1
308,48,0
308,49,0
309,0,0
309,1,0
309,2,0
309,3,0
309,4,1
309,5,0
309,6,0
309,7,0
309,8,0
309,9,0
309,10,0
309,11,0
309,12,1
309,13,0
309,14,0
309,15,0
309,16,0
309,17,0
309,18,0
309,19,0
309,20,1
309,21,1
309,22,0
309,23,0
309,24,0
309,25,0
309,26,0
309,27,0
309,28,1
309,29,1
309,30,0
309,31,0
309,32,0
309,33,0
309,34,1
309,35,0
309,36,1
309,37,0
309,38,0
309,39,0
309,40,0
309,41,0
309,42,1
309,43,0
309,44,1
309,45,0
309,46,1
309,47,0
309,48,1
309,49,0
310,0,0
310,1,0
310,2,1
310,3,0
310,4,0
310,5,1
310,6,0
310,7,0
310,8,0
310,9,0
310,10,0
310,11,0
310,12,0
310,13,0
310,14,0
310,15,0
310,16,0
310,17,1
310,18,0
310,19,0
310,20,1
310,21,0
310,22,0
310,23,0
310,24,0
310,25,1
310,26,0
310,27,0
310,28,0
310,29,0
310,30,0
310,31,0
310,32,0
310,33,0
310,34,0
310,35,0
310,36,0
310,37,0
310,38,0
310,39,0
310,40,0
310,41,0
310,42,0
310,43,1
310,44,1
310,45,0
310,46,0
310,47,0
310,48,0
310,49,0
311,0,1
311,1,1
311,2,0
311,3,1
311,4,0
311,5,0
311,6,0
311,7,0
311,8,1
311,9,0
311,10,1
311,11,0
311,12,0
311,13,0
311,14,0
311,15,1
311,16,0
311,17,1
311,18,1
311,19,0
311,20,0
311,21,0
311,22,0
311,23,0
311,24,1
311,25,0
311,26,0
311,27,1
311,28,0
311,29,0
311,30,0
311,31,1
311,32,1
311,33,1
311,34,0
311,35,0
311,36,0
311,37,0
311,38,0
311,39,1
311,40,0
311,41,0
311,42,1
311,43,0
311,44,0
311,45,0
311,46,0
311,47,0
311,48,0
311,49,0
312,0,0
312,1,1
312,2,1
312,3,0
312,4,0
312,5,0
312,6,0
312,7,1
312,8,0
312,9,0
312,10,0
312,11,1
312,12,1
312,13,0
312,14,1
312,15,0
312,16,0
312,17,0
312,18,0
312,19,0
312,20,1
312,21,0
312,22,0
312,23,0
312,24,0
312,25,0
312,26,0
312,27,0
312,28,0
312,29,0
312,30,1
312,31,1
312,32,0
312,33,0
312,34,0
312,35,0
312,36,0
312,37,0
312,38,1
312,39,1
312,40,1
312,41,0
312,42,1
312,43,1
312,44,0
312,45,0
312,46,0
312,47,1
312,48,0
312,49,0
313,0,0
313,1,0
313,2,1
313,3,1
313,4,0
313,5,0
313,6,0
313,7,1
313,8,1
313,9,0
313,10,1
313,11,0
313,12,0
313,13,0
313,14,0
313,15,1
313,16,0
313,17,0
313,18,0
313,19,0
313,20,1
313,21,0
313,22,0
313,23,1
313,24,0
313,25,0
313,26,0
313,27,0
313,28,0
313,29,0
313,30,0
313,31,1
313,32,0
313,33,0
313,34,1
313,35,0
313,36,0
313,37,0
313,38,0
313,39,0
313,40,0
313,41,0
313,42,0
313,43,0
313,44,0
313,45,0
313,46,0
313,47,1
313,48,0
313,49,0
314,0,0
314,1,0
314,2,0
314,3,1
314,4,0
314,5,1
314,6,0
314,7,0
314,8,0
314,9,0
314,10,1
314,11,0
314,12,1
314,13,1
314,14,1
314,15,0
314,16,0
314,17,0
314,18,0
314,19,0
314,20,0
314,21,0
314,22,0
314,23,0
314,24,0
314,25,0
314,26,0
314,27,0
314,28,0
314,29,0
314,30,0
314,31,0
314,32,0
314,33,0
314,34,0
314,35,0
314,36,0
314,37,0
314,38,0
314,39,0
314,40,0
314,41,0
314,42,0
314,43,0
314,44,0
314,45,0
314,46,0
314,47,0
314,48,0
314,49,0
315,0,0
315,1,1
315,2,0
315,3,0
315,4,0
315,5,0
315,6,0
315,7,0
315,8,0
315,9,0
315,10,0
315,11,1
315,12,1
315,13,0
315,14,1
315,15,0
315,16,0
315,17,0
315,18,0
315,19,0
315,20,0
315,21,0
315,22,1
315,23,0
315,24,0
315,25,0
315,26,0
315,27,0
315,28,1
315,29,0
315,30,0
315,31,0
315,32,0
315,33,1
315,34,0
315,35,0
315,36,0
315,37,0
315,38,0
315,39,0
315,40,0
315,41,0
315,42,0
315,43,0
315,44,0
315,45,0
315,46,0
315,47,0
315,48,0
315,49,0
316,0,0
316,1,0
316,2,0
316,3,1
316,4,0
316,5,0
316,6,1
316,7,0
316,8,1
316,9,0
316,10,1
316,11,0
316,12,0
316,13,0
316,14,0
316,15,1
316,16,0
316,17,1
316,18,0
316,19,0
316,20,1
316,21,0
316,22,0
316,23,0
316,24,1
316,25,1
316,26,0
316,27,0
316,28,0
316,29,0
316,30,0
316,31,0
316,32,0
316,33,1
316,34,0
316,35,0
316,36,0
316,37,0
316,38,0
316,39,0
316,40,0
316,41,0
316,42,1
316,43,0
316,44,0
316,45,0
316,46,0
316,47,0
316,48,1
316,49,0
317,0,0
317,1,0
317,2,1
317,3,0
317,4,0
317,5,1
317,6,0
317,7,0
317,8,0
317,9,0
317,10,0
317,11,0
317,12,1
317,13,0
317,14,1
317,15,0
317,16,0
317,17,0
317,18,0
317,19,0
317,20,0
317,21,1
317,22,1
317,23,1
317,24,0
317,25,0
317,26,0
317,27,0
317,28,1
317,29,0
317,30,0
317,31,1
317,32,0
317,33,0
317,34,0
317,35,0
317,36,1
317,37,0
317,38,1
317,39,0
317,40,0
317,41,0
317,42,0
317,43,0
317,44,1
317,45,0
317,46,0
317,47,0
317,48,0
317,49,0
318,0,0
318,1,0
318,2,1
318,3,0
318,4,1
318,5,1
318,6,1
318,7,0
318,8,0
318,9,1
318,10,0
318,11,0
318,12,0
318,13,0
318,14,1
318,15,1
318,16,0
318,17,0
318,18,0
318,19,0
318,20,1
318,21,0
318,22,0
318,23,0
318,24,0
318,25,0
318,26,0
318,27,0
318,28,0
318,29,0
318,30,0
318,31,0
318,32,0
318,33,1
318,34,0
318,35,0
318,36,0
318,37,0
318,38,0
318,39,1
318,40,0
318,41,0
318,42,0
318,43,1
318,44,0
318,45,0
318,46,0
318,47,1
318,48,0
318,49,0
319,0,0
319,1,0
319,2,0
319,3,0
319,4,0
319,5,1
319,6,0
319,7,0
319,8,0
319,9,0
319,10,0
319,11,0
319,12,0
319,13,0
319,14,1
319,15,1
319,16,0
319,17,0
319,18,0
319,19,0
319,20,0
319,21,1
319,22,1
319,23,0
319,24,0
319,25,1
319,26,0
319,27,0
319,28,0
319,29,0
319,30,1
319,31,0
319,32,0
319,33,0
319,34,0
319,35,0
319,36,0
319,37,0
319,38,1
319,39,0
319,40,0
319,41,0
319,42,0
319,43,0
319,44,0
319,45,1
319,46,0
319,47,0
319,48,1
319,49,1
320,0,0
320,1,1
320,2,1
320,3,0
320,4,0
320,5,0
320,6,0
320,7,0
320,8,0
320,9,0
320,10,0
320,11,0
320,12,0
320,13,0
320,14,1
320,15,0
320,16,0
320,17,0
320,18,0
320,19,0
320,20,0
320,21,0
320,22,0
320,23,1
320,24,0
320,25,1
320,26,0
320,27,0
320,28,0
320,29,0
320,30,0
320,31,0
320,32,0
320,33,0
320,34,0
320,35,0
320,36,0
320,37,1
320,38,0
320,39,0
320,40,0
320,41,0
320,42,0
320,43,0
320,44,0
320,45,0
320,46,0
320,47,0
320,48,0
320,49,0
321,0,0
321,1,0
321,2,1
321,3,0
321,4,1
321,5,0
321,6,0
321,7,0
321,8,1
321,9,1
321,10,0
321,11,0
321,12,1
321,13,0
321,14,0
321,15,1
321,16,0
321,17,1
321,18,0
321,19,0
321,20,0
321,21,0
321,22,1
321,23,0
321,24,0
321,25,0
321,26,0
321,27,0
321,28,0
321,29,0
321,30,0
321,31,0
321,32,0
321,33,0
321,34,0
321,35,0
321,36,0
321,37,0
321,38,0
321,39,1
321,40,0
321,41,0
321,42,0
321,43,0
321,44,0
321,45,0
321,46,0
321,47,0
321,48,0
321,49,0
322,0,0
322,1,0
322,2,0
322,3,0
322,4,0
322,5,0
322,6,0
322,7,0
322,8,0
322,9,0
322,10,1
322,11,1
322,12,0
322,13,1
322,14,0
322,15,0
322,16,0
322,17,0
322,18,0
322,19,0
322,20,1
322,21,0
322,22,0
322,23,1
322,24,0
322,25,0
322,26,1
322,27,0
322,28,0
322,29,0
322,30,0
322,31,0
322,32,0
322,33,0
322,34,0
322,35,0
322,36,0
322,37,1
322,38,0
322,39,0
322,40,0
322,41,0
322,42,0
322,43,0
322,44,1
322,45,1
322,46,0
322,47,0
322,48,0
322,49,0
323,0,0
323,1,0
323,2,1
323,3,0
323,4,0
323,5,0
323,6,0
323,7,0
323,8,1
323,9,0
323,10,1
323,11,1
323,12,1
323,13,0
323,14,0
323,15,0
323,16,0
323,17,0
323,18,1
323,19,0
323,20,0
323,21,0
323,22,0
323,23,0
323,24,0
323,25,0
323,26,1
323,27,0
323,28,0
323,29,0
323,30,0
323,31,0
323,32,0
323,33,0
323,34,0
323,35,0
323,36,0
323,37,0
323,38,0
323,39,0
323,40,0
323,41,0
323,42,0
323,43,1
323,44,0
323,45,0
323,46,0
323,47,0
323,48,0
323,49,0
324,0,0
324,1,0
324,2,1
324,3,0
324,4,0
324,5,0
324,6,0
324,7,0
324,8,0
324,9,0
324,10,0
324,11,1
324,12,0
324,13,0
324,14,0
324,15,1
324,16,0
324,17,0
324,18,0
324,19,0
324,20,0
324,21,0
324,22,0
324,23,1
324,24,0
324,25,0
324,26,0
324,27,0
324,28,0
324,29,0
324,30,0
324,31,0
324,32,0
324,33,0
324,34,0
324,35,0
324,36,0
324,37,0
324,38,0
324,39,0
324,40,0
324,41,0
324,42,0
324,43,1
324,44,0
324,45,0
324,46,0
324,47,0
324,48,0
324,49,0
325,0,0
325,1,0
325,2,0
325,3,1
325,4,1
325,5,0
325,6,0
325,7,0
325,8,1
325,9,0
325,10,0
325,11,0
325,12,0
325,13,1
325,14,0
325,15,0
325,16,0
325,17,0
325,18,0
325,19,0
325,20,0
325,21,0
325,22,0
325,23,0
325,24,0
325,25,1
325,26,1
325,27,0
325,28,1
325,29,0
325,30,1
325,31,0
325,32,0
325,33,1
325,34,0
325,35,0
325,36,0
325,37,0
325,38,1
325,39,0
325,40,0
325,41,0
325,42,0
325,43,0
325,44,1
325,45,0
325,46,0
325,47,1
325,48,0
325,49,0
326,0,0
326,1,0
326,2,0
326,3,0
326,4,0
326,5,0
326,6,0
326,7,0
326,8,0
326,9,0
326,10,0
326,11,0
326,12,0
326,13,0
326,14,0
326,15,0
326,16,1
326,17,1
326,18,0
326,19,0
326,20,0
326,21,0
326,22,0
326,23,0
326,24,0
326,25,0
326,26,0
326,27,0
326,28,0
326,29,0
326,30,1
326,31,1
326,32,0
326,33,0
326,34,0
326,35,0
326,36,0
326,37,0
326,38,0
326,39,1
326,40,0
326,41,0
326,42,0
326,43,0
326,44,1
326,45,0
326,46,0
326,47,1
326,48,0
326,49,0
327,0,0
327,1,1
327,2,0
327,3,0
327,4,1
327,5,0
327,6,0
327,7,0
327,8,0
327,9,0
327,10,0
327,11,1
327,12,0
327,13,1
327,14,0
327,15,1
327,16,0
327,17,0
327,18,0
327,19,1
327,20,1
327,21,1
327,22,1
327,23,1
327,24,0
327,25,0
327,26,0
327,27,0
327,28,1
327,29,0
327,30,1
327,31,1
327,32,0
327,33,0
327,34,0
327,35,0
327,36,0
327,37,0
327,38,0
327,39,1
327,40,0
327,41,0
327,42,0
327,43,0
327,44,1
327,45,0
327,46,0
327,47,1
327,48,1
327,49,0
328,0,0
328,1,0
328,2,0
328,3,1
328,4,0
328,5,0
328,6,0
328,7,0
328,8,1
328,9,0
328,10,0
328,11,0
328,12,0
328,13,1
328,14,0
328,15,0
328,16,1
328,17,0
328,18,0
328,19,0
328,20,1
328,21,1
328,22,0
328,23,1
328,24,0
328,25,0
328,26,0
328,27,0
328,28,1
328,29,0
328,30,0
328,31,1
328,32,0
328,33,1
328,34,0
328,35,0
328,36,0
328,37,0
328,38,0
328,39,0
328,40,0
328,41,0
328,42,0
328,43,1
328,44,0
328,45,0
328,46,0
328,47,0
328,48,0
328,49,0
329,0,0
329,1,0
329,2,0
329,3,0
329,4,0
329,5,0
329,6,0
329,7,0
329,8,0
329,9,0
329,10,0
329,11,1
329,12,1
329,13,1
329,14,0
329,15,0
329,16,0
329,17,0
329,18,1
329,19,0
329,20,0
329,21,0
329,22,0
329,23,1
329,24,0
329,25,0
329,26,0
329,27,0
329,28,0
329,29,0
329,30,0
329,31,0
329,32,0
329,33,1
329,34,0
329,35,1
329,36,0
329,37,0
329,38,0
329,39,0
329,40,0
329,41,0
329,42,0
329,43,0
329,44,0
329,45,0
329,46,0
329,47,0
329,48,1
329,49,0
330,0,1
330,1,0
330,2,1
330,3,0
330,4,1
330,5,0
330,6,0
330,7,0
330,8,0
330,9,1
330,10,0
330,11,0
330,12,0
330,13,0
330,14,0
330,15,0
330,16,0
330,17,1
330,18,0
330,19,0
330,20,0
330,21,0
330,22,0
330,23,0
330,24,0
330,25,0
330,26,0
330,27,0
330,28,0
330,29,0
330,30,1
330,31,1
330,32,0
330,33,0
330,34,0
330,35,0
330,36,0
330,37,0
330,38,0
330,39,0
330,40,0
330,41,0
330,42,0
330,43,0
330,44,1
330,45,0
330,46,0
330,47,0
330,48,0
330,49,0
331,0,0
331,1,0
331,2,0
331,3,0
331,4,1
331,5,0
331,6,1
331,7,0
331,8,1
331,9,1
331,10,1
331,11,1
331,12,0
331,13,0
331,14,1
331,15,0
331,16,0
331,17,1
331,18,0
331,19,1
331,20,0
331,21,0
331,22,0
331,23,1
331,24,0
331,25,0
331,26,0
331,27,0
331,28,0
331,29,0
331,30,0
331,31,0
331,32,0
331,33,0
331,34,0
331,35,0
331,36,0
331,37,0
331,38,0
331,39,0
331,40,0
331,41,0
331,42,0
331,43,0
331,44,0
331,45,1
331,46,0
331,47,0
331,48,0
331,49,0
332,0,0
332,1,0
332,2,0
332,3,0
332,4,1
332,5,0
332,6,0
332,7,0
332,8,0
332,9,0
332,10,0
332,11,0
332,12,0
332,13,0
332,14,0
332,15,0
332,16,0
332,17,0
332,18,0
332,19,0
332,20,1
332,21,1
332,22,0
332,23,0
332,24,0
332,25,0
332,26,0
332,27,0
332,28,0
332,29,0
332,30,0
332,31,0
332,32,0
332,33,0
332,34,1
332,35,0
332,36,0
332,37,0
332,38,0
332,39,0
332,40,0
332,41,0
332,42,0
332,43,1
332,44,1
332,45,0
332,46,0
332,47,0
332,48,0
332,49,0
333,0,1
333,1,0
333,2,0
333,3,0
333,4,0
333,5,0
333,6,0
333,7,0
333,8,0
333,9,0
333,10,0
333,11,0
333,12,1
333,13,0
333,14,0
333,15,0
333,16,1
333,17,0
333,18,0
333,19,0
333,20,1
333,21,1
333,22,0
333,23,0
333,24,0
333,25,1
333,26,0
333,27,0
333,28,0
333,29,0
333,30,0
333,31,0
333,32,0
333,33,0
333,34,0
333,35,0
333,36,0
333,37,0
333,38,0
333,39,0
333,40,0
333,41,1
333,42,0
333,43,0
333,44,0
333,45,0
333,46,0
333,47,0
333,48,0
333,49,0
334,0,0
334,1,0
334,2,0
334,3,0
334,4,0
334,5,0
334,6,0
334,7,0
334,8,0
334,9,0
334,10,0
334,11,0
334,12,1
334,13,0
334,14,0
334,15,1
334,16,0
334,17,0
334,18,0
334,19,0
334,20,1
334,21,0
334,22,0
334,23,0
334,24,1
334,25,0
334,26,0
334,27,0
334,28,1
334,29,0
334,30,0
334,31,0
334,32,1
334,33,0
334,34,0
334,35,0
334,36,0
334,37,0
334,38,0
334,39,1
334,40,0
334,41,1
334,42,0
334,43,0
334,44,0
334,45,0
334,46,0
334,47,0
334,48,1
334,49,0
335,0,1
335,1,0
335,2,0
335,3,0
335,4,1
335,5,1
335,6,0
335,7,1
335,8,0
335,9,0
335,10,0
335,11,1
335,12,0
335,13,0
335,14,1
335,15,0
335,16,0
335,17,1
335,18,0
335,19,1
335,20,1
335,21,0
335,22,0
335,23,0
335,24,0
335,25,0
335,26,0
335,27,0
335,28,0
335,29,1
335,30,0
335,31,1
335,32,0
335,33,1
335,34,0
335,35,0
335,36,0
335,37,0
335,38,0
335,39,0
335,40,0
335,41,1
335,42,1
335,43,1
335,44,0
335,45,0
335,46,1
335,47,0
335,48,1
335,49,0
336,0,0
336,1,0
336,2,1
336,3,0
336,4,1
336,5,0
336,6,0
336,7,0
336,8,0
336,9,0
336,10,0
336,11,0
336,12,1
336,13,0
336,14,0
336,15,0
336,16,0
336,17,0
336,18,1
336,19,0
336,20,0
336,21,1
336,22,0
336,23,0
336,24,0
336,25,1
336,26,0
336,27,0
336,28,0
336,29,0
336,30,0
336,31,0
336,32,1
336,33,0
336,34,0
336,35,0
336,36,0
336,37,0
336,38,0
336,39,1
336,40,0
336,41,0
336,42,0
336,43,1
336,44,0
336,45,1
336,46,0
336,47,1
336,48,0
336,49,0
337,0,1
337,1,0
337,2,1
337,3,0
337,4,0
337,5,0
337,6,0
337,7,0
337,8,0
337,9,0
337,10,0
337,11,0
337,12,0
337,13,0
337,14,0
337,15,0
337,16,0
337,17,0
337,18,1
337,19,1
337,20,0
337,21,1
337,22,0
337,23,0
337,24,0
337,25,0
337,26,0
337,27,0
337,28,0
337,29,1
337,30,0
337,31,1
337,32,0
337,33,0
337,34,0
337,35,0
337,36,0
337,37,0
337,38,0
337,39,0
337,40,0
337,41,0
337,42,1
337,43,0
337,44,1
337,45,0
337,46,0
337,47,1
337,48,0
337,49,0
338,0,0
338,1,1
338,2,1
338,3,1
338,4,0
338,5,0
338,6,0
338,7,0
338,8,1
338,9,0
338,10,0
338,11,1
338,12,0
338,13,0
338,14,1
338,15,1
338,16,0
338,17,0
338,18,0
338,19,0
338,20,0
338,21,1
338,22,0
338,23,0
338,24,1
338,25,0
338,26,0
338,27,0
338,28,0
338,29,0
338,30,0
338,31,0
338,32,0
338,33,0
338,34,0
338,35,1
338,36,0
338,37,0
338,38,0
338,39,0
338,40,1
338,41,0
338,42,1
338,43,0
338,44,1
338,45,0
338,46,0
338,47,0
338,48,0
338,49,0
339,0,1
339,1,0
339,2,0
339,3,1
339,4,0
339,5,1
339,6,0
339,7,0
339,8,1
339,9,1
339,10,0
339,11,0
339,12,0
339,13,0
339,14,0
339,15,0
339,16,0
339,17,0
339,18,1
339,19,0
339,20,1
339,21,0
339,22,1
339,23,0
339,24,0
339,25,0
339,26,0
339,27,0
339,28,0
339,29,1
339,30,0
339,31,0
339,32,0
339,33,0
339,34,0
339,35,0
339,36,0
339,37,0
339,38,0
339,39,1
339,40,0
339,41,0
339,42,0
339,43,1
339,44,0
339,45,0
339,46,0
339,47,0
339,48,0
339,49,0
340,0,0
340,1,0
340,2,1
340,3,0
340,4,0
340,5,0
340,6,0
340,7,0
340,8,1
340,9,0
340,10,0
340,11,1
340,12,0
340,13,0
340,14,0
340,15,1
340,16,0
340,17,0
340,18,1
340,19,0
340,20,0
340,21,0
340,22,0
340,23,0
340,24,1
340,25,0
340,26,0
340,27,0
340,28,0
340,29,0
340,30,1
340,31,0
340,32,0
340,33,0
340,34,0
340,35,0
340,36,0
340,37,0
340,38,0
340,39,0
340,40,0
340,41,0
340,42,0
340,43,1
340,44,0
340,45,0
340,46,0
340,47,0
340,48,0
340,49,0
341,0,0
341,1,0
341,2,0
341,3,0
341,4,0
341,5,0
341,6,0
341,7,0
341,8,0
341,9,0
341,10,0
341,11,1
341,12,1
341,13,0
341,14,1
341,15,0
341,16,0
341,17,0
341,18,0
341,19,0
341,20,0
341,21,0
341,22,0
341,23,0
341,24,0
341,25,0
341,26,1
341,27,0
341,28,0
341,29,0
341,30,0
341,31,1
341,32,1
341,33,0
341,34,0
341,35,0
341,36,0
341,37,0
341,38,0
341,39,0
341,40,0
341,41,0
341,42,1
341,43,0
341,44,0
341,45,1
341,46,1
341,47,0
341,48,0
341,49,0
342,0,0
342,1,0
342,2,1
342,3,0
342,4,0
342,5,0
342,6,0
342,7,1
342,8,0
342,9,0
342,10,0
342,11,0
342,12,0
342,13,0
342,14,0
342,15,0
342,16,0
342,17,0
342,18,0
342,19,0
342,20,1
342,21,0
342,22,0
342,23,0
342,24,0
342,25,0
342,26,1
342,27,0
342,28,0
342,29,0
342,30,0
342,31,1
342,32,1
342,33,0
342,34,1
342,35,0
342,36,0
342,37,0
342,38,0
342,39,0
342,40,0
342,41,0
342,42,1
342,43,0
342,44,0
342,45,0
342,46,0
342,47,1
342,48,0
342,49,0
343,0,0
343,1,0
343,2,0
343,3,0
343,4,0
343,5,0
343,6,0
343,7,0
343,8,0
343,9,0
343,10,0
343,11,1
343,12,0
343,13,1
343,14,1
343,15,0
343,16,0
343,17,1
343,18,1
343,19,0
343,20,0
343,21,0
343,22,0
343,23,0
343,24,0
343,25,0
343,26,0
343,27,1
343,28,0
343,29,0
343,30,1
343,31,0
343,32,0
343,33,0
343,34,1
343,35,1
343,36,0
343,37,0
343,38,0
343,39,0
343,40,0
343,41,0
343,42,0
343,43,1
343,44,0
343,45,0
343,46,0
343,47,0
343,48,0
343,49,0
344,0,0
344,1,0
344,2,0
344,3,0
344,4,0
344,5,0
344,6,0
344,7,0
344,8,1
344,9,0
344,10,0
344,11,0
344,12,1
344,13,0
344,14,0
344,15,0
344,16,0
344,17,0
344,18,0
344,19,1
344,20,0
344,21,0
344,22,1
344,23,0
344,24,0
344,25,0
344,26,1
344,27,0
344,28,0
344,29,0
344,30,0
344,31,0
344,32,0
344,33,1
344,34,0
344,35,0
344,36,1
344,37,0
344,38,0
344,39,0
344,40,0
344,41,0
344,42,0
344,43,0
344,44,1
344,45,0
344,46,0
344,47,1
344,48,0
344,49,0
345,0,0
345,1,0
345,2,1
345,3,0
345,4,1
345,5,0
345,6,0
345,7,0
345,8,0
345,9,0
345,10,0
345,11,0
345,12,0
345,13,1
345,14,1
345,15,0
345,16,0
345,17,1
345,18,1
345,19,0
345,20,1
345,21,0
345,22,0
345,23,1
345,24,1
345,25,1
345,26,0
345,27,0
345,28,0
345,29,0
345,30,0
345,31,0
345,32,0
345,33,0
345,34,1
345,35,0
345,36,0
345,37,0
345,38,0
345,39,0
345,40,0
345,41,1
345,42,0
345,43,1
345,44,1
345,45,0
345,46,0
345,47,0
345,48,1
345,49,0
346,0,0
346,1,0
346,2,1
346,3,1
346,4,1
346,5,0
346,6,0
346,7,0
346,8,0
346,9,0
346,10,0
346,11,1
346,12,0
346,13,0
346,14,1
346,15,0
346,16,0
346,17,0
346,18,0
346,19,0
346,20,1
346,21,0
346,22,0
346,23,1
346,24,0
346,25,1
346,26,0
346,27,0
346,28,0
346,29,0
346,30,0
346,31,0
346,32,1
346,33,1
346,34,0
346,35,0
346,36,0
346,37,0
346,38,0
346,39,1
346,40,0
346,41,0
346,42,0
346,43,0
346,44,0
346,45,0
346,46,0
346,47,0
346,48,0
346,49,0
347,0,0
347,1,1
347,2,1
347,3,1
347,4,0
347,5,0
347,6,0
347,7,0
347,8,0
347,9,0
347,10,0
347,11,1
347,12,1
347,13,1
347,14,0
347,15,0
347,16,0
347,17,1
347,18,0
347,19,0
347,20,0
347,21,0
347,22,1
347,23,0
347,24,0
347,25,0
347,26,0
347,27,0
347,28,0
347,29,0
347,30,1
347,31,0
347,32,0
347,33,0
347,34,0
347,35,0
347,36,0
347,37,0
347,38,0
347,39,0
347,40,0
347,41,0
347,42,0
347,43,1
347,44,0
347,45,0
347,46,0
347,47,0
347,48,0
347,49,0
348,0,1
348,1,0
348,2,0
348,3,1
348,4,1
348,5,0
348,6,0
348,7,0
348,8,1
348,9,0
348,10,0
348,11,0
348,12,0
348,13,0
348,14,0
348,15,0
348,16,1
348,17,0
348,18,0
348,19,0
348,20,0
348,21,0
348,22,1
348,23,0
348,24,1
348,25,1
348,26,0
348,27,0
348,28,0
348,29,0
348,30,0
348,31,1
348,32,0
348,33,1
348,34,0
348,35,0
348,36,0
348,37,0
348,38,0
348,39,0
348,40,0
348,41,0
348,42,0
348,43,0
348,44,1
348,45,1
348,46,0
348,47,0
348,48,0
348,49,0
349,0,0
349,1,0
349,2,1
349,3,0
349,4,0
349,5,0
349,6,0
349,7,0
349,8,0
349,9,0
349,10,0
349,11,0
349,12,1
349,13,0
349,14,0
349,15,0
349,16,0
349,17,1
349,18,1
349,19,0
349,20,0
349,21,0
349,22,0
349,23,0
349,24,0
349,25,0
349,26,0
349,27,0
349,28,0
349,29,0
349,30,1
349,31,0
349,32,0
349,33,1
349,34,0
349,35,0
349,36,0
349,37,0
349,38,0
349,39,0
349,40,0
349,41,0
349,42,1
349,43,0
349,44,0
349,45,0
349,46,0
349,47,0
349,48,1
349,49,0
350,0,1
350,1,0
350,2,0
350,3,0
350,4,0
350,5,0
350,6,0
350,7,0
350,8,1
350,9,0
350,10,0
350,11,0
350,12,0
350,13,0
350,14,0
350,15,0
350,16,0
350,17,0
350,18,0
350,19,0
350,20,1
350,21,0
350,22,0
350,23,0
350,24,0
350,25,0
350,26,0
350,27,0
350,28,0
350,29,0
350,30,0
350,31,1
350,32,1
350,33,0
350,34,0
350,35,0
350,36,0
350,37,1
350,38,0
350,39,0
350,40,0
350,41,0
350,42,0
350,43,1
350,44,1
350,45,0
350,46,0
350,47,0
350,48,0
350,49,0
351,0,0
351,1,0
351,2,0
351,3,0
351,4,0
351,5,0
351,6,0
351,7,0
351,8,1
351,9,0
351,10,1
351,11,0
351,12,0
351,13,0
351,14,0
351,15,0
351,16,0
351,17,0
351,18,0
351,19,0
351,20,1
351,21,1
351,22,1
351,23,0
351,24,1
351,25,0
351,26,0
351,27,0
351,28,0
351,29,0
351,30,0
351,31,0
351,32,0
351,33,0
351,34,1
351,35,0
351,36,0
351,37,0
351,38,0
351,39,1
351,40,0
351,41,0
351,42,0
351,43,0
351,44,0
351,45,0
351,46,0
351,47,0
351,48,0
351,49,0
352,0,0
352,1,0
352,2,0
352,3,0
352,4,0
352,5,0
352,6,0
352,7,0
352,8,0
352,9,0
352,10,0
352,11,0
352,12,0
352,13,0
352,14,0
352,15,0
352,16,0
352,17,0
352,18,0
352,19,0
352,20,0
352,21,0
352,22,0
352,23,0
352,24,0
352,25,0
352,26,0
352,27,0
352,28,0
352,29,0
352,30,0
352,31,1
352,32,0
352,33,0
352,34,0
352,35,0
352,36,0
352,37,0
352,38,0
352,39,1
352,40,0
352,41,0
352,42,0
352,43,0
352,44,1
352,45,0
352,46,0
352,47,0
352,48,0
352,49,0
353,0,0
353,1,1
353,2,0
353,3,0
353,4,0
353,5,0
353,6,0
353,7,0
353,8,0
353,9,0
353,10,1
353,11,0
353,12,0
353,13,0
353,14,0
353,15,0
353,16,0
353,17,0
353,18,0
353,19,0
353,20,0
353,21,0
353,22,0
353,23,0
353,24,1
353,25,0
353,26,0
353,27,0
353,28,0
353,29,0
353,30,0
353,31,0
353,32,0
353,33,0
353,34,0
353,35,0
353,36,0
353,37,0
353,38,0
353,39,0
353,40,0
353,41,0
353,42,0
353,43,0
353,44,0
353,45,0
353,46,0
353,47,0
353,48,1
353,49,0
354,0,0
354,1,0
354,2,0
354,3,0
354,4,0
354,5,0
354,6,0
354,7,0
354,8,0
354,9,0
354,10,1
354,11,1
354,12,1
354,13,0
354,14,0
354,15,0
354,16,0
354,17,0
354,18,0
354,19,0
354,20,0
354,21,0
354,22,0
354,23,0
354,24,0
354,25,0
354,26,0
354,27,0
354,28,0
354,29,0
354,30,0
354,31,0
354,32,0
354,33,0
354,34,0
354,35,0
354,36,0
354,37,0
354,38,1
354,39,0
354,40,0
354,41,0
354,42,0
354,43,0
354,44,1
354,45,0
354,46,0
354,47,0
354,48,0
354,49,0
355,0,0
355,1,0
355,2,0
355,3,0
355,4,0
355,5,1
355,6,0
355,7,0
355,8,0
355,9,0
355,10,0
355,11,0
355,12,0
355,13,0
355,14,0
355,15,1
355,16,0
355,17,0
355,18,1
355,19,0
355,20,0
355,21,1
355,22,0
355,23,0
355,24,0
355,25,0
355,26,0
355,27,0
355,28,0
355,29,0
355,30,0
355,31,0
355,32,0
355,33,0
355,34,0
355,35,1
355,36,0
355,37,0
355,38,0
355,39,0
355,40,0
355,41,0
355,42,0
355,43,0
355,44,0
355,45,0
355,46,0
355,47,0
355,48,1
355,49,0
356,0,0
356,1,0
356,2,1
356,3,0
356,4,0
356,5,1
356,6,1
356,7,0
356,8,0
356,9,0
356,10,0
356,11,0
356,12,1
356,13,1
356,14,0
356,15,0
356,16,0
356,17,0
356,18,0
356,19,0
356,20,0
356,21,0
356,22,0
356,23,0
356,24,1
356,25,1
356,26,0
356,27,0
356,28,0
356,29,0
356,30,0
356,31,0
356,32,1
356,33,0
356,34,1
356,35,0
356,36,0
356,37,0
356,38,0
356,39,0
356,40,0
356,41,0
356,42,0
356,43,0
356,44,0
356,45,0
356,46,0
356,47,0
356,48,0
356,49,0
357,0,0
357,1,1
357,2,0
357,3,0
357,4,0
357,5,0
357,6,0
357,7,0
357,8,1
357,9,0
357,10,0
357,11,0
357,12,0
357,13,0
357,14,0
357,15,0
357,16,0
357,17,0
357,18,0
357,19,0
357,20,0
357,21,0
357,22,0
357,23,0
357,24,0
357,25,1
357,26,0
357,27,0
357,28,1
357,29,0
357,30,0
357,31,0
357,32,0
357,33,0
357,34,0
357,35,0
357,36,1
357,37,0
357,38,0
357,39,0
357,40,0
357,41,0
357,42,0
357,43,0
357,44,0
357,45,0
357,46,0
357,47,1
357,48,0
357,49,0
358,0,0
358,1,0
358,2,1
358,3,0
358,4,0
358,5,0
358,6,0
358,7,0
358,8,0
358,9,0
358,10,0
358,11,1
358,12,1
358,13,1
358,14,1
358,15,0
358,16,0
358,17,0
358,18,0
358,19,0
358,20,0
358,21,0
358,22,1
358,23,0
358,24,0
358,25,0
358,26,0
358,27,0
358,28,0
358,29,0
358,30,1
358,31,0
358,32,0
358,33,0
358,34,0
358,35,0
358,36,0
358,37,0
358,38,0
358,39,0
358,40,0
358,41,0
358,42,0
358,43,0
358,44,1
358,45,0
358,46,0
358,47,0
358,48,0
358,49,0
359,0,0
359,1,0
359,2,0
359,3,0
359,4,0
359,5,0
359,6,0
359,7,0
359,8,0
359,9,0
359,10,0
359,11,0
359,12,1
359,13,0
359,14,1
359,15,0
359,16,0
359,17,0
359,18,0
359,19,0
359,20,0
359,21,0
359,22,0
359,23,1
359,24,0
359,25,0
359,26,0
359,27,0
359,28,0
359,29,0
359,30,1
359,31,0
359,32,0
359,33,0
359,34,0
359,35,0
359,36,0
359,37,0
359,38,0
359,39,1
359,40,1
359,41,1
359,42,0
359,43,0
359,44,1
359,45,0
359,46,0
359,47,1
359,48,0
359,49,0
360,0,1
360,1,0
360,2,0
360,3,0
360,4,1
360,5,0
360,6,1
360,7,0
360,8,1
360,9,0
360,10,1
360,11,1
360,12,1
360,13,0
360,14,0
360,15,0
360,16,0
360,17,0
360,18,0
360,19,1
360,20,0
360,21,1
360,22,0
360,23,0
360,24,0
360,25,0
360,26,0
360,27,0
360,28,0
360,29,0
360,30,0
360,31,0
360,32,0
360,33,1
360,34,0
360,35,0
360,36,1
360,37,0
360,38,0
360,39,0
360,40,0
360,41,0
360,42,0
360,43,0
360,44,1
360,45,0
360,46,0
360,47,0
360,48,0
360,49,0
361,0,1
361,1,1
361,2,0
361,3,0
361,4,0
361,5,0
361,6,0
361,7,0
361,8,0
361,9,0
361,10,1
361,11,0
361,12,1
361,13,0
361,14,0
361,15,1
361,16,1
361,17,0
361,18,1
361,19,0
361,20,1
361,21,1
361,22,0
361,23,1
361,24,0
361,25,0
361,26,0
361,27,0
361,28,0
361,29,0
361,30,1
361,31,0
361,32,0
361,33,1
361,34,0
361,35,0
361,36,0
361,37,1
361,38,0
361,39,0
361,40,1
361,41,0
361,42,0
361,43,0
361,44,0
361,45,0
361,46,0
361,47,0
361,48,0
361,49,0
362,0,1
362,1,0
362,2,0
362,3,0
362,4,0
362,5,0
362,6,0
362,7,0
362,8,0
362,9,0
362,10,0
362,11,1
362,12,1
362,13,0
362,14,0
362,15,0
362,16,0
362,17,0
362,18,1
362,19,0
362,20,0
362,21,0
362,22,1
362,23,0
362,24,0
362,25,0
362,26,0
362,27,0
362,28,0
362,29,0
362,30,0
362,31,0
362,32,0
362,33,0
362,34,1
362,35,1
362,36,0
362,37,1
362,38,0
362,39,0
362,40,0
362,41,0
362,42,0
362,43,0
362,44,0
362,45,0
362,46,0
362,47,1
362,48,0
362,49,0
363,0,0
363,1,0
363,2,1
363,3,0
363,4,1
363,5,0
363,6,0
363,7,0
363,8,1
363,9,0
363,10,0
363,11,1
363,12,1
363,13,0
363,14,0
363,15,0
363,16,0
363,17,0
363,18,0
363,19,0
363,20,0
363,21,1
363,22,0
363,23,0
363,24,1
363,25,0
363,26,0
363,27,0
363,28,0
363,29,0
363,30,1
363,31,1
363,32,0
363,33,0
363,34,0
363,35,0
363,36,0
363,37,0
363,38,0
363,39,0
363,40,0
363,41,1
363,42,0
363,43,1
363,44,1
363,45,0
363,46,0
363,47,0
363,48,0
363,49,0
364,0,0
364,1,0
364,2,0
364,3,1
364,4,0
364,5,1
364,6,1
364,7,0
364,8,0
364,9,0
364,10,0
364,11,0
364,12,0
364,13,0
364,14,0
364,15,0
364,16,0
364,17,0
364,18,0
364,19,1
364,20,0
364,21,0
364,22,0
364,23,0
364,24,1
364,25,0
364,26,0
364,27,1
364,28,0
364,29,0
364,30,1
364,31,0
364,32,1
364,33,1
364,34,0
364,35,0
364,36,0
364,37,0
364,38,0
364,39,0
364,40,0
364,41,0
364,42,0
364,43,0
364,44,0
364,45,1
364,46,0
364,47,1
364,48,0
364,49,0
365,0,0
365,1,1
365,2,0
365,3,0
365,4,0
365,5,0
365,6,0
365,7,0
365,8,0
365,9,0
365,10,0
365,11,0
365,12,0
365,13,0
365,14,0
365,15,0
365,16,0
365,17,0
365,18,0
365,19,0
365,20,0
365,21,0
365,22,1
365,23,0
365,24,0
365,25,0
365,26,0
365,27,0
365,28,0
365,29,0
365,30,1
365,31,1
365,32,0
365,33,1
365,34,1
365,35,0
365,36,1
365,37,0
365,38,0
365,39,1
365,40,0
365,41,0
365,42,0
365,43,0
365,44,0
365,45,0
365,46,0
365,47,0
365,48,0
365,49,0
366,0,0
366,1,0
366,2,0
366,3,0
366,4,1
366,5,1
366,6,0
366,7,0
366,8,0
366,9,0
366,10,0
366,11,0
366,12,1
366,13,0
366,14,0
366,15,0
366,16,0
366,17,1
366,18,0
366,19,0
366,20,1
366,21,0
366,22,0
366,23,0
366,24,1
366,25,1
366,26,0
366,27,0
366,28,0
366,29,0
366,30,1
366,31,0
366,32,0
366,33,1
366,34,0
366,35,0
366,36,0
366,37,0
366,38,0
366,39,0
366,40,0
366,41,0
366,42,0
366,43,0
366,44,1
366,45,1
366,46,1
366,47,1
366,48,0
366,49,0
367,0,0
367,1,0
367,2,0
367,3,1
367,4,0
367,5,0
367,6,0
367,7,0
367,8,0
367,9,0
367,10,0
367,11,0
367,12,0
367,13,0
367,14,0
367,15,0
367,16,0
367,17,1
367,18,0
367,19,0
367,20,0
367,21,1
367,22,1
367,23,1
367,24,1
367,25,0
367,26,0
367,27,1
367,28,1
367,29,0
367,30,1
367,31,0
367,32,0
367,33,0
367,34,0
367,35,0
367,36,0
367,37,0
367,38,0
367,39,1
367,40,0
367,41,0
367,42,0
367,43,0
367,44,0
367,45,0
367,46,0
367,47,0
367,48,0
367,49,0
368,0,0
368,1,1
368,2,0
368,3,0
368,4,1
368,5,0
368,6,1
368,7,0
368,8,0
368,9,0
368,10,1
368,11,0
368,12,0
368,13,0
368,14,1
368,15,1
368,16,0
368,17,0
368,18,0
368,19,0
368,20,0
368,21,0
368,22,0
368,23,0
368,24,0
368,25,0
368,26,0
368,27,0
368,28,0
368,29,0
368,30,0
368,31,0
368,32,0
368,33,1
368,34,0
368,35,0
368,36,1
368,37,1
368,38,0
368,39,0
368,40,0
368,41,0
368,42,0
368,43,0
368,44,0
368,45,0
368,46,0
368,47,0
368,48,0
368,49,0
369,0,0
369,1,0
369,2,0
369,3,1
369,4,0
369,5,0
369,6,0
369,7,0
369,8,0
369,9,0
369,10,0
369,11,1
369,12,0
369,13,1
369,14,1
369,15,0
369,16,0
369,17,0
369,18,0
369,19,0
369,20,0
369,21,0
369,22,0
369,23,1
369,24,0
369,25,0
369,26,0
369,27,0
369,28,0
369,29,0
369,30,0
369,31,1
369,32,0
369,33,0
369,34,0
369,35,1
369,36,0
369,37,0
369,38,0
369,39,0
369,40,0
369,41,1
369,42,0
369,43,0
369,44,0
369,45,0
369,46,0
369,47,0
369,48,0
369,49,0
370,0,0
370,1,0
370,2,1
370,3,0
370,4,1
370,5,0
370,6,0
370,7,0
370,8,0
370,9,0
370,10,0
370,11,0
370,12,0
370,13,0
370,14,0
370,15,1
370,16,0
370,17,0
370,18,0
370,19,0
370,20,0
370,21,1
370,22,1
370,23,0
370,24,0
370,25,0
370,26,0
370,27,0
370,28,0
370,29,0
370,30,0
370,31,0
370,32,0
370,33,1
370,34,0
370,35,0
370,36,1
370,37,0
370,38,0
370,39,1
370,40,0
370,41,0
370,42,0
370,43,0
370,44,0
370,45,0
370,46,0
370,47,0
370,48,0
370,49,0
371,0,0
371,1,0
371,2,0
371,3,0
371,4,0
371,5,0
371,6,0
371,7,0
371,8,0
371,9,0
371,10,1
371,11,0
371,12,0
371,13,0
371,14,0
371,15,1
371,16,0
371,17,0
371,18,1
371,19,0
371,20,1
371,21,1
371,22,0
371,23,0
371,24,0
371,25,0
371,26,0
371,27,0
371,28,0
371,29,1
371,30,0
371,31,1
371,32,0
371,33,0
371,34,0
371,35,0
371,36,0
371,37,0
371,38,0
371,39,0
371,40,0
371,41,0
371,42,0
371,43,0
371,44,0
371,45,1
371,46,0
371,47,0
371,48,0
371,49,0
372,0,0
372,1,0
372,2,1
372,3,1
372,4,0
372,5,0
372,6,0
372,7,0
372,8,0
372,9,0
372,10,0
372,11,0
372,12,0
372,13,0
372,14,0
372,15,0
372,16,0
372,17,0
372,18,0
372,19,0
372,20,0
372,21,0
372,22,1
372,23,0
372,24,1
372,25,0
372,26,0
372,27,0
372,28,0
372,29,0
372,30,0
372,31,0
372,32,0
372,33,0
372,34,0
372,35,0
372,36,0
372,37,0
372,38,0
372,39,1
372,40,0
372,41,0
372,42,0
372,43,1
372,44,0
372,45,0
372,46,0
372,47,0
372,48,0
372,49,0
373,0,1
373,1,1
373,2,0
373,3,0
373,4,0
373,5,0
373,6,0
373,7,0
373,8,1
373,9,0
373,10,0
373,11,1
373,12,1
373,13,0
373,14,0
373,15,1
373,16,0
373,17,0
373,18,0
373,19,0
373,20,0
373,21,1
373,22,0
373,23,0
373,24,0
373,25,0
373,26,0
373,27,1
373,28,0
373,29,0
373,30,0
373,31,1
373,32,0
373,33,1
373,34,0
373,35,0
373,36,0
373,37,0
373,38,0
373,39,0
373,40,0
373,41,0
373,42,0
373,43,1
373,44,1
373,45,0
373,46,0
373,47,0
373,48,0
373,49,1
374,0,1
374,1,0
374,2,0
374,3,0
374,4,1
374,5,0
374,6,0
374,7,0
374,8,0
374,9,0
374,10,0
374,11,1
374,12,0
374,13,0
374,14,1
374,15,0
374,16,0
374,17,0
374,18,0
374,19,0
374,20,0
374,21,1
374,22,0
374,23,0
374,24,0
374,25,0
374,26,0
374,27,0
374,28,0
374,29,0
374,30,1
374,31,0
374,32,0
374,33,0
374,34,0
374,35,0
374,36,0
374,37,0
374,38,0
374,39,0
374,40,0
374,41,0
374,42,0
374,43,1
374,44,1
374,45,0
374,46,0
374,47,0
374,48,0
374,49,0
375,0,0
375,1,0
375,2,1
375,3,0
375,4,0
375,5,0
375,6,0
375,7,1
375,8,1
375,9,0
375,10,0
375,11,0
375,12,0
375,13,0
375,14,0
375,15,1
375,16,0
375,17,1
375,18,0
375,19,0
375,20,1
375,21,0
375,22,0
375,23,0
375,24,0
375,25,0
375,26,0
375,27,0
375,28,0
375,29,0
375,30,1
375,31,1
375,32,0
375,33,0
375,34,0
375,35,1
375,36,0
375,37,0
375,38,1
375,39,1
375,40,0
375,41,0
375,42,0
375,43,0
375,44,0
375,45,0
375,46,0
375,47,0
375,48,1
375,49,1
376,0,0
376,1,0
376,2,0
376,3,0
376,4,0
376,5,0
376,6,0
376,7,0
376,8,0
376,9,0
376,10,0
376,11,1
376,12,0
376,13,0
376,14,0
376,15,0
376,16,0
376,17,0
376,18,0
376,19,0
376,20,0
376,21,0
376,22,1
376,23,0
376,24,1
376,25,0
376,26,0
376,27,0
376,28,0
376,29,0
376,30,0
376,31,0
376,32,0
376,33,0
376,34,0
376,35,0
376,36,0
376,37,0
376,38,0
376,39,0
376,40,0
376,41,0
376,42,0
376,43,0
376,44,1
376,45,0
376,46,0
376,47,0
376,48,1
376,49,0
377,0,0
377,1,0
377,2,0
377,3,0
377,4,0
377,5,0
377,6,1
377,7,0
377,8,0
377,9,0
377,10,1
377,11,0
377,12,0
377,13,0
377,14,0
377,15,0
377,16,0
377,17,0
377,18,0
377,19,1
377,20,1
377,21,1
377,22,0
377,23,0
377,24,1
377,25,0
377,26,0
377,27,0
377,28,0
377,29,0
377,30,0
377,31,0
377,32,0
377,33,0
377,34,0
377,35,0
377,36,0
377,37,0
377,38,1
377,39,0
377,40,0
377,41,0
377,42,0
377,43,1
377,44,0
377,45,0
377,46,0
377,47,0
377,48,0
377,49,0
378,0,0
378,1,0
378,2,1
378,3,0
378,4,0
378,5,0
378,6,0
378,7,0
378,8,0
378,9,0
378,10,1
378,11,0
378,12,0
378,13,0
378,14,0
378,15,1
378,16,0
378,17,1
378,18,0
378,19,0
378,20,0
378,21,0
378,22,0
378,23,1
378,24,0
378,25,0
378,26,0
378,27,0
378,28,0
378,29,0
378,30,1
378,31,0
378,32,1
378,33,0
378,34,0
378,35,1
378,36,0
378,37,0
378,38,0
378,39,0
378,40,0
378,41,0
378,42,0
378,43,1
378,44,0
378,45,1
378,46,0
378,47,0
378,48,0
378,49,0
379,0,0
379,1,1
379,2,1
379,3,0
379,4,0
379,5,0
379,6,0
379,7,0
379,8,0
379,9,1
379,10,0
379,11,0
379,12,0
379,13,1
379,14,0
379,15,0
379,16,0
379,17,0
379,18,0
379,19,0
379,20,1
379,21,0
379,22,0
379,23,0
379,24,0
379,25,0
379,26,0
379,27,1
379,28,0
379,29,0
379,30,0
379,31,1
379,32,0
379,33,0
379,34,0
379,35,0
379,36,0
379,37,0
379,38,0
379,39,0
379,40,0
379,41,0
379,42,0
379,43,0
379,44,1
379,45,0
379,46,0
379,47,1
379,48,0
379,49,0
380,0,0
380,1,0
380,2,1
380,3,1
380,4,0
380,5,1
380,6,1
380,7,1
380,8,0
380,9,0
380,10,0
380,11,0
380,12,1
380,13,1
380,14,1
380,15,0
380,16,0
380,17,0
380,18,0
380,19,0
380,20,0
380,21,0
380,22,0
380,23,0
380,24,1
380,25,0
380,26,0
380,27,0
380,28,0
380,29,1
380,30,0
380,31,0
380,32,0
380,33,0
380,34,0
380,35,1
380,36,0
380,37,0
380,38,1
380,39,0
380,40,0
380,41,0
380,42,1
380,43,0
380,44,0
380,45,0
380,46,0
380,47,1
380,48,1
380,49,0
381,0,0
381,1,0
381,2,1
381,3,0
381,4,0
381,5,0
381,6,0
381,7,0
381,8,0
381,9,0
381,10,0
381,11,0
381,12,1
381,13,0
381,14,0
381,15,1
381,16,0
381,17,1
381,18,0
381,19,0
381,20,1
381,21,0
381,22,0
381,23,0
381,24,0
381,25,0
381,26,0
381,27,0
381,28,0
381,29,0
381,30,1
381,31,1
381,32,0
381,33,0
381,34,0
381,35,0
381,36,0
381,37,0
381,38,0
381,39,0
381,40,0
381,41,0
381,42,0
381,43,1
381,44,1
381,45,0
381,46,0
381,47,0
381,48,0
381,49,0
382,0,0
382,1,0
382,2,0
382,3,0
382,4,1
382,5,0
382,6,1
382,7,0
382,8,0
382,9,0
382,10,0
382,11,0
382,12,0
382,13,0
382,14,1
382,15,0
382,16,0
382,17,0
382,18,0
382,19,0
382,20,1
382,21,1
382,22,0
382,23,0
382,24,1
382,25,0
382,26,0
382,27,0
382,28,0
382,29,0
382,30,1
382,31,0
382,32,0
382,33,0
382,34,0
382,35,0
382,36,0
382,37,0
382,38,0
382,39,0
382,40,0
382,41,0
382,42,0
382,43,0
382,44,1
382,45,1
382,46,0
382,47,0
382,48,0
382,49,1
383,0,0
383,1,1
383,2,0
383,3,0
383,4,0
383,5,0
383,6,1
383,7,1
383,8,0
383,9,0
383,10,0
383,11,0
383,12,1
383,13,0
383,14,1
383,15,1
383,16,0
383,17,0
383,18,1
383,19,0
383,20,0
383,21,1
383,22,0
383,23,0
383,24,0
383,25,0
383,26,0
383,27,0
383,28,1
383,29,0
383,30,0
383,31,1
383,32,0
383,33,0
383,34,0
383,35,0
383,36,0
383,37,0
383,38,0
383,39,0
383,40,0
383,41,0
383,42,1
383,43,0
383,44,1
383,45,0
383,46,0
383,47,1
383,48,0
383,49,1
384,0,0
384,1,0
384,2,1
384,3,0
384,4,0
384,5,0
384,6,0
384,7,0
384,8,0
384,9,0
384,10,0
384,11,0
384,12,0
384,13,0
384,14,0
384,15,0
384,16,0
384,17,0
384,18,1
384,19,0
384,20,0
384,21,0
384,22,0
384,23,0
384,24,0
384,25,0
384,26,0
384,27,0
384,28,0
384,29,0
384,30,0
384,31,0
384,32,0
384,33,0
384,34,0
384,35,0
384,36,0
384,37,0
384,38,0
384,39,0
384,40,0
384,41,0
384,42,1
384,43,0
384,44,1
384,45,0
384,46,0
384,47,0
384,48,0
384,49,0
385,0,0
385,1,0
385,2,0
385,3,0
385,4,0
385,5,0
385,6,0
385,7,0
385,8,1
385,9,0
385,10,1
385,11,0
385,12,1
385,13,0
385,14,1
385,15,0
385,16,0
385,17,0
385,18,1
385,19,0
385,20,0
385,21,0
385,22,1
385,23,0
385,24,0
385,25,0
385,26,0
385,27,0
385,28,0
385,29,0
385,30,0
385,31,0
385,32,0
385,33,0
385,34,0
385,35,0
385,36,0
385,37,0
385,38,0
385,39,0
385,40,0
385,41,0
385,42,0
385,43,0
385,44,0
385,45,0
385,46,0
385,47,0
385,48,1
385,49,0
386,0,0
386,1,0
386,2,1
386,3,1
386,4,0
386,5,0
386,6,1
386,7,0
386,8,0
386,9,0
386,10,0
386,11,1
386,12,0
386,13,0
386,14,0
386,15,1
386,16,0
386,17,0
386,18,0
386,19,0
386,20,0
386,21,0
386,22,0
386,23,0
386,24,0
386,25,0
386,26,0
386,27,0
386,28,1
386,29,0
386,30,1
386,31,0
386,32,0
386,33,0
386,34,1
386,35,0
386,36,0
386,37,0
386,38,1
386,39,0
386,40,0
386,41,0
386,42,0
386,43,0
386,44,0
386,45,0
386,46,0
386,47,0
386,48,0
386,49,0
387,0,1
387,1,1
387,2,0
387,3,0
387,4,0
387,5,0
387,6,0
387,7,0
387,8,0
387,9,0
387,10,0
387,11,0
387,12,0
387,13,0
387,14,0
387,15,0
387,16,0
387,17,0
387,18,0
387,19,0
387,20,0
387,21,0
387,22,0
387,23,0
387,24,0
387,25,0
387,26,0
387,27,0
387,28,0
387,29,0
387,30,1
387,31,0
387,32,0
387,33,0
387,34,0
387,35,1
387,36,0
387,37,1
387,38,0
387,39,0
387,40,0
387,41,0
387,42,1
387,43,1
387,44,0
387,45,0
387,46,0
387,47,0
387,48,0
387,49,0
388,0,0
388,1,0
388,2,0
388,3,0
388,4,0
388,5,0
388,6,0
388,7,0
388,8,0
388,9,0
388,10,0
388,11,0
388,12,0
388,13,0
388,14,0
388,15,0
388,16,0
388,17,0
388,18,0
388,19,0
388,20,0
388,21,0
388,22,0
388,23,0
388,24,0
388,25,0
388,26,0
388,27,0
388,28,1
388,29,0
388,30,1
388,31,1
388,32,0
388,33,0
388,34,0
388,35,0
388,36,0
388,37,0
388,38,0
388,39,0
388,40,0
388,41,0
388,42,0
388,43,1
388,44,1
388,45,0
388,46,0
388,47,1
388,48,0
388,49,0
389,0,0
389,1,0
389,2,0
389,3,1
389,4,0
389,5,0
389,6,0
389,7,0
389,8,0
389,9,0
389,10,0
389,11,0
389,12,0
389,13,0
389,14,0
389,15,0
389,16,0
389,17,0
389,18,1
389,19,0
389,20,1
389,21,0
389,22,0
389,23,0
389,24,0
389,25,0
389,26,0
389,27,0
389,28,0
389,29,0
389,30,0
389,31,0
389,32,0
389,33,0
389,34,0
389,35,0
389,36,0
389,37,0
389,38,0
389,39,1
389,40,0
389,41,0
389,42,0
389,43,0
389,44,1
389,45,1
389,46,0
389,47,1
389,48,0
389,49,0
390,0,1
390,1,1
390,2,1
390,3,0
390,4,0
390,5,0
390,6,1
390,7,0
390,8,0
390,9,0
390,10,1
390,11,1
390,12,0
390,13,1
390,14,0
390,15,1
390,16,0
390,17,0
390,18,0
390,19,0
390,20,1
390,21,0
390,22,0
390,23,0
390,24,0
390,25,0
390,26,1
390,27,0
390,28,0
390,29,0
390,30,0
390,31,0
390,32,0
390,33,0
390,34,0
390,35,0
390,36,0
390,37,0
390,38,0
390,39,0
390,40,0
390,41,0
390,42,0
390,43,0
390,44,0
390,45,0
390,46,1
390,47,0
390,48,1
390,49,0
391,0,0
391,1,1
391,2,0
391,3,0
391,4,1
391,5,0
391,6,0
391,7,0
391,8,0
391,9,0
391,10,0
391,11,1
391,12,0
391,13,0
391,14,0
391,15,1
391,16,0
391,17,0
391,18,0
391,19,0
391,20,0
391,21,0
391,22,1
391,23,1
391,24,0
391,25,0
391,26,0
391,27,0
391,28,0
391,29,0
391,30,0
391,31,0
391,32,1
391,33,0
391,34,0
391,35,0
391,36,0
391,37,0
391,38,1
391,39,0
391,40,0
391,41,0
391,42,0
391,43,0
391,44,1
391,45,1
391,46,0
391,47,1
391,48,0
391,49,0
392,0,0
392,1,0
392,2,0
392,3,1
392,4,0
392,5,0
392,6,0
392,7,0
392,8,1
392,9,0
392,10,0
392,11,0
392,12,0
392,13,0
392,14,0
392,15,0
392,16,0
392,17,0
392,18,0
392,19,0
392,20,0
392,21,0
392,22,0
392,23,1
392,24,0
392,25,0
392,26,1
392,27,0
392,28,0
392,29,0
392,30,1
392,31,0
392,32,0
392,33,1
392,34,0
392,35,1
392,36,0
392,37,0
392,38,0
392,39,1
392,40,0
392,41,0
392,42,0
392,43,1
392,44,1
392,45,0
392,46,0
392,47,0
392,48,1
392,49,0
393,0,1
393,1,1
393,2,1
393,3,1
393,4,1
393,5,1
393,6,1
393,7,0
393,8,0
393,9,0
393,10,1
393,11,0
393,12,0
393,13,0
393,14,0
393,15,1
393,16,0
393,17,0
393,18,0
393,19,0
393,20,1
393,21,0
393,22,0
393,23,0
393,24,0
393,25,0
393,26,1
393,27,0
393,28,1
393,29,0
393,30,1
393,31,1
393,32,1
393,33,0
393,34,0
393,35,0
393,36,0
393,37,0
393,38,0
393,39,0
393,40,0
393,41,0
393,42,0
393,43,0
393,44,0
393,45,1
393,46,0
393,47,1
393,48,0
393,49,0
394,0,0
394,1,0
394,2,1
394,3,0
394,4,0
394,5,0
394,6,1
394,7,0
394,8,0
394,9,0
394,10,1
394,11,0
394,12,1
394,13,0
394,14,0
394,15,0
394,16,0
394,17,1
394,18,1
394,19,0
394,20,0
394,21,0
394,22,1
394,23,0
394,24,0
394,25,0
394,26,0
394,27,0
394,28,0
394,29,0
394,30,1
394,31,0
394,32,0
394,33,0
394,34,0
394,35,0
394,36,0
394,37,0
394,38,0
394,39,0
394,40,0
394,41,0
394,42,0
394,43,0
394,44,0
394,45,0
394,46,0
394,47,0
394,48,0
394,49,0
395,0,0
395,1,0
395,2,1
395,3,0
395,4,0
395,5,0
395,6,1
395,7,0
395,8,0
395,9,0
395,10,0
395,11,0
395,12,0
395,13,0
395,14,0
395,15,0
395,16,0
395,17,0
395,18,1
395,19,0
395,20,0
395,21,0
395,22,1
395,23,0
395,24,0
395,25,0
395,26,0
395,27,0
395,28,0
395,29,1
395,30,0
395,31,0
395,32,0
395,33,1
395,34,0
395,35,0
395,36,0
395,37,1
395,38,0
395,39,0
395,40,0
395,41,0
395,42,0
395,43,0
395,44,1
395,45,0
395,46,1
395,47,0
395,48,0
395,49,0
396,0,0
396,1,0
396,2,0
396,3,1
396,4,0
396,5,0
396,6,0
396,7,0
396,8,0
396,9,0
396,10,0
396,11,0
396,12,0
396,13,0
396,14,1
396,15,0
396,16,0
396,17,0
396,18,0
396,19,0
396,20,0
396,21,0
396,22,1
396,23,1
396,24,0
396,25,0
396,26,0
396,27,0
396,28,1
396,29,0
396,30,0
396,31,0
396,32,0
396,33,1
396,34,0
396,35,0
396,36,0
396,37,0
396,38,0
396,39,1
396,40,0
396,41,1
396,42,0
396,43,1
396,44,0
396,45,0
396,46,0
396,47,0
396,48,0
396,49,0
397,0,0
397,1,0
397,2,0
397,3,0
397,4,1
397,5,1
397,6,1
397,7,1
397,8,1
397,9,0
397,10,0
397,11,1
397,12,0
397,13,0
397,14,1
397,15,0
397,16,0
397,17,0
397,18,0
397,19,0
397,20,0
397,21,0
397,22,0
397,23,1
397,24,0
397,25,0
397,26,0
397,27,0
397,28,0
397,29,0
397,30,0
397,31,0
397,32,0
397,33,0
397,34,0
397,35,0
397,36,0
397,37,0
397,38,1
397,39,0
397,40,0
397,41,0
397,42,0
397,43,0
397,44,0
397,45,0
397,46,0
397,47,0
397,48,0
397,49,0
398,0,0
398,1,0
398,2,0
398,3,0
398,4,0
398,5,0
398,6,0
398,7,0
398,8,0
398,9,0
398,10,0
398,11,1
398,12,0
398,13,0
398,14,0
398,15,1
398,16,0
398,17,1
398,18,0
398,19,0
398,20,0
398,21,0
398,22,0
398,23,0
398,24,0
398,25,1
398,26,0
398,27,0
398,28,0
398,29,0
398,30,0
398,31,0
398,32,1
398,33,0
398,34,0
398,35,0
398,36,1
398,37,1
398,38,0
398,39,0
398,40,0
398,41,0
398,42,0
398,43,1
398,44,0
398,45,0
398,46,0
398,47,1
398,48,0
398,49,1
399,0,0
399,1,1
399,2,0
399,3,0
399,4,0
399,5,0
399,6,0
399,7,0
399,8,0
399,9,0
399,10,0
399,11,1
399,12,0
399,13,0
399,14,1
399,15,1
399,16,0
399,17,0
399,18,0
399,19,0
399,20,0
399,21,0
399,22,1
399,23,0
399,24,0
399,25,0
399,26,0
399,27,0
399,28,0
399,29,0
399,30,0
399,31,0
399,32,0
399,33,0
399,34,0
399,35,0
399,36,0
399,37,1
399,38,0
399,39,1
399,40,0
399,41,0
399,42,0
399,43,0
399,44,1
399,45,0
399,46,0
399,47,0
399,48,0
399,49,0
400,0,0
400,1,0
400,2,0
400,3,0
400,4,0
400,5,0
400,6,1
400,7,0
400,8,0
400,9,0
400,10,1
400,11,0
400,12,0
400,13,0
400,14,0
400,15,0
400,16,0
400,17,1
400,18,1
400,19,0
400,20,0
400,21,1
400,22,0
400,23,0
400,24,0
400,25,0
400,26,0
400,27,0
400,28,0
400,29,0
400,30,0
400,31,0
400,32,0
400,33,0
400,34,0
400,35,0
400,36,0
400,37,0
400,38,0
400,39,0
400,40,0
400,41,0
400,42,0
400,43,0
400,44,0
400,45,0
400,46,0
400,47,0
400,48,0
400,49,0
401,0,0
401,1,0
401,2,0
401,3,0
401,4,0
401,5,0
401,6,0
401,7,0
401,8,0
401,9,0
401,10,1
401,11,0
401,12,0
401,13,0
401,14,0
401,15,0
401,16,0
401,17,0
401,18,0
401,19,0
401,20,0
401,21,0
401,22,0
401,23,0
401,24,0
401,25,0
401,26,0
401,27,0
401,28,0
401,29,0
401,30,0
401,31,1
401,32,0
401,33,0
401,34,1
401,35,1
401,36,0
401,37,0
401,38,1
401,39,0
401,40,0
401,41,0
401,42,0
401,43,0
401,44,0
401,45,0
401,46,0
401,47,0
401,48,0
401,49,0
402,0,1
402,1,0
402,2,1
402,3,0
402,4,0
402,5,0
402,6,1
402,7,0
402,8,0
402,9,0
402,10,0
402,11,0
402,12,0
402,13,0
402,14,0
402,15,0
402,16,0
402,17,0
402,18,1
402,19,0
402,20,1
402,21,0
402,22,0
402,23,1
402,24,0
402,25,1
402,26,0
402,27,0
402,28,0
402,29,0
402,30,0
402,31,0
402,32,0
402,33,0
402,34,0
402,35,0
402,36,0
402,37,0
402,38,0
402,39,0
402,40,0
402,41,0
402,42,0
402,43,1
402,44,1
402,45,1
402,46,0
402,47,0
402,48,0
402,49,0
403,0,0
403,1,0
403,2,0
403,3,0
403,4,0
403,5,0
403,6,1
403,7,0
403,8,0
403,9,0
403,10,0
403,11,0
403,12,0
403,13,0
403,14,0
403,15,1
403,16,0
403,17,0
403,18,0
403,19,0
403,20,0
403,21,0
403,22,0
403,23,1
403,24,0
403,25,0
403,26,0
403,27,0
403,28,0
403,29,0
403,30,1
403,31,0
403,32,1
403,33,1
403,34,0
403,35,0
403,36,0
403,37,0
403,38,0
403,39,0
403,40,0
403,41,0
403,42,0
403,43,0
403,44,0
403,45,0
403,46,0
403,47,0
403,48,0
403,49,0
404,0,0
404,1,0
404,2,0
404,3,0
404,4,1
404,5,0
404,6,0
404,7,0
404,8,0
404,9,0
404,10,0
404,11,0
404,12,1
404,13,0
404,14,1
404,15,0
404,16,0
404,17,0
404,18,0
404,19,0
404,20,0
404,21,1
404,22,0
404,23,0
404,24,0
404,25,0
404,26,0
404,27,0
404,28,0
404,29,0
404,30,0
404,31,0
404,32,0
404,33,0
404,34,0
404,35,0
404,36,0
404,37,0
404,38,1
404,39,0
404,40,1
404,41,0
404,42,0
404,43,0
404,44,0
404,45,0
404,46,0
404,47,0
404,48,0
404,49,0
405,0,0
405,1,1
405,2,0
405,3,1
405,4,0
405,5,0
405,6,0
405,7,0
405,8,1
405,9,0
405,10,0
405,11,0
405,12,0
405,13,0
405,14,0
405,15,1
405,16,0
405,17,1
405,18,0
405,19,1
405,20,0
405,21,0
405,22,0
405,23,1
405,24,0
405,25,0
405,26,0
405,27,0
405,28,1
405,29,0
405,30,0
405,31,0
405,32,1
405,33,0
405,34,0
405,35,0
405,36,0
405,37,1
405,38,0
405,39,1
405,40,0
405,41,0
405,42,1
405,43,0
405,44,0
405,45,1
405,46,0
405,47,0
405,48,0
405,49,0
406,0,0
406,1,0
406,2,0
406,3,0
406,4,1
406,5,0
406,6,0
406,7,0
406,8,0
406,9,0
406,10,1
406,11,0
406,12,1
406,13,0
406,14,0
406,15,0
406,16,0
406,17,0
406,18,1
406,19,0
406,20,0
406,21,0
406,22,0
406,23,0
406,24,0
406,25,0
406,26,0
406,27,0
406,28,0
406,29,0
406,30,1
406,31,0
406,32,0
406,33,0
406,34,0
406,35,0
406,36,0
406,37,0
406,38,0
406,39,0
406,40,0
406,41,0
406,42,1
406,43,1
406,44,1
406,45,0
406,46,0
406,47,0
406,48,0
406,49,0
407,0,1
407,1,0
407,2,0
407,3,1
407,4,0
407,5,0
407,6,0
407,7,0
407,8,0
407,9,0
407,10,1
407,11,0
407,12,0
407,13,0
407,14,0
407,15,1
407,16,0
407,17,0
407,18,0
407,19,0
407,20,0
407,21,1
407,22,0
407,23,1
407,24,0
407,25,0
407,26,0
407,27,0
407,28,0
407,29,0
407,30,0
407,31,0
407,32,0
407,33,0
407,34,0
407,35,0
407,36,0
407,37,0
407,38,0
407,39,0
407,40,0
407,41,0
407,42,0
407,43,0
407,44,0
407,45,0
407,46,0
407,47,1
407,48,0
407,49,0
408,0,0
408,1,0
408,2,0
408,3,0
408,4,1
408,5,0
408,6,1
408,7,0
408,8,0
408,9,0
408,10,0
408,11,0
408,12,0
408,13,0
408,14,0
408,15,0
408,16,0
408,17,0
408,18,0
408,19,0
408,20,1
408,21,0
408,22,0
408,23,0
408,24,1
408,25,0
408,26,0
408,27,0
408,28,1
408,29,0
408,30,0
408,31,0
408,32,0
408,33,0
408,34,0
408,35,0
408,36,0
408,37,0
408,38,0
408,39,0
408,40,0
408,41,0
408,42,1
408,43,0
408,44,0
408,45,0
408,46,0
408,47,1
408,48,0
408,49,0
409,0,0
409,1,0
409,2,0
409,3,1
409,4,0
409,5,0
409,6,0
409,7,0
409,8,0
409,9,0
409,10,1
409,11,1
409,12,0
409,13,0
409,14,1
409,15,0
409,16,0
409,17,1
409,18,0
409,19,0
409,20,0
409,21,0
409,22,0
409,23,0
409,24,1
409,25,0
409,26,1
409,27,0
409,28,0
409,29,0
409,30,0
409,31,0
409,32,0
409,33,0
409,34,0
409,35,1
409,36,0
409,37,0
409,38,0
409,39,0
409,40,0
409,41,0
409,42,0
409,43,0
409,44,1
409,45,1
409,46,0
409,47,1
409,48,0
409,49,0
410,0,0
410,1,0
410,2,0
410,3,0
410,4,0
410,5,1
410,6,1
410,7,0
410,8,1
410,9,1
410,10,1
410,11,0
410,12,1
410,13,0
410,14,0
410,15,0
410,16,0
410,17,0
410,18,0
410,19,0
410,20,0
410,21,1
410,22,0
410,23,0
410,24,0
410,25,1
410,26,0
410,27,0
410,28,0
410,29,0
410,30,0
410,31,1
410,32,0
410,33,0
410,34,0
410,35,0
410,36,0
410,37,0
410,38,0
410,39,0
410,40,0
410,41,0
410,42,1
410,43,1
410,44,0
410,45,0
410,46,0
410,47,0
410,48,0
410,49,0
411,0,1
411,1,0
411,2,0
411,3,1
411,4,0
411,5,0
411,6,0
411,7,0
411,8,0
411,9,1
411,10,0
411,11,1
411,12,1
411,13,0
411,14,1
411,15,0
411,16,0
411,17,0
411,18,0
411,19,0
411,20,0
411,21,1
411,22,0
411,23,1
411,24,0
411,25,0
411,26,0
411,27,0
411,28,0
411,29,0
411,30,1
411,31,1
411,32,1
411,33,1
411,34,0
411,35,0
411,36,0
411,37,0
411,38,0
411,39,0
411,40,0
411,41,0
411,42,1
411,43,0
411,44,0
411,45,0
411,46,0
411,47,0
411,48,0
411,49,0
412,0,0
412,1,1
412,2,1
412,3,0
412,4,1
412,5,1
412,6,0
412,7,0
412,8,0
412,9,0
412,10,0
412,11,1
412,12,1
412,13,0
412,14,1
412,15,1
412,16,1
412,17,0
412,18,0
412,19,0
412,20,0
412,21,0
412,22,0
412,23,1
412,24,1
412,25,1
412,26,1
412,27,0
412,28,0
412,29,0
412,30,0
412,31,1
412,32,1
412,33,0
412,34,0
412,35,0
412,36,0
412,37,0
412,38,0
412,39,0
412,40,0
412,41,0
412,42,0
412,43,0
412,44,0
412,45,0
412,46,1
412,47,0
412,48,0
412,49,0
413,0,1
413,1,0
413,2,1
413,3,0
413,4,1
413,5,0
413,6,0
413,7,0
413,8,0
413,9,0
413,10,0
413,11,0
413,12,0
413,13,0
413,14,0
413,15,0
413,16,0
413,17,1
413,18,0
413,19,1
413,20,0
413,21,0
413,22,0
413,23,0
413,24,0
413,25,0
413,26,0
413,27,0
413,28,0
413,29,0
413,30,0
413,31,0
413,32,1
413,33,0
413,34,0
413,35,0
413,36,0
413,37,0
413,38,0
413,39,0
413,40,0
413,41,0
413,42,0
413,43,0
413,44,0
413,45,0
413,46,0
413,47,1
413,48,1
413,49,0
414,0,1
414,1,0
414,2,0
414,3,1
414,4,0
414,5,0
414,6,0
414,7,0
414,8,0
414,9,0
414,10,0
414,11,0
414,12,0
414,13,0
414,14,0
414,15,0
414,16,0
414,17,0
414,18,0
414,19,0
414,20,0
414,21,0
414,22,1
414,23,0
414,24,1
414,25,1
414,26,0
414,27,0
414,28,0
414,29,0
414,30,0
414,31,0
414,32,1
414,33,1
414,34,0
414,35,0
414,36,0
414,37,0
414,38,0
414,39,0
414,40,1
414,41,0
414,42,0
414,43,1
414,44,0
414,45,0
414,46,0
414,47,1
414,48,0
414,49,0
415,0,1
415,1,0
415,2,1
415,3,0
415,4,0
415,5,0
415,6,0
415,7,0
415,8,0
415,9,0
415,10,1
415,11,1
415,12,0
415,13,0
415,14,0
415,15,0
415,16,0
415,17,0
415,18,0
415,19,0
415,20,0
415,21,1
415,22,1
415,23,0
415,24,0
415,25,0
415,26,0
415,27,0
415,28,1
415,29,0
415,30,1
415,31,1
415,32,0
415,33,0
415,34,0
415,35,0
415,36,0
415,37,0
415,38,1
415,39,0
415,40,0
415,41,0
415,42,0
415,43,0
415,44,0
415,45,0
415,46,0
415,47,0
415,48,0
415,49,0
416,0,0
416,1,0
416,2,0
416,3,0
416,4,1
416,5,0
416,6,0
416,7,0
416,8,0
416,9,0
416,10,0
416,11,1
416,12,0
416,13,0
416,14,0
416,15,0
416,16,0
416,17,0
416,18,0
416,19,0
416,20,0
416,21,1
416,22,0
416,23,0
416,24,0
416,25,0
416,26,1
416,27,1
416,28,0
416,29,0
416,30,0
416,31,0
416,32,1
416,33,0
416,34,0
416,35,0
416,36,0
416,37,0
416,38,0
416,39,0
416,40,0
416,41,0
416,42,0
416,43,0
416,44,0
416,45,0
416,46,0
416,47,0
416,48,0
416,49,0
417,0,1
417,1,0
417,2,1
417,3,0
417,4,0
417,5,1
417,6,1
417,7,0
417,8,0
417,9,0
417,10,0
417,11,0
417,12,1
417,13,0
417,14,0
417,15,0
417,16,0
417,17,0
417,18,1
417,19,0
417,20,0
417,21,0
417,22,1
417,23,0
417,24,0
417,25,0
417,26,0
417,27,0
417,28,1
417,29,0
417,30,0
417,31,0
417,32,0
417,33,1
417,34,1
417,35,0
417,36,0
417,37,0
417,38,0
417,39,1
417,40,0
417,41,0
417,42,1
417,43,0
417,44,0
417,45,0
417,46,0
417,47,0
417,48,0
417,49,0
418,0,0
418,1,0
418,2,1
418,3,0
418,4,0
418,5,0
418,6,1
418,7,0
418,8,1
418,9,0
418,10,0
418,11,1
418,12,0
418,13,0
418,14,0
418,15,1
418,16,0
418,17,0
418,18,0
418,19,0
418,20,1
418,21,1
418,22,0
418,23,0
418,24,0
418,25,0
418,26,0
418,27,0
418,28,0
418,29,0
418,30,0
418,31,0
418,32,0
418,33,0
418,34,0
418,35,0
418,36,0
418,37,0
418,38,0
418,39,1
418,40,0
418,41,0
418,42,0
418,43,1
418,44,0
418,45,1
418,46,0
418,47,0
418,48,0
418,49,0
419,0,0
419,1,0
419,2,0
419,3,0
419,4,0
419,5,0
419,6,1
419,7,0
419,8,0
419,9,0
419,10,1
419,11,1
419,12,1
419,13,0
419,14,1
419,15,0
419,16,0
419,17,0
419,18,0
419,19,0
419,20,0
419,21,0
419,22,0
419,23,0
419,24,0
419,25,0
419,26,0
419,27,0
419,28,0
419,29,0
419,30,1
419,31,0
419,32,1
419,33,1
419,34,0
419,35,0
419,36,0
419,37,0
419,38,0
419,39,0
419,40,0
419,41,0
419,42,1
419,43,0
419,44,0
419,45,0
419,46,0
419,47,0
419,48,0
419,49,0
420,0,1
420,1,0
420,2,1
420,3,1
420,4,0
420,5,0
420,6,0
420,7,0
420,8,0
420,9,0
420,10,0
420,11,0
420,12,0
420,13,0
420,14,0
420,15,0
420,16,0
420,17,1
420,18,1
420,19,1
420,20,0
420,21,1
420,22,0
420,23,1
420,24,0
420,25,0
420,26,0
420,27,0
420,28,0
420,29,0
420,30,1
420,31,0
420,32,0
420,33,1
420,34,1
420,35,0
420,36,0
420,37,0
420,38,1
420,39,0
420,40,0
420,41,0
420,42,0
420,43,0
420,44,0
420,45,0
420,46,0
420,47,1
420,48,0
420,49,1
421,0,1
421,1,0
421,2,0
421,3,0
421,4,0
421,5,0
421,6,0
421,7,0
421,8,1
421,9,0
421,10,0
421,11,0
421,12,0
421,13,0
421,14,1
421,15,0
421,16,0
421,17,0
421,18,0
421,19,0
421,20,0
421,21,0
421,22,0
421,23,0
421,24,0
421,25,0
421,26,0
421,27,0
421,28,0
421,29,0
421,30,0
421,31,0
421,32,0
421,33,0
421,34,0
421,35,0
421,36,1
421,37,1
421,38,0
421,39,1
421,40,0
421,41,0
421,42,0
421,43,0
421,44,0
421,45,0
421,46,0
421,47,0
421,48,0
421,49,0
422,0,1
422,1,0
422,2,0
422,3,1
422,4,1
422,5,0
422,6,1
422,7,0
422,8,1
422,9,0
422,10,0
422,11,0
422,12,0
422,13,0
422,14,0
422,15,0
422,16,0
422,17,1
422,18,0
422,19,0
422,20,0
422,21,0
422,22,1
422,23,0
422,24,0
422,25,0
422,26,0
422,27,0
422,28,0
422,29,0
422,30,0
422,31,0
422,32,0
422,33,1
422,34,1
422,35,0
422,36,0
422,37,0
422,38,0
422,39,1
422,40,0
422,41,0
422,42,0
422,43,0
422,44,0
422,45,1
422,46,0
422,47,0
422,48,0
422,49,0
423,0,0
423,1,0
423,2,1
423,3,0
423,4,0
423,5,0
423,6,0
423,7,0
423,8,0
423,9,0
423,10,0
423,11,0
423,12,1
423,13,0
423,14,0
423,15,0
423,16,0
423,17,0
423,18,1
423,19,0
423,20,1
423,21,0
423,22,0
423,23,0
423,24,0
423,25,0
423,26,0
423,27,0
423,28,1
423,29,1
423,30,0
423,31,0
423,32,0
423,33,0
423,34,0
423,35,0
423,36,0
423,37,0
423,38,0
423,39,0
423,40,0
423,41,0
423,42,0
423,43,0
423,44,0
423,45,0
423,46,0
423,47,0
423,48,0
423,49,0
424,0,0
424,1,1
424,2,0
424,3,0
424,4,1
424,5,0
424,6,0
424,7,0
424,8,0
424,9,0
424,10,0
424,11,0
424,12,1
424,13,0
424,14,0
424,15,0
424,16,0
424,17,0
424,18,0
424,19,0
424,20,0
424,21,1
424,22,0
424,23,0
424,24,0
424,25,1
424,26,0
424,27,0
424,28,0
424,29,0
424,30,1
424,31,0
424,32,0
424,33,1
424,34,0
424,35,0
424,36,0
424,37,0
424,38,0
424,39,0
424,40,0
424,41,0
424,42,0
424,43,0
424,44,0
424,45,0
424,46,0
424,47,0
424,48,0
424,49,0
425,0,1
425,1,1
425,2,0
425,3,0
425,4,0
425,5,0
425,6,1
425,7,0
425,8,0
425,9,0
425,10,1
425,11,1
425,12,0
425,13,0
425,14,1
425,15,0
425,16,0
425,17,0
425,18,0
425,19,0
425,20,1
425,21,0
425,22,1
425,23,0
425,24,0
425,25,1
425,26,0
425,27,0
425,28,1
425,29,0
425,30,0
425,31,0
425,32,0
425,33,0
425,34,0
425,35,0
425,36,0
425,37,0
425,38,0
425,39,0
425,40,0
425,41,0
425,42,1
425,43,0
425,44,1
425,45,0
425,46,0
425,47,0
425,48,0
425,49,0
426,0,0
426,1,0
426,2,0
426,3,0
426,4,0
426,5,0
426,6,0
426,7,1
426,8,0
426,9,0
426,10,0
426,11,0
426,12,0
426,13,0
426,14,0
426,15,0
426,16,0
426,17,0
426,18,1
426,19,0
426,20,1
426,21,0
426,22,0
426,23,0
426,24,0
426,25,0
426,26,1
426,27,0
426,28,0
426,29,0
426,30,0
426,31,1
426,32,0
426,33,0
426,34,0
426,35,0
426,36,0
426,37,0
426,38,0
426,39,0
426,40,0
426,41,1
426,42,0
426,43,0
426,44,0
426,45,0
426,46,0
426,47,1
426,48,0
426,49,0
427,0,1
427,1,0
427,2,0
427,3,0
427,4,0
427,5,0
427,6,0
427,7,0
427,8,0
427,9,0
427,10,0
427,11,0
427,12,0
427,13,1
427,14,1
427,15,1
427,16,0
427,17,0
427,18,0
427,19,0
427,20,0
427,21,0
427,22,1
427,23,1
427,24,0
427,25,0
427,26,0
427,27,0
427,28,0
427,29,0
427,30,1
427,31,0
427,32,0
427,33,1
427,34,0
427,35,0
427,36,1
427,37,1
427,38,1
427,39,1
427,40,0
427,41,0
427,42,1
427,43,0
427,44,0
427,45,0
427,46,0
427,47,0
427,48,0
427,49,0
428,0,0
428,1,0
428,2,0
428,3,0
428,4,0
428,5,0
428,6,0
428,7,0
428,8,0
428,9,0
428,10,0
428,11,0
428,12,0
428,13,0
428,14,1
428,15,0
428,16,0
428,17,0
428,18,1
428,19,0
428,20,0
428,21,1
428,22,0
428,23,1
428,24,0
428,25,1
428,26,0
428,27,0
428,28,0
428,29,0
428,30,1
428,31,0
428,32,0
428,33,1
428,34,0
428,35,0
428,36,0
428,37,0
428,38,0
428,39,1
428,40,0
428,41,0
428,42,0
428,43,1
428,44,0
428,45,0
428,46,0
428,47,1
428,48,1
428,49,0
429,0,0
429,1,0
429,2,0
429,3,0
429,4,0
429,5,1
429,6,0
429,7,0
429,8,0
429,9,0
429,10,0
429,11,0
429,12,0
429,13,0
429,14,0
429,15,0
429,16,0
429,17,0
429,18,0
429,19,0
429,20,0
429,21,1
429,22,1
429,23,0
429,24,0
429,25,0
429,26,0
429,27,0
429,28,0
429,29,0
429,30,0
429,31,1
429,32,0
429,33,1
429,34,0
429,35,0
429,36,0
429,37,0
429,38,0
429,39,1
429,40,0
429,41,0
429,42,0
429,43,0
429,44,1
429,45,0
429,46,0
429,47,1
429,48,0
429,49,0
430,0,0
430,1,1
430,2,0
430,3,1
430,4,0
430,5,0
430,6,0
430,7,0
430,8,1
430,9,0
430,10,0
430,11,0
430,12,1
430,13,0
430,14,0
430,15,0
430,16,0
430,17,0
430,18,0
430,19,0
430,20,0
430,21,0
430,22,0
430,23,0
430,24,0
430,25,0
430,26,0
430,27,0
430,28,0
430,29,0
430,30,0
430,31,0
430,32,0
430,33,1
430,34,0
430,35,0
430,36,0
430,37,1
430,38,0
430,39,0
430,40,0
430,41,0
430,42,0
430,43,0
430,44,0
430,45,0
430,46,0
430,47,0
430,48,0
430,49,0
431,0,0
431,1,1
431,2,0
431,3,0
431,4,0
431,5,0
431,6,0
431,7,0
431,8,0
431,9,0
431,10,0
431,11,1
431,12,0
431,13,0
431,14,0
431,15,0
431,16,0
431,17,0
431,18,1
431,19,1
431,20,1
431,21,0
431,22,1
431,23,0
431,24,0
431,25,1
431,26,0
431,27,0
431,28,0
431,29,0
431,30,1
431,31,1
431,32,0
431,33,0
431,34,0
431,35,0
431,36,0
431,37,0
431,38,0
431,39,0
431,40,0
431,41,0
431,42,0
431,43,0
431,44,1
431,45,0
431,46,0
431,47,1
431,48,1
431,49,1
432,0,0
432,1,0
432,2,0
432,3,0
432,4,0
432,5,0
432,6,0
432,7,0
432,8,0
432,9,0
432,10,0
432,11,0
432,12,1
432,13,0
432,14,0
432,15,0
432,16,0
432,17,0
432,18,0
432,19,0
432,20,0
432,21,0
432,22,0
432,23,0
432,24,0
432,25,0
432,26,0
432,27,0
432,28,1
432,29,0
432,30,0
432,31,0
432,32,0
432,33,0
432,34,0
432,35,1
432,36,0
432,37,0
432,38,0
432,39,0
432,40,1
432,41,0
432,42,0
432,43,1
432,44,0
432,45,0
432,46,0
432,47,0
432,48,0
432,49,0
433,0,1
433,1,0
433,2,0
433,3,0
433,4,0
433,5,1
433,6,0
433,7,0
433,8,0
433,9,0
433,10,0
433,11,1
433,12,0
433,13,0
433,14,0
433,15,1
433,16,0
433,17,1
433,18,0
433,19,0
433,20,1
433,21,0
433,22,1
433,23,0
433,24,0
433,25,0
433,26,0
433,27,0
433,28,1
433,29,1
433,30,0
433,31,0
433,32,0
433,33,0
433,34,0
433,35,0
433,36,0
433,37,0
433,38,0
433,39,0
433,40,0
433,41,0
433,42,1
433,43,0
433,44,0
433,45,0
433,46,0
433,47,0
433,48,0
433,49,0
434,0,1
434,1,0
434,2,0
434,3,1
434,4,0
434,5,1
434,6,0
434,7,0
434,8,0
434,9,0
434,10,1
434,11,0
434,12,0
434,13,0
434,14,0
434,15,0
434,16,0
434,17,0
434,18,0
434,19,0
434,20,0
434,21,0
434,22,1
434,23,1
434,24,0
434,25,0
434,26,0
434,27,0
434,28,0
434,29,0
434,30,0
434,31,0
434,32,1
434,33,0
434,34,0
434,35,0
434,36,0
434,37,0
434,38,0
434,39,0
434,40,0
434,41,0
434,42,0
434,43,0
434,44,0
434,45,0
434,46,0
434,47,0
434,48,0
434,49,0
435,0,1
435,1,0
435,2,0
435,3,0
435,4,1
435,5,0
435,6,0
435,7,0
435,8,0
435,9,0
435,10,0
435,11,1
435,12,0
435,13,1
435,14,0
435,15,0
435,16,0
435,17,1
435,18,0
435,19,0
435,20,0
435,21,0
435,22,1
435,23,0
435,24,0
435,25,0
435,26,0
435,27,0
435,28,0
435,29,0
435,30,0
435,31,0
435,32,1
435,33,0
435,34,0
435,35,0
435,36,0
435,37,0
435,38,0
435,39,0
435,40,0
435,41,1
435,42,0
435,43,1
435,44,0
435,45,0
435,46,0
435,47,1
435,48,0
435,49,0
436,0,0
436,1,0
436,2,0
436,3,0
436,4,0
436,5,0
436,6,0
436,7,1
436,8,1
436,9,0
436,10,1
436,11,0
436,12,0
436,13,0
436,14,0
436,15,0
436,16,0
436,17,0
436,18,0
436,19,0
436,20,0
436,21,0
436,22,0
436,23,0
436,24,1
436,25,1
436,26,0
436,27,0
436,28,0
436,29,0
436,30,0
436,31,0
436,32,0
436,33,0
436,34,1
436,35,1
436,36,0
436,37,0
436,38,0
436,39,0
436,40,0
436,41,0
436,42,1
436,43,0
436,44,0
436,45,0
436,46,0
436,47,0
436,48,0
436,49,0
437,0,0
437,1,0
437,2,0
437,3,1
437,4,0
437,5,0
437,6,0
437,7,0
437,8,0
437,9,0
437,10,1
437,11,0
437,12,0
437,13,0
437,14,1
437,15,1
437,16,0
437,17,0
437,18,0
437,19,0
437,20,0
437,21,1
437,22,0
437,23,0
437,24,0
437,25,0
437,26,0
437,27,0
437,28,0
437,29,0
437,30,1
437,31,0
437,32,0
437,33,0
437,34,0
437,35,0
437,36,0
437,37,0
437,38,0
437,39,0
437,40,0
437,41,0
437,42,0
437,43,0
437,44,1
437,45,0
437,46,0
437,47,1
437,48,1
437,49,0
438,0,0
438,1,0
438,2,1
438,3,1
438,4,0
438,5,0
438,6,1
438,7,0
438,8,0
438,9,0
438,10,0
438,11,0
438,12,0
438,13,0
438,14,0
438,15,1
438,16,0
438,17,0
438,18,0
438,19,0
438,20,0
438,21,1
438,22,0
438,23,0
438,24,1
438,25,1
438,26,0
438,27,1
438,28,0
438,29,0
438,30,1
438,31,1
438,32,0
438,33,0
438,34,0
438,35,0
438,36,1
438,37,0
438,38,0
438,39,0
438,40,0
438,41,0
438,42,0
438,43,0
438,44,0
438,45,1
438,46,0
438,47,0
438,48,1
438,49,0
439,0,0
439,1,1
439,2,1
439,3,0
439,4,1
439,5,0
439,6,0
439,7,0
439,8,1
439,9,0
439,10,0
439,11,0
439,12,0
439,13,0
439,14,0
439,15,0
439,16,0
439,17,0
439,18,0
439,19,0
439,20,0
439,21,0
439,22,0
439,23,0
439,24,1
439,25,0
439,26,0
439,27,1
439,28,0
439,29,0
439,30,1
439,31,0
439,32,0
439,33,0
439,34,0
439,35,0
439,36,0
439,37,0
439,38,0
439,39,0
439,40,0
439,41,1
439,42,0
439,43,0
439,44,0
439,45,0
439,46,0
439,47,1
439,48,0
439,49,1
440,0,1
440,1,1
440,2,0
440,3,0
440,4,0
440,5,0
440,6,0
440,7,0
440,8,0
440,9,0
440,10,0
440,11,0
440,12,0
440,13,0
440,14,1
440,15,0
440,16,0
440,17,0
440,18,0
440,19,1
440,20,0
440,21,0
440,22,0
440,23,0
440,24,0
440,25,0
440,26,0
440,27,0
440,28,1
440,29,0
440,30,0
440,31,1
440,32,0
440,33,1
440,34,0
440,35,1
440,36,1
440,37,0
440,38,0
440,39,0
440,40,0
440,41,0
440,42,1
440,43,0
440,44,0
440,45,0
440,46,0
440,47,0
440,48,0
440,49,0
441,0,0
441,1,1
441,2,0
441,3,0
441,4,0
441,5,0
441,6,0
441,7,0
441,8,0
441,9,0
441,10,0
441,11,1
441,12,0
441,13,0
441,14,0
441,15,0
441,16,0
441,17,1
441,18,0
441,19,0
441,20,0
441,21,0
441,22,1
441,23,0
441,24,1
441,25,0
441,26,1
441,27,0
441,28,0
441,29,0
441,30,0
441,31,0
441,32,0
441,33,0
441,34,0
441,35,0
441,36,1
441,37,0
441,38,0
441,39,0
441,40,0
441,41,0
441,42,0
441,43,0
441,44,0
441,45,0
441,46,0
441,47,1
441,48,0
441,49,0
442,0,1
442,1,0
442,2,0
442,3,0
442,4,0
442,5,0
442,6,0
442,7,0
442,8,1
442,9,0
442,10,1
442,11,0
442,12,0
442,13,0
442,14,0
442,15,0
442,16,0
442,17,0
442,18,0
442,19,0
442,20,0
442,21,1
442,22,0
442,23,0
442,24,0
442,25,0
442,26,0
442,27,0
442,28,0
442,29,1
442,30,1
442,31,1
442,32,0
442,33,1
442,34,0
442,35,0
442,36,1
442,37,0
442,38,0
442,39,0
442,40,0
442,41,0
442,42,1
442,43,0
442,44,1
442,45,0
442,46,0
442,47,0
442,48,0
442,49,1
443,0,0
443,1,0
443,2,1
443,3,0
443,4,0
443,5,0
443,6,0
443,7,0
443,8,1
443,9,0
443,10,0
443,11,1
443,12,1
443,13,0
443,14,0
443,15,0
443,16,0
443,17,0
443,18,0
443,19,1
443,20,1
443,21,1
443,22,0
443,23,0
443,24,0
443,25,0
443,26,1
443,27,1
443,28,0
443,29,0
443,30,0
443,31,1
443,32,0
443,33,1
443,34,0
443,35,0
443,36,0
443,37,1
443,38,1
443,39,0
443,40,0
443,41,0
443,42,0
443,43,1
443,44,0
443,45,0
443,46,0
443,47,0
443,48,1
443,49,0
444,0,0
444,1,0
444,2,0
444,3,0
444,4,1
444,5,1
444,6,0
444,7,0
444,8,0
444,9,0
444,10,0
444,11,1
444,12,0
444,13,0
444,14,0
444,15,0
444,16,0
444,17,0
444,18,0
444,19,1
444,20,0
444,21,0
444,22,1
444,23,0
444,24,0
444,25,0
444,26,0
444,27,0
444,28,1
444,29,0
444,30,0
444,31,0
444,32,0
444,33,0
444,34,0
444,35,0
444,36,0
444,37,0
444,38,0
444,39,0
444,40,0
444,41,1
444,42,0
444,43,0
444,44,0
444,45,0
444,46,0
444,47,0
444,48,0
444,49,0
445,0,0
445,1,0
445,2,0
445,3,0
445,4,0
445,5,0
445,6,0
445,7,0
445,8,1
445,9,0
445,10,0
445,11,1
445,12,0
445,13,0
445,14,0
445,15,0
445,16,0
445,17,0
445,18,0
445,19,0
445,20,0
445,21,0
445,22,1
445,23,0
445,24,0
445,25,0
445,26,0
445,27,0
445,28,0
445,29,0
445,30,0
445,31,0
445,32,1
445,33,0
445,34,0
445,35,0
445,36,0
445,37,0
445,38,1
445,39,0
445,40,0
445,41,0
445,42,0
445,43,0
445,44,0
445,45,0
445,46,0
445,47,0
445,48,0
445,49,0
446,0,0
446,1,0
446,2,0
446,3,0
446,4,0
446,5,0
446,6,0
446,7,0
446,8,1
446,9,0
446,10,1
446,11,0
446,12,1
446,13,1
446,14,0
446,15,0
446,16,0
446,17,0
446,18,0
446,19,0
446,20,1
446,21,0
446,22,0
446,23,0
446,24,0
446,25,1
446,26,0
446,27,0
446,28,0
446,29,0
446,30,1
446,31,0
446,32,0
446,33,0
446,34,0
446,35,0
446,36,1
446,37,0
446,38,1
446,39,0
446,40,0
446,41,0
446,42,0
446,43,0
446,44,0
446,45,0
446,46,0
446,47,0
446,48,0
446,49,0
447,0,1
447,1,0
447,2,0
447,3,0
447,4,0
447,5,0
447,6,0
447,7,0
447,8,0
447,9,0
447,10,0
447,11,1
447,12,0
447,13,0
447,14,0
447,15,1
447,16,0
447,17,0
447,18,0
447,19,0
447,20,0
447,21,1
447,22,1
447,23,0
447,24,0
447,25,0
447,26,0
447,27,0
447,28,0
447,29,1
447,30,0
447,31,0
447,32,1
447,33,0
447,34,0
447,35,0
447,36,0
447,37,0
447,38,0
447,39,0
447,40,0
447,41,0
447,42,0
447,43,1
447,44,1
447,45,0
447,46,1
447,47,1
447,48,0
447,49,0
448,0,0
448,1,0
448,2,0
448,3,1
448,4,0
448,5,0
448,6,0
448,7,0
448,8,0
448,9,0
448,10,0
448,11,0
448,12,0
448,13,0
448,14,0
448,15,0
448,16,0
448,17,1
448,18,1
448,19,0
448,20,1
448,21,0
448,22,0
448,23,0
448,24,0
448,25,0
448,26,0
448,27,0
448,28,1
448,29,0
448,30,0
448,31,0
448,32,0
448,33,0
448,34,0
448,35,0
448,36,0
448,37,0
448,38,1
448,39,0
448,40,0
448,41,1
448,42,1
448,43,0
448,44,0
448,45,0
448,46,0
448,47,0
448,48,1
448,49,0
449,0,1
449,1,0
449,2,0
449,3,1
449,4,0
449,5,0
449,6,0
449,7,0
449,8,0
449,9,0
449,10,0
449,11,0
449,12,1
449,13,0
449,14,0
449,15,1
449,16,0
449,17,0
449,18,0
449,19,0
449,20,0
449,21,0
449,22,0
449,23,0
449,24,0
449,25,1
449,26,0
449,27,0
449,28,0
449,29,0
449,30,1
449,31,0
449,32,0
449,33,0
449,34,0
449,35,0
449,36,0
449,37,0
449,38,0
449,39,0
449,40,0
449,41,0
449,42,0
449,43,0
449,44,0
449,45,0
449,46,0
449,47,0
449,48,0
449,49,0
450,0,0
450,1,0
450,2,0
450,3,0
450,4,0
450,5,0
450,6,0
450,7,0
450,8,0
450,9,0
450,10,0
450,11,0
450,12,1
450,13,0
450,14,0
450,15,0
450,16,0
450,17,0
450,18,0
450,19,0
450,20,0
450,21,0
450,22,1
450,23,1
450,24,0
450,25,0
450,26,0
450,27,0
450,28,0
450,29,0
450,30,1
450,31,0
450,32,0
450,33,1
450,34,1
450,35,0
450,36,0
450,37,0
450,38,0
450,39,0
450,40,0
450,41,0
450,42,0
450,43,0
450,44,0
450,45,0
450,46,0
450,47,1
450,48,0
450,49,0
451,0,0
451,1,0
451,2,0
451,3,0
451,4,1
451,5,0
451,6,0
451,7,0
451,8,0
451,9,1
451,10,1
451,11,0
451,12,0
451,13,1
451,14,1
451,15,1
451,16,0
451,17,0
451,18,0
451,19,0
451,20,0
451,21,1
451,22,0
451,23,1
451,24,0
451,25,1
451,26,0
451,27,0
451,28,0
451,29,0
451,30,1
451,31,0
451,32,0
451,33,0
451,34,0
451,35,0
451,36,0
451,37,0
451,38,0
451,39,0
451,40,0
451,41,1
451,42,0
451,43,1
451,44,0
451,45,0
451,46,0
451,47,0
451,48,0
451,49,0
452,0,1
452,1,0
452,2,0
452,3,0
452,4,0
452,5,0
452,6,0
452,7,0
452,8,0
452,9,0
452,10,0
452,11,0
452,12,0
452,13,0
452,14,1
452,15,1
452,16,0
452,17,0
452,18,0
452,19,0
452,20,0
452,21,0
452,22,0
452,23,1
452,24,0
452,25,1
452,26,0
452,27,0
452,28,0
452,29,0
452,30,0
452,31,0
452,32,0
452,33,1
452,34,0
452,35,0
452,36,0
452,37,0
452,38,0
452,39,0
452,40,0
452,41,0
452,42,0
452,43,0
452,44,0
452,45,0
452,46,0
452,47,0
452,48,1
452,49,0
453,0,1
453,1,1
453,2,0
453,3,0
453,4,1
453,5,1
453,6,0
453,7,0
453,8,0
453,9,0
453,10,0
453,11,0
453,12,0
453,13,0
453,14,0
453,15,1
453,16,0
453,17,0
453,18,0
453,19,1
453,20,0
453,21,1
453,22,0
453,23,1
453,24,0
453,25,0
453,26,0
453,27,0
453,28,0
453,29,0
453,30,0
453,31,0
453,32,0
453,33,1
453,34,0
453,35,0
453,36,0
453,37,0
453,38,0
453,39,0
453,40,0
453,41,0
453,42,1
453,43,1
453,44,1
453,45,0
453,46,0
453,47,0
453,48,0
453,49,0
454,0,1
454,1,0
454,2,1
454,3,1
454,4,0
454,5,0
454,6,0
454,7,1
454,8,0
454,9,0
454,10,0
454,11,0
454,12,1
454,13,0
454,14,0
454,15,1
454,16,0
454,17,0
454,18,0
454,19,0
454,20,0
454,21,0
454,22,0
454,23,0
454,24,0
454,25,0
454,26,0
454,27,1
454,28,1
454,29,0
454,30,0
454,31,0
454,32,0
454,33,1
454,34,0
454,35,0
454,36,0
454,37,0
454,38,0
454,39,0
454,40,1
454,41,0
454,42,1
454,43,0
454,44,0
454,45,0
454,46,0
454,47,1
454,48,0
454,49,1
455,0,0
455,1,0
455,2,1
455,3,0
455,4,0
455,5,1
455,6,0
455,7,0
455,8,0
455,9,0
455,10,0
455,11,0
455,12,1
455,13,0
455,14,0
455,15,0
455,16,0
455,17,0
455,18,0
455,19,0
455,20,0
455,21,1
455,22,0
455,23,0
455,24,0
455,25,1
455,26,0
455,27,0
455,28,0
455,29,0
455,30,0
455,31,0
455,32,0
455,33,0
455,34,0
455,35,0
455,36,0
455,37,0
455,38,1
455,39,1
455,40,0
455,41,0
455,42,0
455,43,0
455,44,0
455,45,0
455,46,0
455,47,0
455,48,0
455,49,0
456,0,0
456,1,0
456,2,0
456,3,0
456,4,0
456,5,1
456,6,0
456,7,0
456,8,0
456,9,0
456,10,1
456,11,0
456,12,1
456,13,0
456,14,1
456,15,0
456,16,0
456,17,0
456,18,0
456,19,0
456,20,0
456,21,0
456,22,0
456,23,1
456,24,0
456,25,1
456,26,0
456,27,0
456,28,0
456,29,0
456,30,0
456,31,0
456,32,0
456,33,1
456,34,0
456,35,0
456,36,0
456,37,1
456,38,0
456,39,0
456,40,0
456,41,0
456,42,1
456,43,1
456,44,1
456,45,0
456,46,1
456,47,0
456,48,0
456,49,0
457,0,0
457,1,0
457,2,0
457,3,0
457,4,0
457,5,0
457,6,0
457,7,1
457,8,0
457,9,0
457,10,0
457,11,0
457,12,0
457,13,0
457,14,1
457,15,0
457,16,0
457,17,0
457,18,0
457,19,0
457,20,0
457,21,1
457,22,0
457,23,0
457,24,0
457,25,1
457,26,0
457,27,0
457,28,0
457,29,0
457,30,0
457,31,0
457,32,0
457,33,1
457,34,0
457,35,0
457,36,0
457,37,0
457,38,0
457,39,1
457,40,0
457,41,0
457,42,0
457,43,0
457,44,0
457,45,0
457,46,0
457,47,0
457,48,0
457,49,0
458,0,0
458,1,0
458,2,0
458,3,1
458,4,0
458,5,1
458,6,0
458,7,0
458,8,0
458,9,0
458,10,0
458,11,0
458,12,1
458,13,1
458,14,1
458,15,0
458,16,0
458,17,0
458,18,0
458,19,0
458,20,0
458,21,0
458,22,0
458,23,0
458,24,0
458,25,1
458,26,1
458,27,0
458,28,0
458,29,0
458,30,0
458,31,0
458,32,1
458,33,0
458,34,0
458,35,0
458,36,1
458,37,0
458,38,0
458,39,1
458,40,0
458,41,0
458,42,1
458,43,0
458,44,1
458,45,0
458,46,0
458,47,0
458,48,0
458,49,0
459,0,0
459,1,0
459,2,1
459,3,0
459,4,1
459,5,0
459,6,0
459,7,0
459,8,0
459,9,0
459,10,0
459,11,0
459,12,1
459,13,0
459,14,0
459,15,0
459,16,0
459,17,0
459,18,0
459,19,0
459,20,0
459,21,0
459,22,0
459,23,0
459,24,0
459,25,1
459,26,0
459,27,0
459,28,0
459,29,1
459,30,0
459,31,0
459,32,0
459,33,0
459,34,0
459,35,0
459,36,0
459,37,0
459,38,0
459,39,0
459,40,0
459,41,0
459,42,0
459,43,0
459,44,0
459,45,0
459,46,0
459,47,0
459,48,1
459,49,0
460,0,1
460,1,0
460,2,0
460,3,0
460,4,1
460,5,0
460,6,0
460,7,0
460,8,0
460,9,0
460,10,0
460,11,1
460,12,1
460,13,0
460,14,0
460,15,0
460,16,0
460,17,0
460,18,1
460,19,0
460,20,0
460,21,1
460,22,0
460,23,0
460,24,0
460,25,0
460,26,0
460,27,0
460,28,0
460,29,0
460,30,0
460,31,0
460,32,1
460,33,0
460,34,0
460,35,0
460,36,0
460,37,0
460,38,0
460,39,0
460,40,0
460,41,0
460,42,1
460,43,0
460,44,0
460,45,0
460,46,0
460,47,0
460,48,0
460,49,0
461,0,0
461,1,0
461,2,1
461,3,0
461,4,1
461,5,1
461,6,0
461,7,0
461,8,0
461,9,0
461,10,0
461,11,1
461,12,0
461,13,0
461,14,0
461,15,0
461,16,0
461,17,0
461,18,0
461,19,1
461,20,1
461,21,1
461,22,0
461,23,0
461,24,0
461,25,1
461,26,0
461,27,0
461,28,0
461,29,1
461,30,0
461,31,0
461,32,0
461,33,1
461,34,1
461,35,0
461,36,0
461,37,0
461,38,0
461,39,0
461,40,0
461,41,0
461,42,0
461,43,0
461,44,1
461,45,1
461,46,0
461,47,1
461,48,0
461,49,0
462,0,0
462,1,0
462,2,0
462,3,0
462,4,0
462,5,0
462,6,0
462,7,0
462,8,0
462,9,1
462,10,0
462,11,1
462,12,0
462,13,0
462,14,0
462,15,1
462,16,0
462,17,0
462,18,0
462,19,0
462,20,0
462,21,0
462,22,1
462,23,1
462,24,0
462,25,0
462,26,1
462,27,0
462,28,0
462,29,0
462,30,0
462,31,0
462,32,0
462,33,1
462,34,1
462,35,0
462,36,0
462,37,0
462,38,0
462,39,0
462,40,0
462,41,0
462,42,0
462,43,0
462,44,1
462,45,0
462,46,0
462,47,1
462,48,0
462,49,0
463,0,0
463,1,0
463,2,0
463,3,0
463,4,0
463,5,1
463,6,0
463,7,0
463,8,0
463,9,0
463,10,0
463,11,1
463,12,0
463,13,0
463,14,1
463,15,0
463,16,0
463,17,1
463,18,0
463,19,0
463,20,0
463,21,0
463,22,1
463,23,0
463,24,0
463,25,0
463,26,1
463,27,0
463,28,1
463,29,0
463,30,0
463,31,0
463,32,0
463,33,0
463,34,1
463,35,0
463,36,0
463,37,0
463,38,0
463,39,1
463,40,0
463,41,0
463,42,0
463,43,0
463,44,0
463,45,0
463,46,0
463,47,0
463,48,0
463,49,0
464,0,0
464,1,0
464,2,0
464,3,0
464,4,0
464,5,0
464,6,0
464,7,0
464,8,1
464,9,0
464,10,1
464,11,1
464,12,0
464,13,0
464,14,0
464,15,1
464,16,0
464,17,1
464,18,0
464,19,0
464,20,0
464,21,0
464,22,0
464,23,0
464,24,1
464,25,0
464,26,0
464,27,0
464,28,0
464,29,0
464,30,0
464,31,1
464,32,1
464,33,0
464,34,1
464,35,0
464,36,0
464,37,0
464,38,0
464,39,0
464,40,0
464,41,0
464,42,0
464,43,1
464,44,0
464,45,0
464,46,0
464,47,1
464,48,0
464,49,0
465,0,0
465,1,0
465,2,0
465,3,0
465,4,0
465,5,1
465,6,0
465,7,0
465,8,0
465,9,0
465,10,0
465,11,0
465,12,0
465,13,0
465,14,0
465,15,1
465,16,0
465,17,0
465,18,0
465,19,0
465,20,0
465,21,0
465,22,0
465,23,1
465,24,0
465,25,0
465,26,0
465,27,0
465,28,1
465,29,0
465,30,0
465,31,0
465,32,0
465,33,0
465,34,0
465,35,0
465,36,0
465,37,0
465,38,0
465,39,0
465,40,0
465,41,0
465,42,1
465,43,0
465,44,1
465,45,1
465,46,0
465,47,0
465,48,0
465,49,1
466,0,0
466,1,0
466,2,0
466,3,0
466,4,0
466,5,0
466,6,0
466,7,0
466,8,1
466,9,0
466,10,0
466,11,0
466,12,0
466,13,0
466,14,0
466,15,0
466,16,0
466,17,0
466,18,0
466,19,0
466,20,1
466,21,1
466,22,0
466,23,0
466,24,1
466,25,0
466,26,0
466,27,0
466,28,0
466,29,1
466,30,0
466,31,0
466,32,0
466,33,0
466,34,0
466,35,0
466,36,0
466,37,0
466,38,0
466,39,0
466,40,0
466,41,0
466,42,0
466,43,0
466,44,1
466,45,0
466,46,0
466,47,0
466,48,0
466,49,0
467,0,1
467,1,0
467,2,0
467,3,0
467,4,0
467,5,0
467,6,1
467,7,0
467,8,0
467,9,0
467,10,1
467,11,0
467,12,0
467,13,0
467,14,0
467,15,1
467,16,0
467,17,1
467,18,0
467,19,0
467,20,0
467,21,0
467,22,0
467,23,0
467,24,0
467,25,0
467,26,0
467,27,0
467,28,0
467,29,0
467,30,0
467,31,0
467,32,0
467,33,1
467,34,1
467,35,0
467,36,0
467,37,0
467,38,0
467,39,1
467,40,0
467,41,1
467,42,0
467,43,1
467,44,0
467,45,0
467,46,0
467,47,0
467,48,0
467,49,0
468,0,0
468,1,0
468,2,0
468,3,0
468,4,1
468,5,0
468,6,1
468,7,0
468,8,0
468,9,0
468,10,0
468,11,0
468,12,0
468,13,0
468,14,0
468,15,1
468,16,0
468,17,0
468,18,0
468,19,0
468,20,0
468,21,1
468,22,1
468,23,1
468,24,0
468,25,1
468,26,0
468,27,0
468,28,0
468,29,0
468,30,0
468,31,0
468,32,0
468,33,0
468,34,0
468,35,0
468,36,0
468,37,0
468,38,0
468,39,0
468,40,0
468,41,0
468,42,0
468,43,0
468,44,1
468,45,0
468,46,0
468,47,0
468,48,0
468,49,0
469,0,0
469,1,0
469,2,0
469,3,0
469,4,0
469,5,1
469,6,0
469,7,0
469,8,0
469,9,0
469,10,0
469,11,0
469,12,1
469,13,0
469,14,0
469,15,0
469,16,0
469,17,0
469,18,0
469,19,0
469,20,1
469,21,0
469,22,0
469,23,0
469,24,0
469,25,1
469,26,0
469,27,0
469,28,1
469,29,0
469,30,0
469,31,0
469,32,0
469,33,0
469,34,0
469,35,0
469,36,1
469,37,0
469,38,1
469,39,0
469,40,0
469,41,0
469,42,0
469,43,0
469,44,0
469,45,0
469,46,1
469,47,0
469,48,0
469,49,0
470,0,0
470,1,1
470,2,0
470,3,0
470,4,0
470,5,0
470,6,0
470,7,0
470,8,0
470,9,0
470,10,1
470,11,1
470,12,0
470,13,0
470,14,0
470,15,1
470,16,0
470,17,0
470,18,1
470,19,0
470,20,0
470,21,0
470,22,0
470,23,1
470,24,0
470,25,1
470,26,0
470,27,0
470,28,0
470,29,0
470,30,1
470,31,0
470,32,0
470,33,0
470,34,0
470,35,0
470,36,0
470,37,0
470,38,0
470,39,0
470,40,0
470,41,0
470,42,0
470,43,0
470,44,1
470,45,0
470,46,0
470,47,0
470,48,0
470,49,0
471,0,1
471,1,0
471,2,0
471,3,0
471,4,0
471,5,0
471,6,0
471,7,0
471,8,1
471,9,0
471,10,0
471,11,0
471,12,0
471,13,0
471,14,1
471,15,0
471,16,0
471,17,0
471,18,0
471,19,0
471,20,0
471,21,0
471,22,0
471,23,1
471,24,0
471,25,0
471,26,0
471,27,0
471,28,1
471,29,0
471,30,0
471,31,0
471,32,0
471,33,0
471,34,0
471,35,0
471,36,0
471,37,0
471,38,0
471,39,0
471,40,0
471,41,0
471,42,0
471,43,1
471,44,1
471,45,0
471,46,0
471,47,0
471,48,0
471,49,0
472,0,1
472,1,0
472,2,1
472,3,0
472,4,0
472,5,0
472,6,0
472,7,0
472,8,1
472,9,0
472,10,0
472,11,0
472,12,0
472,13,0
472,14,0
472,15,0
472,16,0
472,17,0
472,18,0
472,19,0
472,20,0
472,21,1
472,22,0
472,23,0
472,24,0
472,25,0
472,26,0
472,27,0
472,28,0
472,29,0
472,30,1
472,31,1
472,32,0
472,33,0
472,34,0
472,35,0
472,36,0
472,37,0
472,38,0
472,39,0
472,40,1
472,41,0
472,42,0
472,43,0
472,44,0
472,45,0
472,46,0
472,47,1
472,48,0
472,49,0
473,0,0
473,1,0
473,2,1
473,3,0
473,4,0
473,5,0
473,6,0
473,7,0
473,8,0
473,9,0
473,10,0
473,11,0
473,12,1
473,13,0
473,14,0
473,15,0
473,16,0
473,17,0
473,18,1
473,19,0
473,20,1
473,21,1
473,22,0
473,23,0
473,24,0
473,25,0
473,26,0
473,27,1
473,28,0
473,29,0
473,30,0
473,31,0
473,32,0
473,33,0
473,34,1
473,35,0
473,36,0
473,37,0
473,38,0
473,39,0
473,40,0
473,41,0
473,42,0
473,43,1
473,44,1
473,45,0
473,46,0
473,47,0
473,48,1
473,49,0
474,0,0
474,1,0
474,2,1
474,3,0
474,4,0
474,5,1
474,6,0
474,7,0
474,8,0
474,9,0
474,10,0
474,11,0
474,12,0
474,13,0
474,14,1
474,15,0
474,16,1
474,17,0
474,18,0
474,19,0
474,20,0
474,21,0
474,22,0
474,23,0
474,24,0
474,25,0
474,26,0
474,27,0
474,28,0
474,29,0
474,30,1
474,31,0
474,32,0
474,33,0
474,34,0
474,35,0
474,36,0
474,37,0
474,38,0
474,39,1
474,40,0
474,41,0
474,42,1
474,43,1
474,44,0
474,45,0
474,46,0
474,47,0
474,48,0
474,49,0
475,0,0
475,1,0
475,2,0
475,3,0
475,4,0
475,5,1
475,6,0
475,7,0
475,8,0
475,9,0
475,10,1
475,11,0
475,12,0
475,13,0
475,14,0
475,15,1
475,16,0
475,17,1
475,18,0
475,19,0
475,20,0
475,21,0
475,22,0
475,23,0
475,24,0
475,25,0
475,26,0
475,27,0
475,28,1
475,29,0
475,30,1
475,31,0
475,32,0
475,33,0
475,34,0
475,35,1
475,36,0
475,37,1
475,38,0
475,39,0
475,40,0
475,41,0
475,42,1
475,43,1
475,44,0
475,45,0
475,46,0
475,47,0
475,48,1
475,49,0
476,0,0
476,1,0
476,2,0
476,3,0
476,4,0
476,5,0
476,6,0
476,7,0
476,8,0
476,9,0
476,10,1
476,11,1
476,12,1
476,13,0
476,14,0
476,15,0
476,16,0
476,17,0
476,18,0
476,19,1
476,20,0
476,21,0
476,22,0
476,23,0
476,24,0
476,25,0
476,26,1
476,27,0
476,28,0
476,29,0
476,30,1
476,31,0
476,32,0
476,33,0
476,34,0
476,35,1
476,36,0
476,37,0
476,38,0
476,39,1
476,40,0
476,41,1
476,42,1
476,43,0
476,44,0
476,45,1
476,46,0
476,47,0
476,48,0
476,49,0
477,0,0
477,1,0
477,2,0
477,3,0
477,4,0
477,5,0
477,6,0
477,7,0
477,8,0
477,9,0
477,10,0
477,11,0
477,12,1
477,13,0
477,14,0
477,15,0
477,16,0
477,17,0
477,18,1
477,19,0
477,20,1
477,21,0
477,22,0
477,23,0
477,24,0
477,25,0
477,26,0
477,27,0
477,28,0
477,29,0
477,30,0
477,31,0
477,32,0
477,33,1
477,34,0
477,35,0
477,36,0
477,37,0
477,38,0
477,39,0
477,40,0
477,41,1
477,42,0
477,43,1
477,44,0
477,45,0
477,46,0
477,47,0
477,48,0
477,49,0
478,0,0
478,1,0
478,2,1
478,3,0
478,4,0
478,5,0
478,6,0
478,7,0
478,8,1
478,9,0
478,10,0
478,11,1
478,12,1
478,13,0
478,14,0
478,15,0
478,16,0
478,17,0
478,18,0
478,19,0
478,20,1
478,21,1
478,22,1
478,23,1
478,24,0
478,25,0
478,26,0
478,27,0
478,28,0
478,29,0
478,30,0
478,31,0
478,32,0
478,33,0
478,34,0
478,35,0
478,36,0
478,37,0
478,38,1
478,39,0
478,40,0
478,41,0
478,42,0
478,43,1
478,44,0
478,45,1
478,46,0
478,47,0
478,48,0
478,49,0
479,0,0
479,1,1
479,2,1
479,3,0
479,4,0
479,5,0
479,6,0
479,7,1
479,8,0
479,9,0
479,10,0
479,11,1
479,12,0
479,13,0
479,14,0
479,15,0
479,16,0
479,17,0
479,18,0
479,19,0
479,20,0
479,21,0
479,22,1
479,23,0
479,24,0
479,25,1
479,26,0
479,27,0
479,28,0
479,29,0
479,30,0
479,31,0
479,32,0
479,33,0
479,34,0
479,35,0
479,36,0
479,37,0
479,38,0
479,39,0
479,40,0
479,41,0
479,42,0
479,43,0
479,44,1
479,45,1
479,46,0
479,47,0
479,48,0
479,49,0
480,0,1
480,1,0
480,2,0
480,3,0
480,4,0
480,5,0
480,6,0
480,7,0
480,8,0
480,9,0
480,10,0
480,11,1
480,12,0
480,13,0
480,14,0
480,15,0
480,16,0
480,17,1
480,18,0
480,19,0
480,20,1
480,21,0
480,22,0
480,23,0
480,24,0
480,25,0
480,26,0
480,27,0
480,28,1
480,29,0
480,30,0
480,31,0
480,32,0
480,33,0
480,34,1
480,35,0
480,36,0
480,37,0
480,38,0
480,39,0
480,40,0
480,41,0
480,42,0
480,43,0
480,44,1
480,45,0
480,46,0
480,47,0
480,48,0
480,49,0
481,0,0
481,1,0
481,2,0
481,3,0
481,4,0
481,5,1
481,6,1
481,7,1
481,8,1
481,9,0
481,10,0
481,11,1
481,12,0
481,13,0
481,14,0
481,15,0
481,16,0
481,17,0
481,18,0
481,19,1
481,20,1
481,21,0
481,22,0
481,23,0
481,24,0
481,25,0
481,26,0
481,27,0
481,28,0
481,29,0
481,30,0
481,31,0
481,32,0
481,33,0
481,34,0
481,35,1
481,36,1
481,37,1
481,38,0
481,39,0
481,40,0
481,41,1
481,42,0
481,43,0
481,44,0
481,45,0
481,46,0
481,47,0
481,48,0
481,49,0
482,0,0
482,1,0
482,2,0
482,3,0
482,4,1
482,5,0
482,6,0
482,7,0
482,8,0
482,9,0
482,10,0
482,11,0
482,12,0
482,13,0
482,14,1
482,15,0
482,16,0
482,17,0
482,18,0
482,19,0
482,20,0
482,21,0
482,22,0
482,23,0
482,24,0
482,25,0
482,26,0
482,27,0
482,28,1
482,29,0
482,30,0
482,31,0
482,32,0
482,33,0
482,34,0
482,35,0
482,36,0
482,37,0
482,38,0
482,39,0
482,40,0
482,41,1
482,42,0
482,43,0
482,44,0
482,45,0
482,46,0
482,47,0
482,48,0
482,49,1
483,0,1
483,1,1
483,2,0
483,3,0
483,4,0
483,5,0
483,6,0
483,7,0
483,8,0
483,9,0
483,10,0
483,11,0
483,12,0
483,13,0
483,14,0
483,15,1
483,16,0
483,17,0
483,18,0
483,19,0
483,20,0
483,21,1
483,22,0
483,23,0
483,24,0
483,25,0
483,26,0
483,27,0
483,28,0
483,29,0
483,30,0
483,31,1
483,32,0
483,33,0
483,34,0
483,35,1
483,36,0
483,37,0
483,38,0
483,39,0
483,40,0
483,41,1
483,42,0
483,43,0
483,44,0
483,45,0
483,46,0
483,47,1
483,48,0
483,49,0
484,0,0
484,1,0
484,2,0
484,3,1
484,4,0
484,5,0
484,6,0
484,7,0
484,8,0
484,9,0
484,10,0
484,11,1
484,12,0
484,13,1
484,14,0
484,15,0
484,16,0
484,17,1
484,18,1
484,19,0
484,20,0
484,21,0
484,22,0
484,23,0
484,24,0
484,25,0
484,26,0
484,27,0
484,28,0
484,29,1
484,30,0
484,31,0
484,32,0
484,33,0
484,34,1
484,35,0
484,36,0
484,37,1
484,38,0
484,39,0
484,40,0
484,41,0
484,42,0
484,43,0
484,44,0
484,45,0
484,46,0
484,47,1
484,48,0
484,49,0
485,0,0
485,1,0
485,2,1
485,3,0
485,4,0
485,5,0
485,6,0
485,7,0
485,8,0
485,9,0
485,10,0
485,11,0
485,12,1
485,13,0
485,14,1
485,15,0
485,16,0
485,17,0
485,18,0
485,19,0
485,20,1
485,21,0
485,22,0
485,23,0
485,24,0
485,25,0
485,26,0
485,27,0
485,28,0
485,29,0
485,30,0
485,31,0
485,32,0
485,33,0
485,34,0
485,35,0
485,36,0
485,37,0
485,38,0
485,39,0
485,40,0
485,41,0
485,42,0
485,43,0
485,44,1
485,45,0
485,46,0
485,47,0
485,48,1
485,49,0
486,0,1
486,1,0
486,2,0
486,3,0
486,4,0
486,5,0
486,6,1
486,7,0
486,8,0
486,9,0
486,10,0
486,11,0
486,12,1
486,13,0
486,14,0
486,15,0
486,16,0
486,17,0
486,18,0
486,19,0
486,20,0
486,21,0
486,22,0
486,23,0
486,24,0
486,25,0
486,26,0
486,27,0
486,28,0
486,29,0
486,30,0
486,31,0
486,32,0
486,33,0
486,34,0
486,35,0
486,36,0
486,37,0
486,38,0
486,39,0
486,40,0
486,41,0
486,42,0
486,43,0
486,44,0
486,45,0
486,46,1
486,47,0
486,48,0
486,49,0
487,0,0
487,1,0
487,2,0
487,3,1
487,4,0
487,5,0
487,6,0
487,7,0
487,8,1
487,9,0
487,10,0
487,11,0
487,12,0
487,13,0
487,14,0
487,15,0
487,16,0
487,17,0
487,18,0
487,19,0
487,20,0
487,21,0
487,22,0
487,23,0
487,24,0
487,25,0
487,26,0
487,27,0
487,28,0
487,29,1
487,30,1
487,31,0
487,32,0
487,33,1
487,34,0
487,35,0
487,36,0
487,37,0
487,38,1
487,39,0
487,40,0
487,41,0
487,42,0
487,43,0
487,44,0
487,45,0
487,46,0
487,47,0
487,48,1
487,49,0
488,0,0
488,1,1
488,2,0
488,3,0
488,4,1
488,5,0
488,6,1
488,7,0
488,8,0
488,9,0
488,10,0
488,11,0
488,12,1
488,13,0
488,14,0
488,15,1
488,16,0
488,17,0
488,18,0
488,19,0
488,20,0
488,21,0
488,22,0
488,23,0
488,24,0
488,25,0
488,26,1
488,27,0
488,28,0
488,29,1
488,30,0
488,31,0
488,32,0
488,33,1
488,34,0
488,35,0
488,36,0
488,37,0
488,38,0
488,39,0
488,40,0
488,41,0
488,42,0
488,43,0
488,44,0
488,45,0
488,46,0
488,47,0
488,48,0
488,49,0
489,0,0
489,1,0
489,2,1
489,3,0
489,4,0
489,5,0
489,6,0
489,7,0
489,8,0
489,9,0
489,10,0
489,11,0
489,12,1
489,13,0
489,14,0
489,15,0
489,16,0
489,17,0
489,18,0
489,19,0
489,20,1
489,21,0
489,22,0
489,23,1
489,24,0
489,25,0
489,26,0
489,27,0
489,28,0
489,29,0
489,30,1
489,31,0
489,32,0
489,33,0
489,34,0
489,35,0
489,36,0
489,37,1
489,38,0
489,39,1
489,40,0
489,41,0
489,42,0
489,43,0
489,44,0
489,45,0
489,46,0
489,47,0
489,48,0
489,49,0
490,0,0
490,1,0
490,2,0
490,3,1
490,4,0
490,5,0
490,6,0
490,7,0
490,8,1
490,9,0
490,10,1
490,11,0
490,12,0
490,13,0
490,14,0
490,15,0
490,16,0
490,17,0
490,18,0
490,19,0
490,20,1
490,21,0
490,22,0
490,23,1
490,24,0
490,25,0
490,26,0
490,27,0
490,28,0
490,29,0
490,30,0
490,31,0
490,32,0
490,33,1
490,34,0
490,35,0
490,36,0
490,37,0
490,38,0
490,39,0
490,40,0
490,41,1
490,42,0
490,43,1
490,44,1
490,45,0
490,46,0
490,47,0
490,48,1
490,49,0
491,0,0
491,1,0
491,2,0
491,3,0
491,4,0
491,5,0
491,6,0
491,7,1
491,8,1
491,9,0
491,10,1
491,11,0
491,12,0
491,13,0
491,14,0
491,15,0
491,16,0
491,17,1
491,18,0
491,19,0
491,20,0
491,21,1
491,22,0
491,23,1
491,24,0
491,25,0
491,26,0
491,27,0
491,28,0
491,29,0
491,30,0
491,31,0
491,32,1
491,33,0
491,34,0
491,35,1
491,36,0
491,37,0
491,38,0
491,39,0
491,40,0
491,41,0
491,42,1
491,43,0
491,44,0
491,45,1
491,46,0
491,47,1
491,48,1
491,49,0
492,0,0
492,1,0
492,2,0
492,3,0
492,4,0
492,5,1
492,6,0
492,7,0
492,8,0
492,9,0
492,10,0
492,11,0
492,12,1
492,13,0
492,14,1
492,15,1
492,16,0
492,17,0
492,18,0
492,19,0
492,20,0
492,21,0
492,22,1
492,23,0
492,24,0
492,25,0
492,26,0
492,27,0
492,28,0
492,29,0
492,30,0
492,31,0
492,32,0
492,33,0
492,34,0
492,35,0
492,36,1
492,37,1
492,38,1
492,39,0
492,40,0
492,41,0
492,42,0
492,43,0
492,44,0
492,45,0
492,46,0
492,47,1
492,48,0
492,49,0
493,0,0
493,1,0
493,2,0
493,3,0
493,4,0
493,5,0
493,6,0
493,7,0
493,8,1
493,9,0
493,10,0
493,11,0
493,12,0
493,13,0
493,14,0
493,15,0
493,16,0
493,17,0
493,18,0
493,19,0
493,20,0
493,21,0
493,22,0
493,23,1
493,24,0
493,25,1
493,26,0
493,27,0
493,28,1
493,29,0
493,30,1
493,31,0
493,32,1
493,33,0
493,34,0
493,35,0
493,36,0
493,37,0
493,38,0
493,39,0
493,40,0
493,41,1
493,42,0
493,43,1
493,44,0
493,45,0
493,46,0
493,47,0
493,48,0
493,49,0
494,0,0
494,1,0
494,2,1
494,3,0
494,4,0
494,5,0
494,6,0
494,7,0
494,8,0
494,9,0
494,10,0
494,11,0
494,12,0
494,13,0
494,14,0
494,15,1
494,16,0
494,17,0
494,18,0
494,19,0
494,20,0
494,21,0
494,22,0
494,23,0
494,24,0
494,25,1
494,26,0
494,27,1
494,28,0
494,29,0
494,30,0
494,31,0
494,32,0
494,33,0
494,34,0
494,35,0
494,36,0
494,37,1
494,38,1
494,39,0
494,40,0
494,41,1
494,42,1
494,43,0
494,44,0
494,45,0
494,46,0
494,47,0
494,48,0
494,49,0
495,0,0
495,1,0
495,2,0
495,3,0
495,4,1
495,5,0
495,6,0
495,7,0
495,8,0
495,9,0
495,10,0
495,11,1
495,12,0
495,13,0
495,14,0
495,15,0
495,16,0
495,17,0
495,18,0
495,19,0
495,20,1
495,21,0
495,22,1
495,23,0
495,24,1
495,25,0
495,26,0
495,27,0
495,28,0
495,29,0
495,30,0
495,31,0
495,32,1
495,33,0
495,34,0
495,35,0
495,36,0
495,37,0
495,38,0
495,39,0
495,40,0
495,41,0
495,42,0
495,43,0
495,44,0
495,45,0
495,46,0
495,47,0
495,48,0
495,49,0
496,0,0
496,1,0
496,2,0
496,3,0
496,4,0
496,5,1
496,6,0
496,7,0
496,8,0
496,9,0
496,10,1
496,11,0
496,12,0
496,13,0
496,14,0
496,15,0
496,16,0
496,17,0
496,18,0
496,19,1
496,20,0
496,21,1
496,22,0
496,23,0
496,24,0
496,25,0
496,26,0
496,27,0
496,28,0
496,29,0
496,30,0
496,31,1
496,32,0
496,33,1
496,34,0
496,35,0
496,36,0
496,37,0
496,38,0
496,39,0
496,40,0
496,41,0
496,42,0
496,43,0
496,44,0
496,45,1
496,46,0
496,47,1
496,48,0
496,49,1
497,0,0
497,1,0
497,2,1
497,3,0
497,4,0
497,5,0
497,6,0
497,7,0
497,8,0
497,9,0
497,10,1
497,11,0
497,12,1
497,13,0
497,14,0
497,15,0
497,16,0
497,17,0
497,18,0
497,19,0
497,20,0
497,21,0
497,22,1
497,23,0
497,24,0
497,25,0
497,26,1
497,27,0
497,28,1
497,29,0
497,30,0
497,31,0
497,32,0
497,33,0
497,34,1
497,35,0
497,36,0
497,37,0
497,38,0
497,39,0
497,40,0
497,41,0
497,42,0
497,43,0
497,44,1
497,45,0
497,46,0
497,47,0
497,48,1
497,49,0
498,0,0
498,1,0
498,2,0
498,3,1
498,4,0
498,5,0
498,6,1
498,7,0
498,8,1
498,9,0
498,10,0
498,11,0
498,12,1
498,13,0
498,14,0
498,15,1
498,16,0
498,17,0
498,18,0
498,19,0
498,20,0
498,21,0
498,22,0
498,23,0
498,24,0
498,25,1
498,26,0
498,27,0
498,28,0
498,29,0
498,30,1
498,31,0
498,32,0
498,33,1
498,34,0
498,35,0
498,36,0
498,37,0
498,38,0
498,39,1
498,40,0
498,41,1
498,42,0
498,43,0
498,44,1
498,45,0
498,46,0
498,47,1
498,48,0
498,49,0
499,0,0
499,1,0
499,2,0
499,3,0
499,4,1
499,5,0
499,6,0
499,7,0
499,8,0
499,9,0
499,10,0
499,11,0
499,12,1
499,13,0
499,14,0
499,15,1
499,16,0
499,17,1
499,18,0
499,19,0
499,20,0
499,21,0
499,22,0
499,23,0
499,24,0
499,25,1
499,26,0
499,27,0
499,28,0
499,29,0
499,30,0
499,31,1
499,32,0
499,33,0
499,34,0
499,35,1
499,36,0
499,37,1
499,38,0
499,39,0
499,40,0
499,41,0
499,42,0
499,43,1
499,44,0
499,45,0
499,46,0
499,47,0
499,48,0
499,49,0
500,0,0
500,1,0
500,2,0
500,3,0
500,4,0
500,5,0
500,6,1
500,7,0
500,8,0
500,9,0
500,10,0
500,11,0
500,12,0
500,13,0
500,14,0
500,15,0
500,16,0
500,17,0
500,18,0
500,19,0
500,20,1
500,21,0
500,22,1
500,23,0
500,24,0
500,25,0
500,26,0
500,27,1
500,28,0
500,29,0
500,30,0
500,31,0
500,32,0
500,33,0
500,34,1
500,35,0
500,36,0
500,37,1
500,38,0
500,39,0
500,40,0
500,41,0
500,42,0
500,43,0
500,44,0
500,45,0
500,46,0
500,47,1
500,48,0
500,49,0
501,0,0
501,1,0
501,2,1
501,3,0
501,4,0
501,5,0
501,6,0
501,7,0
501,8,0
501,9,0
501,10,1
501,11,1
501,12,0
501,13,0
501,14,0
501,15,0
501,16,0
501,17,0
501,18,0
501,19,0
501,20,0
501,21,0
501,22,0
501,23,0
501,24,0
501,25,0
501,26,0
501,27,0
501,28,0
501,29,1
501,30,0
501,31,0
501,32,1
501,33,1
501,34,0
501,35,0
501,36,0
501,37,0
501,38,0
501,39,1
501,40,0
501,41,0
501,42,0
501,43,0
501,44,0
501,45,0
501,46,0
501,47,1
501,48,0
501,49,0
502,0,0
502,1,0
502,2,1
502,3,0
502,4,0
502,5,0
502,6,0
502,7,0
502,8,0
502,9,0
502,10,0
502,11,0
502,12,0
502,13,0
502,14,1
502,15,1
502,16,0
502,17,0
502,18,1
502,19,1
502,20,1
502,21,0
502,22,0
502,23,0
502,24,0
502,25,0
502,26,0
502,27,0
502,28,0
502,29,0
502,30,0
502,31,1
502,32,0
502,33,0
502,34,0
502,35,0
502,36,0
502,37,0
502,38,0
502,39,0
502,40,1
502,41,1
502,42,0
502,43,1
502,44,0
502,45,0
502,46,0
502,47,0
502,48,1
502,49,0
503,0,0
503,1,0
503,2,0
503,3,0
503,4,0
503,5,0
503,6,0
503,7,0
503,8,0
503,9,0
503,10,0
503,11,0
503,12,0
503,13,1
503,14,1
503,15,0
503,16,0
503,17,0
503,18,0
503,19,0
503,20,0
503,21,0
503,22,0
503,23,0
503,24,0
503,25,0
503,26,0
503,27,1
503,28,0
503,29,0
503,30,0
503,31,0
503,32,0
503,33,0
503,34,0
503,35,0
503,36,0
503,37,0
503,38,0
503,39,0
503,40,0
503,41,0
503,42,0
503,43,1
503,44,0
503,45,0
503,46,0
503,47,1
503,48,0
503,49,0
504,0,0
504,1,0
504,2,0
504,3,0
504,4,0
504,5,1
504,6,1
504,7,1
504,8,0
504,9,0
504,10,1
504,11,0
504,12,0
504,13,0
504,14,0
504,15,1
504,16,0
504,17,0
504,18,1
504,19,0
504,20,0
504,21,0
504,22,0
504,23,0
504,24,0
504,25,0
504,26,0
504,27,0
504,28,0
504,29,0
504,30,1
504,31,0
504,32,0
504,33,0
504,34,1
504,35,0
504,36,0
504,37,0
504,38,0
504,39,0
504,40,0
504,41,0
504,42,0
504,43,0
504,44,0
504,45,0
504,46,0
504,47,0
504,48,0
504,49,0
505,0,0
505,1,0
505,2,0
505,3,0
505,4,0
505,5,0
505,6,1
505,7,0
505,8,0
505,9,0
505,10,1
505,11,0
505,12,1
505,13,0
505,14,0
505,15,0
505,16,0
505,17,0
505,18,0
505,19,0
505,20,0
505,21,0
505,22,1
505,23,0
505,24,0
505,25,1
505,26,0
505,27,1
505,28,0
505,29,0
505,30,1
505,31,0
505,32,0
505,33,1
505,34,1
505,35,0
505,36,0
505,37,0
505,38,0
505,39,1
505,40,0
505,41,0
505,42,0
505,43,0
505,44,1
505,45,0
505,46,0
505,47,0
505,48,0
505,49,0
506,0,0
506,1,0
506,2,0
506,3,0
506,4,0
506,5,0
506,6,0
506,7,0
506,8,0
506,9,0
506,10,0
506,11,1
506,12,1
506,13,0
506,14,0
506,15,0
506,16,0
506,17,0
506,18,0
506,19,0
506,20,1
506,21,0
506,22,1
506,23,0
506,24,0
506,25,1
506,26,0
506,27,0
506,28,0
506,29,0
506,30,1
506,31,1
506,32,0
506,33,0
506,34,0
506,35,0
506,36,0
506,37,0
506,38,0
506,39,0
506,40,0
506,41,1
506,42,0
506,43,0
506,44,0
506,45,0
506,46,0
506,47,0
506,48,0
506,49,0
507,0,0
507,1,0
507,2,0
507,3,0
507,4,0
507,5,0
507,6,1
507,7,0
507,8,0
507,9,0
507,10,0
507,11,0
507,12,0
507,13,0
507,14,1
507,15,1
507,16,0
507,17,0
507,18,1
507,19,0
507,20,0
507,21,0
507,22,0
507,23,0
507,24,0
507,25,0
507,26,0
507,27,0
507,28,0
507,29,1
507,30,0
507,31,1
507,32,0
507,33,1
507,34,0
507,35,0
507,36,0
507,37,0
507,38,0
507,39,1
507,40,0
507,41,0
507,42,0
507,43,0
507,44,0
507,45,0
507,46,0
507,47,1
507,48,0
507,49,0
508,0,1
508,1,1
508,2,0
508,3,0
508,4,1
508,5,1
508,6,0
508,7,0
508,8,1
508,9,0
508,10,0
508,11,0
508,12,0
508,13,0
508,14,0
508,15,0
508,16,0
508,17,0
508,18,0
508,19,0
508,20,0
508,21,0
508,22,0
508,23,0
508,24,0
508,25,0
508,26,1
508,27,0
508,28,0
508,29,0
508,30,0
508,31,0
508,32,1
508,33,1
508,34,0
508,35,0
508,36,0
508,37,0
508,38,0
508,39,0
508,40,0
508,41,0
508,42,0
508,43,0
508,44,1
508,45,0
508,46,0
508,47,0
508,48,1
508,49,0
509,0,1
509,1,0
509,2,1
509,3,0
509,4,1
509,5,0
509,6,0
509,7,0
509,8,0
509,9,0
509,10,0
509,11,1
509,12,0
509,13,0
509,14,0
509,15,0
509,16,0
509,17,0
509,18,0
509,19,0
509,20,0
509,21,1
509,22,0
509,23,0
509,24,0
509,25,0
509,26,0
509,27,0
509,28,0
509,29,0
509,30,0
509,31,0
509,32,0
509,33,0
509,34,0
509,35,0
509,36,0
509,37,0
509,38,0
509,39,0
509,40,0
509,41,0
509,42,0
509,43,0
509,44,1
509,45,1
509,46,0
509,47,1
509,48,0
509,49,0
510,0,0
510,1,0
510,2,1
510,3,0
510,4,0
510,5,0
510,6,0
510,7,0
510,8,1
510,9,0
510,10,0
510,11,0
510,12,1
510,13,0
510,14,0
510,15,0
510,16,0
510,17,0
510,18,1
510,19,0
510,20,0
510,21,0
510,22,1
510,23,0
510,24,0
510,25,0
510,26,0
510,27,0
510,28,0
510,29,0
510,30,0
510,31,0
510,32,0
510,33,0
510,34,0
510,35,0
510,36,0
510,37,0
510,38,0
510,39,0
510,40,0
510,41,0
510,42,0
510,43,1
510,44,0
510,45,1
510,46,0
510,47,0
510,48,0
510,49,1
511,0,1
511,1,0
511,2,1
511,3,0
511,4,0
511,5,0
511,6,1
511,7,1
511,8,0
511,9,0
511,10,1
511,11,1
511,12,0
511,13,1
511,14,0
511,15,0
511,16,0
511,17,0
511,18,0
511,19,0
511,20,0
511,21,0
511,22,0
511,23,0
511,24,0
511,25,0
511,26,0
511,27,1
511,28,1
511,29,0
511,30,0
511,31,0
511,32,0
511,33,0
511,34,0
511,35,0
511,36,0
511,37,0
511,38,0
511,39,0
511,40,0
511,41,0
511,42,0
511,43,0
511,44,1
511,45,0
511,46,0
511,47,0
511,48,1
511,49,0
512,0,0
512,1,0
512,2,0
512,3,0
512,4,0
512,5,1
512,6,0
512,7,1
512,8,0
512,9,1
512,10,0
512,11,0
512,12,1
512,13,0
512,14,0
512,15,0
512,16,1
512,17,0
512,18,0
512,19,0
512,20,0
512,21,0
512,22,0
512,23,1
512,24,0
512,25,0
512,26,0
512,27,0
512,28,1
512,29,0
512,30,0
512,31,1
512,32,0
512,33,0
512,34,0
512,35,0
512,36,0
512,37,0
512,38,0
512,39,0
512,40,0
512,41,0
512,42,0
512,43,0
512,44,0
512,45,0
512,46,0
512,47,0
512,48,0
512,49,0
513,0,0
513,1,0
513,2,1
513,3,1
513,4,0
513,5,0
513,6,0
513,7,0
513,8,0
513,9,0
513,10,0
513,11,0
513,12,0
513,13,1
513,14,1
513,15,0
513,16,0
513,17,0
513,18,1
513,19,0
513,20,0
513,21,0
513,22,0
513,23,1
513,24,0
513,25,0
513,26,0
513,27,0
513,28,0
513,29,0
513,30,0
513,31,1
513,32,0
513,33,0
513,34,0
513,35,0
513,36,0
513,37,0
513,38,0
513,39,0
513,40,0
513,41,0
513,42,1
513,43,0
513,44,0
513,45,0
513,46,0
513,47,0
513,48,0
513,49,0
514,0,1
514,1,1
514,2,1
514,3,0
514,4,0
514,5,0
514,6,0
514,7,0
514,8,0
514,9,0
514,10,0
514,11,1
514,12,1
514,13,0
514,14,1
514,15,0
514,16,0
514,17,0
514,18,0
514,19,0
514,20,0
514,21,0
514,22,1
514,23,0
514,24,0
514,25,0
514,26,0
514,27,0
514,28,0
514,29,0
514,30,0
514,31,1
514,32,0
514,33,1
514,34,0
514,35,0
514,36,0
514,37,0
514,38,0
514,39,0
514,40,1
514,41,0
514,42,0
514,43,0
514,44,1
514,45,0
514,46,0
514,47,0
514,48,0
514,49,0
515,0,0
515,1,0
515,2,0
515,3,0
515,4,1
515,5,0
515,6,1
515,7,0
515,8,1
515,9,0
515,10,0
515,11,0
515,12,0
515,13,0
515,14,1
515,15,0
515,16,0
515,17,0
515,18,0
515,19,0
515,20,0
515,21,0
515,22,0
515,23,0
515,24,0
515,25,0
515,26,0
515,27,0
515,28,0
515,29,0
515,30,0
515,31,0
515,32,0
515,33,0
515,34,0
515,35,0
515,36,1
515,37,0
515,38,0
515,39,0
515,40,0
515,41,1
515,42,0
515,43,0
515,44,0
515,45,0
515,46,1
515,47,0
515,48,0
515,49,0
516,0,0
516,1,1
516,2,1
516,3,0
516,4,0
516,5,0
516,6,0
516,7,0
516,8,0
516,9,0
516,10,0
516,11,0
516,12,1
516,13,0
516,14,1
516,15,1
516,16,0
516,17,1
516,18,1
516,19,0
516,20,0
516,21,1
516,22,0
516,23,0
516,24,0
516,25,0
516,26,0
516,27,1
516,28,0
516,29,0
516,30,0
516,31,1
516,32,0
516,33,0
516,34,0
516,35,0
516,36,0
516,37,0
516,38,0
516,39,1
516,40,0
516,41,0
516,42,0
516,43,0
516,44,1
516,45,0
516,46,0
516,47,0
516,48,0
516,49,0
517,0,1
517,1,0
517,2,1
517,3,0
517,4,0
517,5,0
517,6,0
517,7,0
517,8,0
517,9,0
517,10,1
517,11,0
517,12,1
517,13,1
517,14,0
517,15,0
517,16,0
517,17,0
517,18,0
517,19,0
517,20,0
517,21,1
517,22,1
517,23,0
517,24,0
517,25,1
517,26,0
517,27,0
517,28,0
517,29,0
517,30,0
517,31,0
517,32,0
517,33,0
517,34,0
517,35,0
517,36,0
517,37,0
517,38,0
517,39,0
517,40,0
517,41,0
517,42,0
517,43,0
517,44,0
517,45,0
517,46,1
517,47,0
517,48,0
517,49,0
518,0,0
518,1,0
518,2,0
518,3,1
518,4,0
518,5,0
518,6,0
518,7,0
518,8,0
518,9,0
518,10,0
518,11,0
518,12,0
518,13,0
518,14,0
518,15,0
518,16,0
518,17,0
518,18,0
518,19,1
518,20,1
518,21,0
518,22,0
518,23,0
518,24,0
518,25,1
518,26,0
518,27,0
518,28,0
518,29,1
518,30,0
518,31,0
518,32,0
518,33,0
518,34,1
518,35,0
518,36,0
518,37,0
518,38,0
518,39,0
518,40,0
518,41,0
518,42,0
518,43,0
518,44,1
518,45,0
518,46,0
518,47,0
518,48,0
518,49,0
519,0,0
519,1,0
519,2,0
519,3,0
519,4,0
519,5,0
519,6,0
519,7,0
519,8,0
519,9,0
519,10,0
519,11,1
519,12,0
519,13,0
519,14,0
519,15,1
519,16,0
519,17,0
519,18,0
519,19,0
519,20,1
519,21,0
519,22,0
519,23,0
519,24,0
519,25,0
519,26,0
519,27,0
519,28,0
519,29,0
519,30,0
519,31,1
519,32,0
519,33,1
519,34,0
519,35,0
519,36,1
519,37,0
519,38,0
519,39,1
519,40,0
519,41,0
519,42,0
519,43,0
519,44,0
519,45,0
519,46,0
519,47,0
519,48,0
519,49,0
520,0,0
520,1,0
520,2,0
520,3,0
520,4,0
520,5,0
520,6,1
520,7,0
520,8,0
520,9,0
520,10,1
520,11,1
520,12,0
520,13,0
520,14,0
520,15,0
520,16,0
520,17,0
520,18,0
520,19,1
520,20,0
520,21,1
520,22,1
520,23,0
520,24,0
520,25,0
520,26,0
520,27,0
520,28,0
520,29,0
520,30,0
520,31,0
520,32,0
520,33,0
520,34,1
520,35,0
520,36,0
520,37,0
520,38,0
520,39,0
520,40,0
520,41,0
520,42,0
520,43,0
520,44,0
520,45,0
520,46,0
520,47,0
520,48,1
520,49,0
521,0,1
521,1,0
521,2,0
521,3,0
521,4,0
521,5,0
521,6,0
521,7,0
521,8,0
521,9,0
521,10,0
521,11,0
521,12,0
521,13,0
521,14,0
521,15,1
521,16,0
521,17,0
521,18,0
521,19,0
521,20,0
521,21,1
521,22,0
521,23,0
521,24,0
521,25,0
521,26,0
521,27,0
521,28,1
521,29,1
521,30,0
521,31,0
521,32,0
521,33,0
521,34,0
521,35,0
521,36,0
521,37,1
521,38,0
521,39,0
521,40,1
521,41,0
521,42,0
521,43,0
521,44,0
521,45,0
521,46,0
521,47,1
521,48,0
521,49,0
522,0,0
522,1,0
522,2,1
522,3,1
522,4,0
522,5,0
522,6,1
522,7,0
522,8,1
522,9,0
522,10,0
522,11,1
522,12,0
522,13,0
522,14,0
522,15,0
522,16,0
522,17,0
522,18,0
522,19,0
522,20,0
522,21,1
522,22,0
522,23,1
522,24,0
522,25,1
522,26,0
522,27,1
522,28,1
522,29,1
522,30,0
522,31,0
522,32,0
522,33,0
522,34,1
522,35,0
522,36,0
522,37,1
522,38,0
522,39,1
522,40,0
522,41,0
522,42,0
522,43,0
522,44,0
522,45,1
522,46,0
522,47,0
522,48,0
522,49,0
523,0,1
523,1,0
523,2,0
523,3,1
523,4,0
523,5,0
523,6,0
523,7,0
523,8,1
523,9,0
523,10,1
523,11,1
523,12,0
523,13,0
523,14,0
523,15,0
523,16,0
523,17,0
523,18,0
523,19,0
523,20,1
523,21,1
523,22,0
523,23,0
523,24,0
523,25,0
523,26,0
523,27,0
523,28,0
523,29,0
523,30,0
523,31,0
523,32,0
523,33,0
523,34,0
523,35,0
523,36,0
523,37,0
523,38,0
523,39,0
523,40,0
523,41,0
523,42,0
523,43,0
523,44,0
523,45,0
523,46,0
523,47,0
523,48,0
523,49,0
524,0,0
524,1,0
524,2,0
524,3,0
524,4,0
524,5,0
524,6,0
524,7,0
524,8,0
524,9,0
524,10,0
524,11,0
524,12,0
524,13,0
524,14,0
524,15,0
524,16,0
524,17,0
524,18,0
524,19,0
524,20,0
524,21,0
524,22,1
524,23,0
524,24,0
524,25,1
524,26,0
524,27,0
524,28,0
524,29,0
524,30,0
524,31,0
524,32,0
524,33,0
524,34,0
524,35,0
524,36,0
524,37,0
524,38,0
524,39,0
524,40,0
524,41,0
524,42,0
524,43,0
524,44,0
524,45,0
524,46,0
524,47,1
524,48,0
524,49,0
525,0,0
525,1,0
525,2,0
525,3,0
525,4,0
525,5,0
525,6,0
525,7,1
525,8,0
525,9,0
525,10,0
525,11,1
525,12,0
525,13,0
525,14,0
525,15,0
525,16,0
525,17,0
525,18,0
525,19,0
525,20,0
525,21,0
525,22,0
525,23,0
525,24,1
525,25,0
525,26,0
525,27,0
525,28,0
525,29,0
525,30,1
525,31,0
525,32,0
525,33,0
525,34,0
525,35,0
525,36,0
525,37,0
525,38,0
525,39,1
525,40,0
525,41,1
525,42,0
525,43,1
525,44,0
525,45,1
525,46,0
525,47,0
525,48,0
525,49,0
526,0,0
526,1,1
526,2,0
526,3,1
526,4,0
526,5,0
526,6,1
526,7,0
526,8,1
526,9,0
526,10,0
526,11,0
526,12,0
526,13,1
526,14,0
526,15,1
526,16,0
526,17,0
526,18,0
526,19,0
526,20,0
526,21,0
526,22,0
526,23,1
526,24,1
526,25,0
526,26,0
526,27,0
526,28,0
526,29,0
526,30,0
526,31,0
526,32,0
526,33,0
526,34,0
526,35,0
526,36,0
526,37,0
526,38,0
526,39,0
526,40,0
526,41,0
526,42,0
526,43,1
526,44,0
526,45,0
526,46,0
526,47,0
526,48,0
526,49,0
527,0,0
527,1,0
527,2,0
527,3,1
527,4,0
527,5,0
527,6,0
527,7,0
527,8,1
527,9,0
527,10,0
527,11,0
527,12,0
527,13,0
527,14,0
527,15,0
527,16,0
527,17,1
527,18,1
527,19,0
527,20,0
527,21,0
527,22,0
527,23,0
527,24,0
527,25,1
527,26,1
527,27,0
527,28,0
527,29,0
527,30,1
527,31,1
527,32,0
527,33,1
527,34,0
527,35,0
527,36,1
527,37,0
527,38,0
527,39,0
527,40,0
527,41,0
527,42,0
527,43,1
527,44,0
527,45,0
527,46,0
527,47,0
527,48,0
527,49,0
528,0,0
528,1,0
528,2,0
528,3,0
528,4,0
528,5,0
528,6,1
528,7,0
528,8,0
528,9,0
528,10,0
528,11,0
528,12,0
528,13,0
528,14,0
528,15,0
528,16,0
528,17,0
528,18,0
528,19,0
528,20,0
528,21,1
528,22,0
528,23,1
528,24,0
528,25,0
528,26,0
528,27,0
528,28,0
528,29,0
528,30,1
528,31,0
528,32,1
528,33,0
528,34,1
528,35,0
528,36,0
528,37,0
528,38,0
528,39,0
528,40,0
528,41,0
528,42,0
528,43,0
528,44,0
528,45,0
528,46,0
528,47,0
528,48,0
528,49,0
529,0,0
529,1,1
529,2,0
529,3,1
529,4,0
529,5,0
529,6,1
529,7,0
529,8,1
529,9,0
529,10,0
529,11,1
529,12,1
529,13,0
529,14,1
529,15,1
529,16,0
529,17,0
529,18,0
529,19,1
529,20,1
529,21,0
529,22,0
529,23,0
529,24,0
529,25,0
529,26,0
529,27,0
529,28,0
529,29,0
529,30,1
529,31,0
529,32,0
529,33,0
529,34,0
529,35,0
529,36,0
529,37,0
529,38,0
529,39,1
529,40,0
529,41,0
529,42,0
529,43,0
529,44,0
529,45,0
529,46,0
529,47,0
529,48,1
529,49,0
530,0,0
530,1,0
530,2,1
530,3,0
530,4,1
530,5,0
530,6,0
530,7,0
530,8,1
530,9,0
530,10,0
530,11,0
530,12,0
530,13,1
530,14,0
530,15,0
530,16,0
530,17,0
530,18,0
530,19,0
530,20,0
530,21,0
530,22,0
530,23,0
530,24,0
530,25,0
530,26,0
530,27,0
530,28,0
530,29,0
530,30,0
530,31,0
530,32,0
530,33,0
530,34,0
530,35,0
530,36,0
530,37,0
530,38,0
530,39,0
530,40,0
530,41,0
530,42,0
530,43,0
530,44,1
530,45,0
530,46,0
530,47,1
530,48,1
530,49,0
531,0,0
531,1,0
531,2,0
531,3,0
531,4,0
531,5,0
531,6,0
531,7,0
531,8,1
531,9,0
531,10,1
531,11,0
531,12,0
531,13,0
531,14,0
531,15,0
531,16,0
531,17,1
531,18,0
531,19,1
531,20,0
531,21,1
531,22,1
531,23,0
531,24,1
531,25,0
531,26,0
531,27,0
531,28,0
531,29,0
531,30,0
531,31,0
531,32,0
531,33,0
531,34,0
531,35,0
531,36,0
531,37,0
531,38,0
531,39,0
531,40,0
531,41,0
531,42,0
531,43,1
531,44,1
531,45,0
531,46,0
531,47,1
531,48,0
531,49,0
532,0,0
532,1,1
532,2,0
532,3,1
532,4,0
532,5,0
532,6,0
532,7,0
532,8,1
532,9,0
532,10,0
532,11,0
532,12,0
532,13,0
532,14,1
532,15,0
532,16,0
532,17,0
532,18,0
532,19,0
532,20,0
532,21,1
532,22,0
532,23,0
532,24,1
532,25,1
532,26,0
532,27,0
532,28,0
532,29,0
532,30,0
532,31,0
532,32,1
532,33,1
532,34,0
532,35,0
532,36,0
532,37,1
532,38,0
532,39,0
532,40,0
532,41,0
532,42,0
532,43,0
532,44,0
532,45,0
532,46,0
532,47,1
532,48,0
532,49,0
533,0,1
533,1,0
533,2,0
533,3,0
533,4,1
533,5,1
533,6,0
533,7,0
533,8,0
533,9,0
533,10,0
533,11,0
533,12,0
533,13,0
533,14,1
533,15,0
533,16,0
533,17,1
533,18,1
533,19,0
533,20,1
533,21,0
533,22,0
533,23,0
533,24,0
533,25,1
533,26,0
533,27,0
533,28,0
533,29,0
533,30,0
533,31,0
533,32,0
533,33,1
533,34,0
533,35,0
533,36,0
533,37,0
533,38,0
533,39,1
533,40,0
533,41,0
533,42,0
533,43,0
533,44,1
533,45,1
533,46,0
533,47,0
533,48,0
533,49,0
534,0,1
534,1,0
534,2,0
534,3,1
534,4,0
534,5,0
534,6,0
534,7,0
534,8,0
534,9,0
534,10,0
534,11,0
534,12,1
534,13,0
534,14,1
534,15,0
534,16,0
534,17,0
534,18,0
534,19,0
534,20,0
534,21,1
534,22,0
534,23,1
534,24,0
534,25,0
534,26,0
534,27,0
534,28,1
534,29,1
534,30,0
534,31,1
534,32,0
534,33,1
534,34,0
534,35,0
534,36,0
534,37,1
534,38,0
534,39,0
534,40,0
534,41,0
534,42,0
534,43,0
534,44,0
534,45,0
534,46,0
534,47,0
534,48,0
534,49,0
535,0,0
535,1,0
535,2,1
535,3,0
535,4,1
535,5,0
535,6,0
535,7,0
535,8,0
535,9,0
535,10,0
535,11,0
535,12,1
535,13,0
535,14,0
535,15,0
535,16,0
535,17,0
535,18,0
535,19,0
535,20,1
535,21,1
535,22,0
535,23,0
535,24,0
535,25,0
535,26,0
535,27,0
535,28,0
535,29,0
535,30,0
535,31,0
535,32,0
535,33,0
535,34,0
535,35,0
535,36,0
535,37,0
535,38,0
535,39,0
535,40,0
535,41,0
535,42,0
535,43,0
535,44,0
535,45,0
535,46,0
535,47,0
535,48,0
535,49,0
536,0,1
536,1,0
536,2,0
536,3,0
536,4,1
536,5,0
536,6,0
536,7,0
536,8,0
536,9,0
536,10,0
536,11,0
536,12,0
536,13,0
536,14,1
536,15,0
536,16,0
536,17,1
536,18,0
536,19,1
536,20,0
536,21,0
536,22,0
536,23,0
536,24,0
536,25,0
536,26,0
536,27,0
536,28,0
536,29,0
536,30,0
536,31,1
536,32,0
536,33,0
536,34,0
536,35,0
536,36,1
536,37,0
536,38,0
536,39,1
536,40,0
536,41,0
536,42,0
536,43,0
536,44,0
536,45,0
536,46,0
536,47,0
536,48,1
536,49,0
537,0,1
537,1,0
537,2,0
537,3,0
537,4,0
537,5,0
537,6,0
537,7,0
537,8,0
537,9,0
537,10,0
537,11,0
537,12,0
537,13,0
537,14,0
537,15,0
537,16,0
537,17,1
537,18,0
537,19,0
537,20,0
537,21,0
537,22,0
537,23,0
537,24,0
537,25,0
537,26,0
537,27,0
537,28,0
537,29,0
537,30,0
537,31,0
537,32,0
537,33,0
537,34,1
537,35,0
537,36,0
537,37,0
537,38,1
537,39,1
537,40,0
537,41,0
537,42,1
537,43,1
537,44,0
537,45,0
537,46,1
537,47,0
537,48,1
537,49,0
538,0,0
538,1,0
538,2,0
538,3,0
538,4,0
538,5,0
538,6,0
538,7,0
538,8,0
538,9,0
538,10,0
538,11,1
538,12,0
538,13,1
538,14,0
538,15,0
538,16,0
538,17,0
538,18,0
538,19,0
538,20,0
538,21,1
538,22,0
538,23,0
538,24,0
538,25,0
538,26,0
538,27,0
538,28,0
538,29,0
538,30,0
538,31,0
538,32,0
538,33,0
538,34,0
538,35,0
538,36,0
538,37,0
538,38,1
538,39,0
538,40,0
538,41,0
538,42,0
538,43,0
538,44,0
538,45,0
538,46,0
538,47,1
538,48,0
538,49,1
539,0,0
539,1,0
539,2,0
539,3,1
539,4,0
539,5,0
539,6,1
539,7,1
539,8,0
539,9,0
539,10,0
539,11,0
539,12,0
539,13,0
539,14,0
539,15,0
539,16,0
539,17,0
539,18,0
539,19,1
539,20,0
539,21,0
539,22,0
539,23,1
539,24,0
539,25,0
539,26,1
539,27,1
539,28,1
539,29,0
539,30,0
539,31,1
539,32,0
539,33,0
539,34,0
539,35,1
539,36,0
539,37,0
539,38,0
539,39,0
539,40,0
539,41,0
539,42,1
539,43,0
539,44,1
539,45,0
539,46,1
539,47,1
539,48,0
539,49,0
540,0,0
540,1,0
540,2,1
540,3,0
540,4,0
540,5,0
540,6,0
540,7,0
540,8,0
540,9,0
540,10,1
540,11,0
540,12,0
540,13,0
540,14,0
540,15,0
540,16,0
540,17,1
540,18,0
540,19,1
540,20,0
540,21,1
540,22,1
540,23,0
540,24,1
540,25,1
540,26,0
540,27,0
540,28,0
540,29,0
540,30,0
540,31,0
540,32,0
540,33,0
540,34,0
540,35,0
540,36,1
540,37,0
540,38,0
540,39,0
540,40,0
540,41,0
540,42,0
540,43,1
540,44,1
540,45,1
540,46,0
540,47,0
540,48,0
540,49,0
541,0,0
541,1,0
541,2,0
541,3,0
541,4,0
541,5,0
541,6,0
541,7,1
541,8,0
541,9,0
541,10,0
541,11,1
541,12,0
541,13,0
541,14,1
541,15,1
541,16,0
541,17,0
541,18,0
541,19,0
541,20,0
541,21,0
541,22,0
541,23,1
541,24,0
541,25,0
541,26,0
541,27,0
541,28,0
541,29,0
541,30,1
541,31,0
541,32,0
541,33,0
541,34,0
541,35,0
541,36,0
541,37,1
541,38,0
541,39,0
541,40,0
541,41,0
541,42,0
541,43,0
541,44,0
541,45,0
541,46,0
541,47,0
541,48,0
541,49,0
542,0,0
542,1,0
542,2,0
542,3,0
542,4,0
542,5,0
542,6,0
542,7,0
542,8,0
542,9,0
542,10,1
542,11,0
542,12,0
542,13,0
542,14,0
542,15,1
542,16,1
542,17,1
542,18,0
542,19,1
542,20,0
542,21,0
542,22,1
542,23,1
542,24,0
542,25,0
542,26,0
542,27,0
542,28,1
542,29,0
542,30,0
542,31,1
542,32,0
542,33,1
542,34,0
542,35,1
542,36,0
542,37,1
542,38,1
542,39,1
542,40,0
542,41,0
542,42,0
542,43,0
542,44,0
542,45,0
542,46,0
542,47,0
542,48,0
542,49,0
543,0,1
543,1,0
543,2,0
543,3,0
543,4,0
543,5,0
543,6,0
543,7,0
543,8,0
543,9,0
543,10,0
543,11,0
543,12,1
543,13,0
543,14,1
543,15,0
543,16,0
543,17,0
543,18,0
543,19,0
543,20,0
543,21,0
543,22,0
543,23,0
543,24,0
543,25,0
543,26,0
543,27,0
543,28,0
543,29,0
543,30,0
543,31,0
543,32,0
543,33,0
543,34,0
543,35,0
543,36,0
543,37,0
543,38,0
543,39,0
543,40,0
543,41,0
543,42,0
543,43,0
543,44,0
543,45,0
543,46,0
543,47,0
543,48,0
543,49,0
544,0,0
544,1,0
544,2,1
544,3,1
544,4,0
544,5,0
544,6,0
544,7,0
544,8,0
544,9,0
544,10,0
544,11,1
544,12,0
544,13,0
544,14,0
544,15,1
544,16,0
544,17,0
544,18,1
544,19,0
544,20,1
544,21,0
544,22,1
544,23,1
544,24,0
544,25,0
544,26,1
544,27,0
544,28,0
544,29,0
544,30,0
544,31,0
544,32,1
544,33,0
544,34,0
544,35,0
544,36,0
544,37,0
544,38,0
544,39,0
544,40,0
544,41,0
544,42,0
544,43,0
544,44,0
544,45,0
544,46,1
544,47,0
544,48,0
544,49,0
545,0,0
545,1,0
545,2,0
545,3,0
545,4,1
545,5,1
545,6,0
545,7,0
545,8,0
545,9,1
545,10,0
545,11,0
545,12,0
545,13,0
545,14,0
545,15,0
545,16,0
545,17,0
545,18,0
545,19,0
545,20,0
545,21,0
545,22,0
545,23,1
545,24,0
545,25,0
545,26,1
545,27,0
545,28,0
545,29,0
545,30,0
545,31,1
545,32,0
545,33,1
545,34,0
545,35,0
545,36,0
545,37,1
545,38,0
545,39,0
545,40,0
545,41,0
545,42,0
545,43,0
545,44,0
545,45,0
545,46,0
545,47,0
545,48,0
545,49,0
546,0,1
546,1,0
546,2,0
546,3,0
546,4,0
546,5,0
546,6,1
546,7,0
546,8,1
546,9,0
546,10,1
546,11,0
546,12,1
546,13,1
546,14,0
546,15,0
546,16,0
546,17,0
546,18,0
546,19,0
546,20,0
546,21,0
546,22,0
546,23,0
546,24,1
546,25,1
546,26,0
546,27,0
546,28,0
546,29,0
546,30,1
546,31,0
546,32,0
546,33,0
546,34,0
546,35,0
546,36,0
546,37,0
546,38,0
546,39,0
546,40,0
546,41,0
546,42,0
546,43,0
546,44,0
546,45,0
546,46,1
546,47,0
546,48,0
546,49,0
547,0,0
547,1,0
547,2,0
547,3,0
547,4,1
547,5,0
547,6,1
547,7,0
547,8,0
547,9,0
547,10,0
547,11,0
547,12,1
547,13,1
547,14,0
547,15,0
547,16,0
547,17,0
547,18,0
547,19,0
547,20,0
547,21,0
547,22,0
547,23,0
547,24,0
547,25,0
547,26,0
547,27,0
547,28,0
547,29,0
547,30,1
547,31,1
547,32,0
547,33,0
547,34,0
547,35,0
547,36,0
547,37,0
547,38,0
547,39,0
547,40,0
547,41,0
547,42,1
547,43,0
547,44,0
547,45,0
547,46,0
547,47,0
547,48,1
547,49,0
548,0,0
548,1,1
548,2,0
548,3,0
548,4,0
548,5,0
548,6,0
548,7,0
548,8,0
548,9,0
548,10,0
548,11,0
548,12,0
548,13,0
548,14,0
548,15,0
548,16,0
548,17,0
548,18,0
548,19,0
548,20,0
548,21,0
548,22,0
548,23,0
548,24,0
548,25,0
548,26,0
548,27,0
548,28,0
548,29,1
548,30,0
548,31,1
548,32,0
548,33,0
548,34,0
548,35,0
548,36,0
548,37,0
548,38,0
548,39,0
548,40,0
548,41,0
548,42,1
548,43,1
548,44,0
548,45,0
548,46,0
548,47,0
548,48,0
548,49,0
549,0,0
549,1,0
549,2,0
549,3,0
549,4,0
549,5,0
549,6,0
549,7,0
549,8,0
549,9,0
549,10,0
549,11,0
549,12,0
549,13,0
549,14,0
549,15,0
549,16,0
549,17,0
549,18,0
549,19,0
549,20,0
549,21,0
549,22,1
549,23,0
549,24,0
549,25,1
549,26,0
549,27,0
549,28,0
549,29,0
549,30,0
549,31,0
549,32,0
549,33,1
549,34,0
549,35,0
549,36,1
549,37,0
549,38,0
549,39,0
549,40,0
549,41,0
549,42,0
549,43,0
549,44,0
549,45,0
549,46,0
549,47,0
549,48,0
549,49,1
550,0,1
550,1,0
550,2,0
550,3,0
550,4,0
550,5,0
550,6,1
550,7,0
550,8,0
550,9,0
550,10,0
550,11,0
550,12,0
550,13,0
550,14,0
550,15,0
550,16,0
550,17,1
550,18,0
550,19,0
550,20,1
550,21,0
550,22,0
550,23,1
550,24,1
550,25,0
550,26,0
550,27,0
550,28,0
550,29,0
550,30,0
550,31,1
550,32,0
550,33,0
550,34,0
550,35,1
550,36,0
550,37,0
550,38,0
550,39,0
550,40,0
550,41,0
550,42,0
550,43,0
550,44,0
550,45,1
550,46,0
550,47,0
550,48,0
550,49,0
551,0,1
551,1,0
551,2,1
551,3,0
551,4,0
551,5,0
551,6,0
551,7,0
551,8,0
551,9,0
551,10,0
551,11,1
551,12,0
551,13,0
551,14,0
551,15,0
551,16,0
551,17,0
551,18,0
551,19,0
551,20,0
551,21,1
551,22,0
551,23,0
551,24,0
551,25,0
551,26,0
551,27,0
551,28,0
551,29,0
551,30,1
551,31,0
551,32,0
551,33,1
551,34,0
551,35,0
551,36,0
551,37,1
551,38,0
551,39,1
551,40,0
551,41,0
551,42,0
551,43,0
551,44,0
551,45,0
551,46,0
551,47,1
551,48,0
551,49,0
552,0,0
552,1,0
552,2,0
552,3,0
552,4,0
552,5,0
552,6,0
552,7,0
552,8,1
552,9,1
552,10,1
552,11,1
552,12,1
552,13,0
552,14,1
552,15,0
552,16,0
552,17,0
552,18,0
552,19,0
552,20,0
552,21,0
552,22,0
552,23,0
552,24,0
552,25,0
552,26,0
552,27,0
552,28,0
552,29,0
552,30,0
552,31,0
552,32,0
552,33,0
552,34,0
552,35,0
552,36,0
552,37,0
552,38,0
552,39,0
552,40,0
552,41,0
552,42,1
552,43,0
552,44,1
552,45,0
552,46,1
552,47,0
552,48,0
552,49,0
553,0,1
553,1,0
553,2,1
553,3,0
553,4,1
553,5,1
553,6,0
553,7,0
553,8,0
553,9,0
553,10,0
553,11,0
553,12,0
553,13,0
553,14,0
553,15,1
553,16,0
553,17,0
553,18,0
553,19,0
553,20,0
553,21,1
553,22,0
553,23,1
553,24,0
553,25,0
553,26,0
553,27,0
553,28,0
553,29,0
553,30,0
553,31,1
553,32,0
553,33,0
553,34,0
553,35,0
553,36,0
553,37,1
553,38,0
553,39,0
553,40,0
553,41,0
553,42,0
553,43,0
553,44,1
553,45,0
553,46,0
553,47,0
553,48,1
553,49,0
554,0,1
554,1,0
554,2,1
554,3,0
554,4,0
554,5,0
554,6,0
554,7,0
554,8,1
554,9,0
554,10,0
554,11,0
554,12,0
554,13,0
554,14,0
554,15,1
554,16,0
554,17,0
554,18,0
554,19,0
554,20,1
554,21,0
554,22,0
554,23,0
554,24,0
554,25,0
554,26,0
554,27,0
554,28,0
554,29,0
554,30,1
554,31,0
554,32,0
554,33,0
554,34,1
554,35,0
554,36,0
554,37,0
554,38,0
554,39,0
554,40,0
554,41,0
554,42,1
554,43,1
554,44,1
554,45,1
554,46,0
554,47,0
554,48,1
554,49,0
555,0,0
555,1,0
555,2,0
555,3,0
555,4,0
555,5,0
555,6,1
555,7,0
555,8,0
555,9,0
555,10,1
555,11,0
555,12,0
555,13,0
555,14,0
555,15,0
555,16,0
555,17,0
555,18,0
555,19,0
555,20,0
555,21,0
555,22,1
555,23,0
555,24,0
555,25,1
555,26,1
555,27,0
555,28,0
555,29,0
555,30,0
555,31,0
555,32,1
555,33,0
555,34,0
555,35,0
555,36,0
555,37,0
555,38,0
555,39,1
555,40,0
555,41,0
555,42,0
555,43,0
555,44,0
555,45,0
555,46,0
555,47,0
555,48,0
555,49,0
556,0,0
556,1,0
556,2,1
556,3,0
556,4,0
556,5,1
556,6,0
556,7,0
556,8,0
556,9,0
556,10,0
556,11,0
556,12,0
556,13,0
556,14,0
556,15,0
556,16,0
556,17,0
556,18,0
556,19,0
556,20,0
556,21,0
556,22,0
556,23,1
556,24,1
556,25,0
556,26,1
556,27,0
556,28,0
556,29,0
556,30,0
556,31,0
556,32,1
556,33,1
556,34,0
556,35,0
556,36,0
556,37,1
556,38,1
556,39,0
556,40,0
556,41,0
556,42,0
556,43,0
556,44,0
556,45,0
556,46,0
556,47,0
556,48,1
556,49,0
557,0,0
557,1,0
557,2,0
557,3,0
557,4,0
557,5,0
557,6,0
557,7,0
557,8,0
557,9,0
557,10,0
557,11,0
557,12,0
557,13,1
557,14,1
557,15,0
557,16,0
557,17,0
557,18,0
557,19,0
557,20,1
557,21,1
557,22,1
557,23,0
557,24,0
557,25,1
557,26,0
557,27,0
557,28,0
557,29,0
557,30,1
557,31,0
557,32,0
557,33,0
557,34,0
557,35,0
557,36,0
557,37,0
557,38,0
557,39,0
557,40,1
557,41,1
557,42,0
557,43,1
557,44,0
557,45,0
557,46,1
557,47,0
557,48,0
557,49,0
558,0,0
558,1,0
558,2,0
558,3,0
558,4,0
558,5,0
558,6,0
558,7,1
558,8,0
558,9,0
558,10,0
558,11,0
558,12,0
558,13,0
558,14,1
558,15,0
558,16,0
558,17,0
558,18,1
558,19,1
558,20,0
558,21,0
558,22,0
558,23,0
558,24,0
558,25,0
558,26,0
558,27,0
558,28,0
558,29,0
558,30,0
558,31,0
558,32,0
558,33,1
558,34,0
558,35,0
558,36,0
558,37,0
558,38,0
558,39,0
558,40,0
558,41,0
558,42,0
558,43,1
558,44,0
558,45,0
558,46,0
558,47,0
558,48,0
558,49,0
559,0,1
559,1,0
559,2,0
559,3,1
559,4,1
559,5,0
559,6,0
559,7,0
559,8,0
559,9,0
559,10,0
559,11,0
559,12,0
559,13,0
559,14,0
559,15,0
559,16,0
559,17,1
559,18,0
559,19,0
559,20,1
559,21,0
559,22,0
559,23,0
559,24,0
559,25,0
559,26,0
559,27,0
559,28,0
559,29,0
559,30,0
559,31,1
559,32,0
559,33,0
559,34,0
559,35,1
559,36,0
559,37,0
559,38,0
559,39,0
559,40,0
559,41,0
559,42,0
559,43,0
559,44,0
559,45,0
559,46,0
559,47,1
559,48,1
559,49,0
560,0,0
560,1,0
560,2,0
560,3,0
560,4,0
560,5,0
560,6,0
560,7,0
560,8,0
560,9,0
560,10,0
560,11,0
560,12,1
560,13,0
560,14,1
560,15,0
560,16,0
560,17,0
560,18,0
560,19,0
560,20,0
560,21,0
560,22,0
560,23,1
560,24,0
560,25,1
560,26,1
560,27,0
560,28,0
560,29,0
560,30,0
560,31,1
560,32,0
560,33,0
560,34,0
560,35,0
560,36,0
560,37,0
560,38,0
560,39,0
560,40,1
560,41,0
560,42,1
560,43,0
560,44,0
560,45,0
560,46,0
560,47,0
560,48,0
560,49,0
561,0,0
561,1,0
561,2,0
561,3,0
561,4,0
561,5,1
561,6,0
561,7,0
561,8,0
561,9,0
561,10,0
561,11,0
561,12,0
561,13,0
561,14,0
561,15,1
561,16,0
561,17,0
561,18,0
561,19,0
561,20,1
561,21,0
561,22,1
561,23,0
561,24,0
561,25,0
561,26,1
561,27,0
561,28,0
561,29,0
561,30,0
561,31,0
561,32,0
561,33,0
561,34,0
561,35,0
561,36,0
561,37,0
561,38,0
561,39,0
561,40,0
561,41,0
561,42,0
561,43,1
561,44,0
561,45,0
561,46,0
561,47,1
561,48,0
561,49,0
562,0,0
562,1,0
562,2,0
562,3,0
562,4,1
562,5,0
562,6,0
562,7,0
562,8,0
562,9,0
562,10,0
562,11,0
562,12,0
562,13,0
562,14,1
562,15,0
562,16,1
562,17,0
562,18,0
562,19,0
562,20,1
562,21,1
562,22,0
562,23,1
562,24,1
562,25,0
562,26,0
562,27,0
562,28,0
562,29,0
562,30,1
562,31,1
562,32,0
562,33,0
562,34,1
562,35,0
562,36,0
562,37,0
562,38,0
562,39,0
562,40,0
562,41,0
562,42,0
562,43,0
562,44,0
562,45,0
562,46,0
562,47,0
562,48,0
562,49,0
563,0,0
563,1,0
563,2,1
563,3,0
563,4,0
563,5,0
563,6,0
563,7,0
563,8,0
563,9,0
563,10,0
563,11,1
563,12,0
563,13,0
563,14,1
563,15,0
563,16,0
563,17,0
563,18,0
563,19,0
563,20,0
563,21,0
563,22,0
563,23,0
563,24,1
563,25,1
563,26,0
563,27,0
563,28,0
563,29,0
563,30,0
563,31,0
563,32,0
563,33,1
563,34,1
563,35,0
563,36,0
563,37,0
563,38,0
563,39,0
563,40,0
563,41,0
563,42,0
563,43,0
563,44,1
563,45,0
563,46,0
563,47,0
563,48,0
563,49,0
564,0,0
564,1,1
564,2,1
564,3,0
564,4,0
564,5,1
564,6,0
564,7,0
564,8,0
564,9,1
564,10,0
564,11,0
564,12,0
564,13,0
564,14,0
564,15,1
564,16,0
564,17,0
564,18,0
564,19,0
564,20,1
564,21,0
564,22,0
564,23,0
564,24,0
564,25,0
564,26,1
564,27,0
564,28,0
564,29,0
564,30,1
564,31,0
564,32,0
564,33,0
564,34,0
564,35,0
564,36,0
564,37,1
564,38,0
564,39,0
564,40,0
564,41,1
564,42,0
564,43,0
564,44,0
564,45,0
564,46,0
564,47,1
564,48,0
564,49,0
565,0,0
565,1,1
565,2,0
565,3,0
565,4,0
565,5,1
565,6,0
565,7,0
565,8,0
565,9,0
565,10,0
565,11,1
565,12,0
565,13,0
565,14,0
565,15,1
565,16,1
565,17,0
565,18,0
565,19,0
565,20,1
565,21,1
565,22,0
565,23,0
565,24,0
565,25,0
565,26,0
565,27,0
565,28,0
565,29,0
565,30,0
565,31,0
565,32,0
565,33,0
565,34,0
565,35,0
565,36,0
565,37,1
565,38,0
565,39,0
565,40,0
565,41,0
565,42,0
565,43,0
565,44,0
565,45,0
565,46,0
565,47,0
565,48,0
565,49,0
566,0,1
566,1,0
566,2,0
566,3,0
566,4,0
566,5,0
566,6,0
566,7,1
566,8,0
566,9,0
566,10,0
566,11,0
566,12,0
566,13,0
566,14,0
566,15,0
566,16,0
566,17,1
566,18,0
566,19,0
566,20,0
566,21,0
566,22,0
566,23,0
566,24,1
566,25,0
566,26,0
566,27,0
566,28,0
566,29,0
566,30,1
566,31,1
566,32,0
566,33,0
566,34,0
566,35,0
566,36,1
566,37,0
566,38,0
566,39,0
566,40,0
566,41,1
566,42,0
566,43,0
566,44,0
566,45,0
566,46,0
566,47,1
566,48,0
566,49,0
567,0,0
567,1,0
567,2,1
567,3,1
567,4,1
567,5,0
567,6,0
567,7,0
567,8,1
567,9,0
567,10,0
567,11,0
567,12,1
567,13,0
567,14,0
567,15,1
567,16,0
567,17,0
567,18,1
567,19,0
567,20,1
567,21,0
567,22,1
567,23,0
567,24,0
567,25,0
567,26,0
567,27,0
567,28,0
567,29,0
567,30,0
567,31,0
567,32,0
567,33,0
567,34,0
567,35,0
567,36,0
567,37,1
567,38,0
567,39,0
567,40,0
567,41,0
567,42,0
567,43,0
567,44,1
567,45,0
567,46,0
567,47,0
567,48,0
567,49,0
568,0,0
568,1,0
568,2,0
568,3,0
568,4,0
568,5,0
568,6,0
568,7,0
568,8,1
568,9,0
568,10,1
568,11,0
568,12,1
568,13,0
568,14,0
568,15,0
568,16,1
568,17,0
568,18,1
568,19,0
568,20,1
568,21,0
568,22,0
568,23,1
568,24,0
568,25,1
568,26,0
568,27,0
568,28,0
568,29,0
568,30,0
568,31,0
568,32,0
568,33,0
568,34,1
568,35,0
568,36,0
568,37,0
568,38,1
568,39,0
568,40,0
568,41,0
568,42,0
568,43,0
568,44,1
568,45,0
568,46,0
568,47,1
568,48,0
568,49,0
569,0,0
569,1,0
569,2,0
569,3,0
569,4,0
569,5,1
569,6,0
569,7,1
569,8,0
569,9,0
569,10,0
569,11,0
569,12,0
569,13,0
569,14,0
569,15,0
569,16,0
569,17,1
569,18,1
569,19,0
569,20,0
569,21,0
569,22,1
569,23,0
569,24,0
569,25,1
569,26,0
569,27,0
569,28,0
569,29,0
569,30,1
569,31,1
569,32,0
569,33,0
569,34,1
569,35,0
569,36,0
569,37,0
569,38,0
569,39,1
569,40,0
569,41,1
569,42,1
569,43,0
569,44,0
569,45,1
569,46,0
569,47,0
569,48,0
569,49,0
570,0,0
570,1,0
570,2,0
570,3,0
570,4,0
570,5,0
570,6,0
570,7,1
570,8,1
570,9,0
570,10,0
570,11,0
570,12,0
570,13,0
570,14,0
570,15,1
570,16,0
570,17,0
570,18,1
570,19,1
570,20,0
570,21,1
570,22,0
570,23,0
570,24,0
570,25,0
570,26,0
570,27,0
570,28,0
570,29,0
570,30,0
570,31,0
570,32,0
570,33,0
570,34,0
570,35,0
570,36,0
570,37,0
570,38,0
570,39,0
570,40,0
570,41,0
570,42,0
570,43,0
570,44,0
570,45,0
570,46,0
570,47,0
570,48,1
570,49,1
571,0,0
571,1,0
571,2,0
571,3,0
571,4,0
571,5,0
571,6,0
571,7,0
571,8,0
571,9,0
571,10,0
571,11,0
571,12,0
571,13,0
571,14,0
571,15,0
571,16,0
571,17,1
571,18,0
571,19,0
571,20,0
571,21,0
571,22,0
571,23,1
571,24,0
571,25,0
571,26,0
571,27,0
571,28,1
571,29,0
571,30,0
571,31,1
571,32,0
571,33,0
571,34,0
571,35,0
571,36,0
571,37,0
571,38,0
571,39,0
571,40,0
571,41,0
571,42,1
571,43,0
571,44,0
571,45,0
571,46,0
571,47,0
571,48,0
571,49,0
572,0,0
572,1,1
572,2,0
572,3,0
572,4,1
572,5,0
572,6,0
572,7,0
572,8,0
572,9,0
572,10,0
572,11,0
572,12,0
572,13,0
572,14,0
572,15,1
572,16,0
572,17,0
572,18,0
572,19,0
572,20,0
572,21,0
572,22,1
572,23,0
572,24,0
572,25,0
572,26,0
572,27,0
572,28,0
572,29,0
572,30,1
572,31,0
572,32,1
572,33,0
572,34,0
572,35,1
572,36,0
572,37,1
572,38,0
572,39,0
572,40,0
572,41,0
572,42,0
572,43,1
572,44,0
572,45,0
572,46,1
572,47,0
572,48,0
572,49,0
573,0,0
573,1,0
573,2,0
573,3,0
573,4,0
573,5,0
573,6,0
573,7,0
573,8,0
573,9,0
573,10,0
573,11,0
573,12,1
573,13,0
573,14,0
573,15,0
573,16,0
573,17,0
573,18,0
573,19,0
573,20,0
573,21,0
573,22,1
573,23,0
573,24,0
573,25,0
573,26,0
573,27,0
573,28,0
573,29,0
573,30,0
573,31,0
573,32,0
573,33,0
573,34,1
573,35,0
573,36,0
573,37,1
573,38,0
573,39,1
573,40,0
573,41,0
573,42,0
573,43,0
573,44,0
573,45,0
573,46,0
573,47,0
573,48,0
573,49,0
574,0,0
574,1,0
574,2,0
574,3,0
574,4,1
574,5,0
574,6,0
574,7,0
574,8,1
574,9,0
574,10,0
574,11,0
574,12,0
574,13,0
574,14,0
574,15,0
574,16,0
574,17,1
574,18,0
574,19,0
574,20,0
574,21,0
574,22,0
574,23,0
574,24,0
574,25,0
574,26,0
574,27,0
574,28,1
574,29,0
574,30,0
574,31,1
574,32,0
574,33,0
574,34,1
574,35,0
574,36,0
574,37,0
574,38,0
574,39,0
574,40,0
574,41,0
574,42,0
574,43,1
574,44,0
574,45,0
574,46,0
574,47,0
574,48,0
574,49,0
575,0,0
575,1,0
575,2,1
575,3,1
575,4,0
575,5,0
575,6,0
575,7,0
575,8,0
575,9,0
575,10,0
575,11,1
575,12,0
575,13,0
575,14,0
575,15,1
575,16,0
575,17,0
575,18,1
575,19,0
575,20,0
575,21,0
575,22,0
575,23,0
575,24,0
575,25,1
575,26,0
575,27,0
575,28,0
575,29,0
575,30,0
575,31,1
575,32,0
575,33,1
575,34,0
575,35,0
575,36,0
575,37,1
575,38,0
575,39,0
575,40,0
575,41,0
575,42,0
575,43,1
575,44,0
575,45,0
575,46,0
575,47,0
575,48,0
575,49,0
576,0,0
576,1,0
576,2,0
576,3,0
576,4,0
576,5,0
576,6,1
576,7,0
576,8,0
576,9,0
576,10,0
576,11,1
576,12,0
576,13,1
576,14,0
576,15,0
576,16,0
576,17,0
576,18,1
576,19,0
576,20,0
576,21,0
576,22,0
576,23,0
576,24,1
576,25,0
576,26,1
576,27,0
576,28,0
576,29,0
576,30,0
576,31,0
576,32,0
576,33,0
576,34,0
576,35,0
576,36,0
576,37,0
576,38,0
576,39,0
576,40,1
576,41,0
576,42,1
576,43,0
576,44,1
576,45,0
576,46,0
576,47,0
576,48,1
576,49,0
577,0,0
577,1,0
577,2,1
577,3,0
577,4,0
577,5,0
577,6,0
577,7,0
577,8,1
577,9,0
577,10,1
577,11,1
577,12,0
577,13,0
577,14,0
577,15,0
577,16,0
577,17,0
577,18,1
577,19,0
577,20,0
577,21,0
577,22,0
577,23,0
577,24,0
577,25,0
577,26,1
577,27,1
577,28,0
577,29,1
577,30,0
577,31,0
577,32,0
577,33,0
577,34,0
577,35,0
577,36,0
577,37,1
577,38,0
577,39,0
577,40,0
577,41,0
577,42,1
577,43,0
577,44,0
577,45,1
577,46,0
577,47,0
577,48,0
577,49,0
578,0,0
578,1,0
578,2,0
578,3,0
578,4,0
578,5,0
578,6,0
578,7,0
578,8,0
578,9,0
578,10,0
578,11,0
578,12,0
578,13,0
578,14,0
578,15,0
578,16,0
578,17,1
578,18,0
578,19,0
578,20,0
578,21,0
578,22,0
578,23,0
578,24,0
578,25,0
578,26,0
578,27,0
578,28,0
578,29,0
578,30,1
578,31,0
578,32,0
578,33,0
578,34,0
578,35,0
578,36,0
578,37,0
578,38,0
578,39,1
578,40,0
578,41,1
578,42,0
578,43,1
578,44,0
578,45,0
578,46,0
578,47,1
578,48,0
578,49,0
579,0,0
579,1,0
579,2,1
579,3,0
579,4,0
579,5,0
579,6,1
579,7,0
579,8,0
579,9,0
579,10,1
579,11,1
579,12,0
579,13,0
579,14,1
579,15,1
579,16,0
579,17,0
579,18,1
579,19,0
579,20,0
579,21,0
579,22,0
579,23,0
579,24,1
579,25,0
579,26,0
579,27,0
579,28,0
579,29,0
579,30,0
579,31,0
579,32,1
579,33,0
579,34,0
579,35,0
579,36,0
579,37,0
579,38,1
579,39,0
579,40,0
579,41,0
579,42,0
579,43,0
579,44,0
579,45,0
579,46,0
579,47,0
579,48,0
579,49,0
580,0,0
580,1,0
580,2,1
580,3,0
580,4,0
580,5,0
580,6,0
580,7,0
580,8,0
580,9,0
580,10,0
580,11,0
580,12,0
580,13,0
580,14,0
580,15,1
580,16,0
580,17,1
580,18,0
580,19,0
580,20,0
580,21,0
580,22,0
580,23,0
580,24,0
580,25,0
580,26,0
580,27,0
580,28,0
580,29,0
580,30,0
580,31,0
580,32,0
580,33,0
580,34,0
580,35,0
580,36,0
580,37,0
580,38,0
580,39,0
580,40,0
580,41,0
580,42,0
580,43,1
580,44,0
580,45,0
580,46,0
580,47,0
580,48,0
580,49,0
581,0,1
581,1,0
581,2,1
581,3,0
581,4,0
581,5,0
581,6,0
581,7,0
581,8,0
581,9,0
581,10,0
581,11,0
581,12,0
581,13,0
581,14,1
581,15,0
581,16,0
581,17,0
581,18,0
581,19,0
581,20,1
581,21,0
581,22,1
581,23,1
581,24,0
581,25,0
581,26,0
581,27,1
581,28,1
581,29,0
581,30,0
581,31,0
581,32,0
581,33,0
581,34,1
581,35,0
581,36,0
581,37,0
581,38,0
581,39,0
581,40,0
581,41,0
581,42,0
581,43,0
581,44,1
581,45,0
581,46,0
581,47,0
581,48,0
581,49,0
582,0,0
582,1,0
582,2,0
582,3,0
582,4,0
582,5,0
582,6,0
582,7,0
582,8,1
582,9,0
582,10,0
582,11,0
582,12,0
582,13,0
582,14,0
582,15,0
582,16,0
582,17,0
582,18,0
582,19,0
582,20,0
582,21,0
582,22,0
582,23,0
582,24,0
582,25,0
582,26,0
582,27,0
582,28,0
582,29,0
582,30,0
582,31,0
582,32,0
582,33,1
582,34,0
582,35,0
582,36,0
582,37,0
582,38,0
582,39,0
582,40,0
582,41,0
582,42,0
582,43,0
582,44,0
582,45,0
582,46,0
582,47,0
582,48,0
582,49,0
583,0,0
583,1,0
583,2,0
583,3,0
583,4,0
583,5,0
583,6,0
583,7,0
583,8,0
583,9,0
583,10,0
583,11,0
583,12,0
583,13,0
583,14,0
583,15,0
583,16,0
583,17,0
583,18,1
583,19,0
583,20,0
583,21,0
583,22,1
583,23,0
583,24,0
583,25,0
583,26,0
583,27,0
583,28,0
583,29,0
583,30,1
583,31,0
583,32,0
583,33,1
583,34,0
583,35,0
583,36,0
583,37,0
583,38,1
583,39,0
583,40,0
583,41,0
583,42,0
583,43,0
583,44,0
583,45,0
583,46,0
583,47,0
583,48,0
583,49,0
584,0,0
584,1,0
584,2,1
584,3,0
584,4,0
584,5,0
584,6,0
584,7,0
584,8,0
584,9,0
584,10,0
584,11,0
584,12,0
584,13,0
584,14,0
584,15,0
584,16,0
584,17,0
584,18,0
584,19,1
584,20,0
584,21,0
584,22,0
584,23,0
584,24,0
584,25,0
584,26,0
584,27,0
584,28,0
584,29,0
584,30,1
584,31,1
584,32,0
584,33,0
584,34,1
584,35,0
584,36,0
584,37,0
584,38,0
584,39,0
584,40,0
584,41,0
584,42,1
584,43,0
584,44,1
584,45,0
584,46,0
584,47,0
584,48,0
584,49,0
585,0,1
585,1,0
585,2,0
585,3,0
585,4,0
585,5,0
585,6,0
585,7,0
585,8,1
585,9,0
585,10,1
585,11,0
585,12,0
585,13,0
585,14,0
585,15,1
585,16,0
585,17,1
585,18,0
585,19,0
585,20,0
585,21,0
585,22,0
585,23,0
585,24,0
585,25,0
585,26,1
585,27,0
585,28,0
585,29,0
585,30,0
585,31,0
585,32,0
585,33,0
585,34,0
585,35,0
585,36,0
585,37,0
585,38,0
585,39,0
585,40,0
585,41,0
585,42,0
585,43,1
585,44,0
585,45,0
585,46,0
585,47,0
585,48,0
585,49,0
586,0,0
586,1,0
586,2,0
586,3,0
586,4,0
586,5,0
586,6,0
586,7,0
586,8,0
586,9,0
586,10,0
586,11,0
586,12,0
586,13,0
586,14,0
586,15,0
586,16,0
586,17,1
586,18,1
586,19,0
586,20,1
586,21,0
586,22,1
586,23,0
586,24,0
586,25,0
586,26,1
586,27,0
586,28,0
586,29,0
586,30,1
586,31,1
586,32,0
586,33,1
586,34,0
586,35,0
586,36,0
586,37,1
586,38,0
586,39,0
586,40,0
586,41,0
586,42,0
586,43,0
586,44,0
586,45,0
586,46,0
586,47,0
586,48,0
586,49,0
587,0,1
587,1,0
587,2,0
587,3,0
587,4,0
587,5,1
587,6,0
587,7,0
587,8,0
587,9,0
587,10,1
587,11,1
587,12,0
587,13,1
587,14,0
587,15,1
587,16,0
587,17,0
587,18,0
587,19,0
587,20,1
587,21,0
587,22,0
587,23,0
587,24,1
587,25,0
587,26,0
587,27,1
587,28,0
587,29,0
587,30,0
587,31,0
587,32,0
587,33,0
587,34,0
587,35,0
587,36,0
587,37,0
587,38,0
587,39,0
587,40,0
587,41,0
587,42,0
587,43,0
587,44,0
587,45,0
587,46,0
587,47,0
587,48,0
587,49,0
588,0,1
588,1,0
588,2,0
588,3,0
588,4,0
588,5,0
588,6,0
588,7,0
588,8,0
588,9,0
588,10,0
588,11,0
588,12,0
588,13,0
588,14,0
588,15,0
588,16,0
588,17,0
588,18,0
588,19,0
588,20,0
588,21,1
588,22,1
588,23,0
588,24,0
588,25,0
588,26,1
588,27,0
588,28,1
588,29,0
588,30,1
588,31,1
588,32,0
588,33,0
588,34,0
588,35,0
588,36,1
588,37,0
588,38,0
588,39,0
588,40,0
588,41,0
588,42,0
588,43,0
588,44,0
588,45,0
588,46,0
588,47,0
588,48,0
588,49,0
589,0,0
589,1,1
589,2,0
589,3,1
589,4,0
589,5,0
589,6,0
589,7,0
589,8,0
589,9,0
589,10,0
589,11,1
589,12,0
589,13,0
589,14,0
589,15,0
589,16,0
589,17,1
589,18,0
589,19,0
589,20,0
589,21,1
589,22,0
589,23,0
589,24,0
589,25,0
589,26,0
589,27,1
589,28,0
589,29,0
589,30,1
589,31,1
589,32,0
589,33,1
589,34,0
589,35,0
589,36,1
589,37,0
589,38,0
589,39,0
589,40,0
589,41,0
589,42,0
589,43,1
589,44,0
589,45,0
589,46,0
589,47,0
589,48,1
589,49,0
590,0,0
590,1,0
590,2,1
590,3,1
590,4,0
590,5,0
590,6,0
590,7,0
590,8,0
590,9,0
590,10,0
590,11,1
590,12,1
590,13,0
590,14,0
590,15,1
590,16,0
590,17,0
590,18,0
590,19,0
590,20,0
590,21,0
590,22,0
590,23,0
590,24,0
590,25,0
590,26,0
590,27,1
590,28,1
590,29,0
590,30,1
590,31,0
590,32,0
590,33,1
590,34,0
590,35,0
590,36,0
590,37,0
590,38,0
590,39,0
590,40,0
590,41,0
590,42,0
590,43,0
590,44,0
590,45,0
590,46,1
590,47,0
590,48,0
590,49,0
591,0,0
591,1,0
591,2,0
591,3,0
591,4,0
591,5,0
591,6,1
591,7,0
591,8,0
591,9,0
591,10,0
591,11,0
591,12,1
591,13,0
591,14,1
591,15,0
591,16,1
591,17,0
591,18,0
591,19,0
591,20,0
591,21,1
591,22,0
591,23,0
591,24,0
591,25,0
591,26,0
591,27,0
591,28,0
591,29,1
591,30,0
591,31,0
591,32,0
591,33,0
591,34,0
591,35,1
591,36,0
591,37,1
591,38,1
591,39,0
591,40,0
591,41,0
591,42,1
591,43,1
591,44,1
591,45,0
591,46,0
591,47,1
591,48,0
591,49,0
592,0,0
592,1,0
592,2,0
592,3,0
592,4,1
592,5,0
592,6,0
592,7,0
592,8,1
592,9,0
592,10,0
592,11,1
592,12,0
592,13,1
592,14,0
592,15,1
592,16,0
592,17,1
592,18,0
592,19,0
592,20,0
592,21,0
592,22,0
592,23,0
592,24,0
592,25,0
592,26,0
592,27,0
592,28,0
592,29,0
592,30,0
592,31,0
592,32,0
592,33,0
592,34,0
592,35,0
592,36,0
592,37,0
592,38,0
592,39,0
592,40,0
592,41,1
592,42,1
592,43,0
592,44,0
592,45,0
592,46,0
592,47,1
592,48,0
592,49,0
593,0,1
593,1,0
593,2,1
593,3,0
593,4,0
593,5,0
593,6,1
593,7,0
593,8,0
593,9,0
593,10,0
593,11,1
593,12,0
593,13,0
593,14,0
593,15,0
593,16,0
593,17,0
593,18,0
593,19,0
593,20,0
593,21,1
593,22,0
593,23,0
593,24,0
593,25,0
593,26,0
593,27,0
593,28,0
593,29,0
593,30,0
593,31,0
593,32,0
593,33,0
593,34,0
593,35,0
593,36,0
593,37,0
593,38,0
593,39,0
593,40,0
593,41,0
593,42,0
593,43,0
593,44,0
593,45,0
593,46,0
593,47,0
593,48,0
593,49,0
594,0,0
594,1,0
594,2,0
594,3,0
594,4,0
594,5,0
594,6,1
594,7,0
594,8,0
594,9,0
594,10,1
594,11,0
594,12,0
594,13,0
594,14,0
594,15,1
594,16,0
594,17,0
594,18,0
594,19,0
594,20,1
594,21,1
594,22,0
594,23,0
594,24,0
594,25,1
594,26,0
594,27,0
594,28,1
594,29,0
594,30,0
594,31,0
594,32,0
594,33,0
594,34,0
594,35,0
594,36,0
594,37,0
594,38,1
594,39,0
594,40,0
594,41,1
594,42,0
594,43,1
594,44,0
594,45,0
594,46,0
594,47,0
594,48,1
594,49,0
595,0,0
595,1,0
595,2,0
595,3,0
595,4,0
595,5,1
595,6,0
595,7,0
595,8,0
595,9,0
595,10,0
595,11,0
595,12,0
595,13,0
595,14,1
595,15,0
595,16,0
595,17,0
595,18,0
595,19,0
595,20,0
595,21,0
595,22,1
595,23,0
595,24,0
595,25,0
595,26,0
595,27,0
595,28,0
595,29,1
595,30,1
595,31,0
595,32,0
595,33,1
595,34,0
595,35,0
595,36,0
595,37,0
595,38,0
595,39,0
595,40,0
595,41,1
595,42,0
595,43,0
595,44,0
595,45,0
595,46,0
595,47,1
595,48,0
595,49,0
596,0,0
596,1,0
596,2,0
596,3,0
596,4,0
596,5,0
596,6,1
596,7,0
596,8,0
596,9,0
596,10,0
596,11,1
596,12,0
596,13,0
596,14,0
596,15,0
596,16,0
596,17,0
596,18,0
596,19,0
596,20,0
596,21,0
596,22,0
596,23,1
596,24,0
596,25,0
596,26,0
596,27,0
596,28,0
596,29,0
596,30,0
596,31,1
596,32,0
596,33,0
596,34,0
596,35,0
596,36,0
596,37,0
596,38,0
596,39,1
596,40,0
596,41,0
596,42,0
596,43,0
596,44,0
596,45,0
596,46,0
596,47,1
596,48,0
596,49,0
597,0,0
597,1,0
597,2,0
597,3,1
597,4,0
597,5,0
597,6,0
597,7,0
597,8,1
597,9,0
597,10,0
597,11,1
597,12,0
597,13,0
597,14,0
597,15,1
597,16,0
597,17,0
597,18,1
597,19,0
597,20,0
597,21,0
597,22,0
597,23,1
597,24,0
597,25,0
597,26,0
597,27,0
597,28,0
597,29,1
597,30,0
597,31,0
597,32,0
597,33,1
597,34,0
597,35,0
597,36,1
597,37,0
597,38,0
597,39,1
597,40,0
597,41,0
597,42,0
597,43,1
597,44,0
597,45,0
597,46,0
597,47,0
597,48,0
597,49,0
598,0,0
598,1,0
598,2,0
598,3,0
598,4,0
598,5,0
598,6,1
598,7,0
598,8,0
598,9,0
598,10,0
598,11,1
598,12,1
598,13,0
598,14,0
598,15,0
598,16,0
598,17,0
598,18,0
598,19,0
598,20,0
598,21,0
598,22,1
598,23,0
598,24,0
598,25,0
598,26,1
598,27,0
598,28,0
598,29,0
598,30,0
598,31,0
598,32,0
598,33,0
598,34,0
598,35,0
598,36,1
598,37,0
598,38,0
598,39,0
598,40,0
598,41,0
598,42,1
598,43,1
598,44,0
598,45,0
598,46,0
598,47,0
598,48,0
598,49,0
599,0,0
599,1,1
599,2,0
599,3,1
599,4,0
599,5,0
599,6,0
599,7,0
599,8,0
599,9,0
599,10,1
599,11,0
599,12,1
599,13,0
599,14,0
599,15,0
599,16,0
599,17,0
599,18,0
599,19,0
599,20,0
599,21,1
599,22,1
599,23,0
599,24,1
599,25,1
599,26,1
599,27,0
599,28,0
599,29,0
599,30,0
599,31,1
599,32,0
599,33,0
599,34,0
599,35,0
599,36,0
599,37,1
599,38,0
599,39,0
599,40,0
599,41,1
599,42,1
599,43,0
599,44,0
599,45,1
599,46,0
599,47,1
599,48,0
599,49,0
600,0,0
600,1,0
600,2,0
600,3,0
600,4,0
600,5,1
600,6,0
600,7,0
600,8,1
600,9,0
600,10,1
600,11,1
600,12,0
600,13,0
600,14,1
600,15,0
600,16,0
600,17,0
600,18,0
600,19,0
600,20,0
600,21,1
600,22,1
600,23,0
600,24,1
600,25,0
600,26,0
600,27,0
600,28,0
600,29,0
600,30,0
600,31,1
600,32,0
600,33,0
600,34,0
600,35,0
600,36,0
600,37,0
600,38,1
600,39,0
600,40,0
600,41,0
600,42,1
600,43,0
600,44,1
600,45,0
600,46,0
600,47,0
600,48,0
600,49,0
601,0,0
601,1,0
601,2,1
601,3,1
601,4,0
601,5,0
601,6,1
601,7,0
601,8,1
601,9,0
601,10,0
601,11,0
601,12,1
601,13,0
601,14,0
601,15,1
601,16,0
601,17,0
601,18,1
601,19,0
601,20,0
601,21,0
601,22,1
601,23,0
601,24,0
601,25,0
601,26,1
601,27,0
601,28,0
601,29,0
601,30,0
601,31,0
601,32,1
601,33,0
601,34,0
601,35,0
601,36,0
601,37,0
601,38,0
601,39,1
601,40,0
601,41,0
601,42,0
601,43,0
601,44,0
601,45,0
601,46,0
601,47,1
601,48,0
601,49,0
602,0,0
602,1,0
602,2,1
602,3,1
602,4,0
602,5,0
602,6,1
602,7,0
602,8,0
602,9,0
602,10,1
602,11,0
602,12,0
602,13,1
602,14,0
602,15,1
602,16,0
602,17,1
602,18,0
602,19,0
602,20,0
602,21,0
602,22,1
602,23,1
602,24,0
602,25,1
602,26,0
602,27,0
602,28,0
602,29,0
602,30,0
602,31,0
602,32,0
602,33,1
602,34,1
602,35,1
602,36,0
602,37,0
602,38,0
602,39,0
602,40,0
602,41,0
602,42,0
602,43,0
602,44,0
602,45,1
602,46,0
602,47,1
602,48,0
602,49,0
603,0,0
603,1,0
603,2,0
603,3,0
603,4,1
603,5,0
603,6,0
603,7,0
603,8,0
603,9,0
603,10,0
603,11,1
603,12,0
603,13,0
603,14,0
603,15,0
603,16,0
603,17,0
603,18,1
603,19,1
603,20,0
603,21,0
603,22,0
603,23,1
603,24,0
603,25,0
603,26,0
603,27,0
603,28,0
603,29,0
603,30,0
603,31,0
603,32,0
603,33,0
603,34,0
603,35,1
603,36,0
603,37,0
603,38,0
603,39,0
603,40,0
603,41,0
603,42,0
603,43,0
603,44,0
603,45,0
603,46,0
603,47,0
603,48,0
603,49,0
604,0,0
604,1,0
604,2,1
604,3,1
604,4,0
604,5,1
604,6,0
604,7,0
604,8,1
604,9,1
604,10,0
604,11,0
604,12,0
604,13,1
604,14,1
604,15,0
604,16,0
604,17,0
604,18,0
604,19,1
604,20,1
604,21,0
604,22,0
604,23,0
604,24,1
604,25,1
604,26,0
604,27,0
604,28,0
604,29,0
604,30,0
604,31,1
604,32,0
604,33,1
604,34,0
604,35,0
604,36,0
604,37,0
604,38,0
604,39,1
604,40,0
604,41,0
604,42,0
604,43,1
604,44,0
604,45,0
604,46,1
604,47,0
604,48,0
604,49,0
605,0,0
605,1,0
605,2,0
605,3,1
605,4,0
605,5,0
605,6,0
605,7,0
605,8,1
605,9,0
605,10,0
605,11,1
605,12,0
605,13,0
605,14,0
605,15,0
605,16,0
605,17,0
605,18,0
605,19,1
605,20,1
605,21,0
605,22,0
605,23,1
605,24,0
605,25,0
605,26,0
605,27,0
605,28,0
605,29,0
605,30,0
605,31,0
605,32,0
605,33,0
605,34,0
605,35,0
605,36,0
605,37,1
605,38,1
605,39,0
605,40,0
605,41,0
605,42,0
605,43,1
605,44,0
605,45,1
605,46,0
605,47,0
605,48,0
605,49,0
606,0,1
606,1,0
606,2,0
606,3,0
606,4,0
606,5,0
606,6,1
606,7,0
606,8,0
606,9,1
606,10,0
606,11,0
606,12,0
606,13,0
606,14,0
606,15,0
606,16,0
606,17,0
606,18,0
606,19,0
606,20,0
606,21,0
606,22,1
606,23,0
606,24,0
606,25,0
606,26,0
606,27,0
606,28,0
606,29,0
606,30,1
606,31,0
606,32,0
606,33,0
606,34,0
606,35,0
606,36,0
606,37,0
606,38,0
606,39,0
606,40,0
606,41,0
606,42,1
606,43,0
606,44,0
606,45,0
606,46,0
606,47,1
606,48,1
606,49,0
607,0,0
607,1,0
607,2,0
607,3,0
607,4,0
607,5,0
607,6,0
607,7,0
607,8,0
607,9,0
607,10,0
607,11,1
607,12,0
607,13,0
607,14,0
607,15,0
607,16,1
607,17,0
607,18,0
607,19,0
607,20,0
607,21,1
607,22,0
607,23,0
607,24,0
607,25,0
607,26,0
607,27,0
607,28,0
607,29,0
607,30,1
607,31,0
607,32,1
607,33,0
607,34,1
607,35,0
607,36,0
607,37,0
607,38,0
607,39,0
607,40,0
607,41,0
607,42,1
607,43,0
607,44,0
607,45,0
607,46,0
607,47,0
607,48,0
607,49,0
608,0,0
608,1,0
608,2,0
608,3,0
608,4,0
608,5,0
608,6,1
608,7,0
608,8,0
608,9,0
608,10,0
608,11,0
608,12,0
608,13,0
608,14,0
608,15,1
608,16,0
608,17,0
608,18,0
608,19,0
608,20,0
608,21,1
608,22,0
608,23,0
608,24,0
608,25,0
608,26,0
608,27,0
608,28,0
608,29,0
608,30,0
608,31,1
608,32,0
608,33,0
608,34,0
608,35,0
608,36,0
608,37,0
608,38,0
608,39,0
608,40,0
608,41,0
608,42,0
608,43,0
608,44,0
608,45,0
608,46,0
608,47,1
608,48,0
608,49,0
609,0,0
609,1,0
609,2,0
609,3,0
609,4,0
609,5,0
609,6,0
609,7,0
609,8,1
609,9,0
609,10,0
609,11,0
609,12,0
609,13,0
609,14,0
609,15,0
609,16,0
609,17,0
609,18,1
609,19,0
609,20,0
609,21,1
609,22,0
609,23,1
609,24,0
609,25,0
609,26,0
609,27,0
609,28,1
609,29,0
609,30,0
609,31,0
609,32,0
609,33,1
609,34,0
609,35,0
609,36,1
609,37,0
609,38,0
609,39,0
609,40,0
609,41,0
609,42,0
609,43,0
609,44,1
609,45,0
609,46,0
609,47,0
609,48,1
609,49,0
610,0,0
610,1,0
610,2,0
610,3,0
610,4,0
610,5,0
610,6,0
610,7,0
610,8,0
610,9,0
610,10,0
610,11,0
610,12,0
610,13,1
610,14,1
610,15,0
610,16,0
610,17,0
610,18,0
610,19,0
610,20,0
610,21,0
610,22,0
610,23,0
610,24,1
610,25,0
610,26,0
610,27,0
610,28,1
610,29,0
610,30,1
610,31,0
610,32,0
610,33,0
610,34,0
610,35,0
610,36,0
610,37,0
610,38,0
610,39,0
610,40,0
610,41,0
610,42,0
610,43,0
610,44,0
610,45,0
610,46,0
610,47,0
610,48,0
610,49,0
611,0,0
611,1,0
611,2,1
611,3,0
611,4,1
611,5,0
611,6,0
611,7,0
611,8,0
611,9,0
611,10,0
611,11,0
611,12,0
611,13,0
611,14,0
611,15,0
611,16,0
611,17,0
611,18,0
611,19,0
611,20,0
611,21,0
611,22,0
611,23,0
611,24,0
611,25,0
611,26,0
611,27,0
611,28,0
611,29,0
611,30,0
611,31,1
611,32,1
611,33,0
611,34,0
611,35,0
611,36,0
611,37,0
611,38,0
611,39,0
611,40,0
611,41,0
611,42,0
611,43,0
611,44,0
611,45,0
611,46,0
611,47,0
611,48,0
611,49,0
612,0,0
612,1,0
612,2,0
612,3,0
612,4,0
612,5,0
612,6,0
612,7,0
612,8,0
612,9,0
612,10,0
612,11,0
612,12,0
612,13,0
612,14,0
612,15,0
612,16,1
612,17,0
612,18,0
612,19,0
612,20,0
612,21,1
612,22,1
612,23,0
612,24,0
612,25,1
612,26,0
612,27,0
612,28,0
612,29,0
612,30,0
612,31,0
612,32,0
612,33,0
612,34,0
612,35,0
612,36,0
612,37,0
612,38,0
612,39,0
612,40,0
612,41,0
612,42,0
612,43,1
612,44,0
612,45,0
612,46,0
612,47,0
612,48,0
612,49,0
613,0,0
613,1,0
613,2,1
613,3,1
613,4,0
613,5,1
613,6,0
613,7,0
613,8,1
613,9,0
613,10,0
613,11,0
613,12,0
613,13,0
613,14,0
613,15,0
613,16,1
613,17,0
613,18,0
613,19,0
613,20,0
613,21,1
613,22,0
613,23,0
613,24,0
613,25,0
613,26,0
613,27,0
613,28,0
613,29,0
613,30,1
613,31,1
613,32,1
613,33,0
613,34,0
613,35,0
613,36,0
613,37,0
613,38,0
613,39,0
613,40,0
613,41,0
613,42,0
613,43,0
613,44,1
613,45,0
613,46,0
613,47,1
613,48,0
613,49,0
614,0,0
614,1,1
614,2,0
614,3,0
614,4,0
614,5,0
614,6,0
614,7,0
614,8,0
614,9,0
614,10,0
614,11,1
614,12,0
614,13,0
614,14,0
614,15,0
614,16,0
614,17,0
614,18,1
614,19,0
614,20,0
614,21,1
614,22,0
614,23,0
614,24,0
614,25,0
614,26,0
614,27,0
614,28,0
614,29,0
614,30,0
614,31,0
614,32,0
614,33,0
614,34,0
614,35,0
614,36,0
614,37,0
614,38,0
614,39,0
614,40,1
614,41,0
614,42,1
614,43,0
614,44,0
614,45,1
614,46,0
614,47,0
614,48,0
614,49,0
615,0,0
615,1,0
615,2,0
615,3,0
615,4,0
615,5,0
615,6,1
615,7,0
615,8,0
615,9,0
615,10,0
615,11,0
615,12,0
615,13,0
615,14,1
615,15,0
615,16,1
615,17,0
615,18,0
615,19,0
615,20,1
615,21,0
615,22,0
615,23,0
615,24,0
615,25,0
615,26,1
615,27,0
615,28,1
615,29,0
615,30,0
615,31,0
615,32,0
615,33,0
615,34,0
615,35,1
615,36,0
615,37,0
615,38,0
615,39,0
615,40,0
615,41,1
615,42,0
615,43,1
615,44,0
615,45,0
615,46,0
615,47,0
615,48,0
615,49,0
616,0,0
616,1,0
616,2,0
616,3,0
616,4,0
616,5,0
616,6,0
616,7,0
616,8,1
616,9,0
616,10,1
616,11,0
616,12,0
616,13,0
616,14,1
616,15,1
616,16,0
616,17,0
616,18,0
616,19,0
616,20,1
616,21,0
616,22,0
616,23,1
616,24,0
616,25,1
616,26,0
616,27,0
616,28,0
616,29,0
616,30,0
616,31,0
616,32,0
616,33,0
616,34,0
616,35,0
616,36,0
616,37,1
616,38,0
616,39,0
616,40,0
616,41,0
616,42,0
616,43,1
616,44,0
616,45,0
616,46,0
616,47,0
616,48,0
616,49,0
617,0,1
617,1,1
617,2,0
617,3,0
617,4,0
617,5,0
617,6,1
617,7,1
617,8,0
617,9,0
617,10,0
617,11,0
617,12,0
617,13,0
617,14,0
617,15,0
617,16,0
617,17,0
617,18,0
617,19,0
617,20,1
617,21,0
617,22,0
617,23,0
617,24,0
617,25,0
617,26,0
617,27,0
617,28,0
617,29,0
617,30,0
617,31,0
617,32,0
617,33,0
617,34,1
617,35,0
617,36,0
617,37,0
617,38,0
617,39,0
617,40,0
617,41,1
617,42,0
617,43,0
617,44,0
617,45,0
617,46,0
617,47,1
617,48,0
617,49,0
618,0,1
618,1,0
618,2,0
618,3,0
618,4,0
618,5,1
618,6,0
618,7,0
618,8,0
618,9,0
618,10,0
618,11,0
618,12,0
618,13,0
618,14,0
618,15,0
618,16,0
618,17,0
618,18,0
618,19,0
618,20,0
618,21,0
618,22,0
618,23,0
618,24,0
618,25,0
618,26,0
618,27,0
618,28,0
618,29,1
618,30,0
618,31,1
618,32,0
618,33,1
618,34,0
618,35,0
618,36,0
618,37,0
618,38,0
618,39,0
618,40,0
618,41,0
618,42,0
618,43,0
618,44,1
618,45,0
618,46,1
618,47,1
618,48,0
618,49,0
619,0,0
619,1,0
619,2,1
619,3,0
619,4,1
619,5,0
619,6,0
619,7,0
619,8,0
619,9,0
619,10,1
619,11,0
619,12,0
619,13,1
619,14,1
619,15,0
619,16,0
619,17,1
619,18,0
619,19,0
619,20,0
619,21,1
619,22,0
619,23,1
619,24,0
619,25,0
619,26,1
619,27,0
619,28,0
619,29,0
619,30,0
619,31,0
619,32,0
619,33,1
619,34,0
619,35,0
619,36,0
619,37,1
619,38,0
619,39,0
619,40,0
619,41,0
619,42,0
619,43,1
619,44,1
619,45,0
619,46,0
619,47,0
619,48,0
619,49,1
620,0,0
620,1,0
620,2,0
620,3,0
620,4,0
620,5,0
620,6,0
620,7,1
620,8,0
620,9,0
620,10,0
620,11,1
620,12,0
620,13,0
620,14,0
620,15,0
620,16,0
620,17,0
620,18,0
620,19,0
620,20,0
620,21,0
620,22,0
620,23,0
620,24,0
620,25,0
620,26,0
620,27,0
620,28,0
620,29,0
620,30,0
620,31,0
620,32,0
620,33,0
620,34,1
620,35,0
620,36,0
620,37,0
620,38,0
620,39,0
620,40,0
620,41,0
620,42,0
620,43,0
620,44,0
620,45,0
620,46,0
620,47,0
620,48,0
620,49,0
621,0,0
621,1,1
621,2,0
621,3,0
621,4,0
621,5,0
621,6,1
621,7,0
621,8,0
621,9,0
621,10,0
621,11,1
621,12,1
621,13,0
621,14,0
621,15,1
621,16,0
621,17,0
621,18,1
621,19,0
621,20,0
621,21,0
621,22,0
621,23,0
621,24,0
621,25,0
621,26,0
621,27,0
621,28,0
621,29,0
621,30,0
621,31,1
621,32,0
621,33,1
621,34,0
621,35,1
621,36,0
621,37,0
621,38,0
621,39,0
621,40,0
621,41,0
621,42,0
621,43,0
621,44,0
621,45,0
621,46,0
621,47,0
621,48,0
621,49,0
622,0,0
622,1,0
622,2,0
622,3,0
622,4,0
622,5,1
622,6,0
622,7,0
622,8,0
622,9,0
622,10,0
622,11,0
622,12,0
622,13,1
622,14,0
622,15,0
622,16,0
622,17,0
622,18,1
622,19,0
622,20,0
622,21,1
622,22,0
622,23,0
622,24,0
622,25,0
622,26,0
622,27,0
622,28,0
622,29,0
622,30,0
622,31,0
622,32,1
622,33,1
622,34,0
622,35,0
622,36,0
622,37,1
622,38,0
622,39,0
622,40,0
622,41,0
622,42,0
622,43,0
622,44,0
622,45,0
622,46,0
622,47,0
622,48,0
622,49,0
623,0,0
623,1,0
623,2,0
623,3,0
623,4,0
623,5,0
623,6,0
623,7,0
623,8,1
623,9,0
623,10,0
623,11,0
623,12,1
623,13,0
623,14,0
623,15,0
623,16,0
623,17,0
623,18,0
623,19,0
623,20,0
623,21,0
623,22,0
623,23,0
623,24,0
623,25,0
623,26,0
623,27,0
623,28,1
623,29,0
623,30,0
623,31,1
623,32,0
623,33,1
623,34,1
623,35,0
623,36,1
623,37,0
623,38,1
623,39,1
623,40,0
623,41,0
623,42,0
623,43,0
623,44,0
623,45,1
623,46,0
623,47,0
623,48,1
623,49,0
624,0,0
624,1,0
624,2,0
624,3,0
624,4,0
624,5,0
624,6,1
624,7,0
624,8,0
624,9,0
624,10,1
624,11,0
624,12,0
624,13,0
624,14,0
624,15,1
624,16,0
624,17,0
624,18,0
624,19,1
624,20,1
624,21,0
624,22,1
624,23,1
624,24,0
624,25,0
624,26,0
624,27,0
624,28,1
624,29,0
624,30,0
624,31,1
624,32,0
624,33,0
624,34,0
624,35,0
624,36,0
624,37,0
624,38,0
624,39,0
624,40,1
624,41,0
624,42,0
624,43,1
624,44,1
624,45,0
624,46,0
624,47,1
624,48,0
624,49,0
625,0,0
625,1,0
625,2,0
625,3,1
625,4,0
625,5,0
625,6,0
625,7,0
625,8,1
625,9,1
625,10,0
625,11,0
625,12,0
625,13,0
625,14,0
625,15,0
625,16,0
625,17,0
625,18,0
625,19,0
625,20,0
625,21,1
625,22,1
625,23,0
625,24,0
625,25,0
625,26,0
625,27,0
625,28,0
625,29,0
625,30,0
625,31,0
625,32,0
625,33,0
625,34,0
625,35,0
625,36,0
625,37,0
625,38,0
625,39,1
625,40,0
625,41,0
625,42,0
625,43,0
625,44,0
625,45,0
625,46,0
625,47,0
625,48,0
625,49,0
626,0,1
626,1,0
626,2,1
626,3,1
626,4,0
626,5,0
626,6,0
626,7,0
626,8,0
626,9,0
626,10,0
626,11,0
626,12,0
626,13,0
626,14,0
626,15,0
626,16,0
626,17,1
626,18,0
626,19,0
626,20,0
626,21,0
626,22,1
626,23,1
626,24,0
626,25,0
626,26,0
626,27,0
626,28,1
626,29,0
626,30,1
626,31,1
626,32,0
626,33,0
626,34,0
626,35,0
626,36,0
626,37,0
626,38,0
626,39,0
626,40,0
626,41,0
626,42,0
626,43,0
626,44,1
626,45,0
626,46,0
626,47,1
626,48,0
626,49,1
627,0,0
627,1,0
627,2,1
627,3,0
627,4,0
627,5,1
627,6,0
627,7,1
627,8,0
627,9,0
627,10,0
627,11,0
627,12,0
627,13,0
627,14,0
627,15,1
627,16,0
627,17,0
627,18,0
627,19,0
627,20,0
627,21,0
627,22,0
627,23,0
627,24,1
627,25,0
627,26,0
627,27,0
627,28,0
627,29,0
627,30,0
627,31,1
627,32,0
627,33,1
627,34,0
627,35,0
627,36,0
627,37,1
627,38,0
627,39,1
627,40,0
627,41,0
627,42,0
627,43,1
627,44,0
627,45,0
627,46,0
627,47,0
627,48,0
627,49,0
628,0,0
628,1,0
628,2,0
628,3,0
628,4,0
628,5,1
628,6,0
628,7,0
628,8,0
628,9,0
628,10,0
628,11,0
628,12,0
628,13,0
628,14,0
628,15,0
628,16,0
628,17,0
628,18,0
628,19,0
628,20,1
628,21,0
628,22,0
628,23,0
628,24,0
628,25,0
628,26,0
628,27,0
628,28,0
628,29,0
628,30,1
628,31,1
628,32,0
628,33,0
628,34,0
628,35,0
628,36,0
628,37,1
628,38,0
628,39,0
628,40,0
628,41,0
628,42,0
628,43,0
628,44,1
628,45,0
628,46,0
628,47,0
628,48,0
628,49,0
629,0,0
629,1,0
629,2,0
629,3,0
629,4,0
629,5,0
629,6,1
629,7,0
629,8,0
629,9,0
629,10,0
629,11,1
629,12,0
629,13,0
629,14,1
629,15,1
629,16,0
629,17,0
629,18,1
629,19,1
629,20,1
629,21,0
629,22,0
629,23,0
629,24,0
629,25,0
629,26,0
629,27,0
629,28,0
629,29,0
629,30,0
629,31,0
629,32,0
629,33,1
629,34,0
629,35,0
629,36,0
629,37,0
629,38,0
629,39,0
629,40,0
629,41,0
629,42,0
629,43,0
629,44,0
629,45,0
629,46,0
629,47,1
629,48,1
629,49,0
630,0,0
630,1,0
630,2,0
630,3,0
630,4,1
630,5,0
630,6,0
630,7,0
630,8,1
630,9,0
630,10,0
630,11,0
630,12,0
630,13,0
630,14,0
630,15,0
630,16,0
630,17,0
630,18,1
630,19,0
630,20,0
630,21,1
630,22,0
630,23,0
630,24,0
630,25,1
630,26,0
630,27,0
630,28,0
630,29,1
630,30,1
630,31,1
630,32,0
630,33,1
630,34,0
630,35,0
630,36,0
630,37,0
630,38,0
630,39,0
630,40,0
630,41,0
630,42,1
630,43,0
630,44,0
630,45,0
630,46,0
630,47,0
630,48,0
630,49,0
631,0,1
631,1,0
631,2,0
631,3,1
631,4,0
631,5,0
631,6,0
631,7,0
631,8,0
631,9,0
631,10,0
631,11,0
631,12,0
631,13,0
631,14,0
631,15,0
631,16,0
631,17,0
631,18,0
631,19,0
631,20,0
631,21,0
631,22,0
631,23,1
631,24,0
631,25,0
631,26,0
631,27,0
631,28,0
631,29,0
631,30,0
631,31,0
631,32,0
631,33,0
631,34,1
631,35,0
631,36,0
631,37,0
631,38,0
631,39,0
631,40,0
631,41,0
631,42,1
631,43,0
631,44,0
631,45,0
631,46,0
631,47,0
631,48,1
631,49,0
632,0,0
632,1,0
632,2,0
632,3,0
632,4,0
632,5,1
632,6,0
632,7,1
632,8,0
632,9,0
632,10,0
632,11,0
632,12,0
632,13,0
632,14,0
632,15,0
632,16,0
632,17,1
632,18,0
632,19,0
632,20,0
632,21,1
632,22,0
632,23,0
632,24,0
632,25,0
632,26,0
632,27,0
632,28,0
632,29,1
632,30,0
632,31,1
632,32,0
632,33,1
632,34,0
632,35,0
632,36,0
632,37,1
632,38,0
632,39,0
632,40,0
632,41,0
632,42,0
632,43,0
632,44,0
632,45,0
632,46,0
632,47,1
632,48,1
632,49,0
633,0,1
633,1,0
633,2,0
633,3,1
633,4,1
633,5,0
633,6,1
633,7,0
633,8,1
633,9,0
633,10,0
633,11,1
633,12,1
633,13,0
633,14,0
633,15,1
633,16,0
633,17,0
633,18,0
633,19,0
633,20,0
633,21,1
633,22,1
633,23,0
633,24,0
633,25,0
633,26,0
633,27,0
633,28,0
633,29,0
633,30,0
633,31,0
633,32,0
633,33,0
633,34,1
633,35,1
633,36,0
633,37,0
633,38,0
633,39,0
633,40,0
633,41,0
633,42,0
633,43,0
633,44,0
633,45,0
633,46,0
633,47,0
633,48,0
633,49,0
634,0,1
634,1,0
634,2,1
634,3,0
634,4,0
634,5,0
634,6,0
634,7,0
634,8,0
634,9,0
634,10,0
634,11,0
634,12,0
634,13,1
634,14,0
634,15,0
634,16,0
634,17,1
634,18,0
634,19,0
634,20,0
634,21,1
634,22,0
634,23,0
634,24,0
634,25,1
634,26,0
634,27,0
634,28,1
634,29,0
634,30,0
634,31,0
634,32,0
634,33,0
634,34,0
634,35,0
634,36,0
634,37,0
634,38,0
634,39,0
634,40,0
634,41,0
634,42,1
634,43,0
634,44,1
634,45,0
634,46,0
634,47,0
634,48,0
634,49,0
635,0,0
635,1,0
635,2,0
635,3,0
635,4,0
635,5,0
635,6,1
635,7,0
635,8,0
635,9,0
635,10,0
635,11,0
635,12,1
635,13,0
635,14,0
635,15,0
635,16,0
635,17,0
635,18,0
635,19,0
635,20,0
635,21,0
635,22,0
635,23,0
635,24,0
635,25,0
635,26,0
635,27,0
635,28,0
635,29,0
635,30,1
635,31,0
635,32,1
635,33,0
635,34,0
635,35,0
635,36,0
635,37,0
635,38,0
635,39,0
635,40,0
635,41,0
635,42,0
635,43,0
635,44,0
635,45,0
635,46,0
635,47,0
635,48,0
635,49,0
636,0,0
636,1,0
636,2,1
636,3,0
636,4,1
636,5,0
636,6,0
636,7,0
636,8,0
636,9,0
636,10,0
636,11,0
636,12,0
636,13,0
636,14,1
636,15,0
636,16,0
636,17,0
636,18,0
636,19,0
636,20,0
636,21,0
636,22,0
636,23,0
636,24,0
636,25,0
636,26,0
636,27,0
636,28,0
636,29,0
636,30,1
636,31,0
636,32,0
636,33,0
636,34,0
636,35,0
636,36,0
636,37,0
636,38,0
636,39,0
636,40,0
636,41,0
636,42,0
636,43,0
636,44,0
636,45,1
636,46,0
636,47,0
636,48,0
636,49,0
637,0,0
637,1,0
637,2,0
637,3,1
637,4,0
637,5,0
637,6,0
637,7,0
637,8,0
637,9,0
637,10,0
637,11,0
637,12,1
637,13,0
637,14,0
637,15,0
637,16,0
637,17,0
637,18,0
637,19,0
637,20,1
637,21,0
637,22,0
637,23,0
637,24,0
637,25,0
637,26,0
637,27,0
637,28,0
637,29,0
637,30,1
637,31,0
637,32,0
637,33,0
637,34,0
637,35,1
637,36,0
637,37,0
637,38,0
637,39,0
637,40,0
637,41,1
637,42,0
637,43,0
637,44,1
637,45,0
637,46,0
637,47,0
637,48,0
637,49,0
638,0,0
638,1,0
638,2,0
638,3,0
638,4,1
638,5,0
638,6,1
638,7,0
638,8,1
638,9,0
638,10,0
638,11,0
638,12,0
638,13,0
638,14,0
638,15,1
638,16,0
638,17,0
638,18,1
638,19,0
638,20,0
638,21,0
638,22,0
638,23,0
638,24,1
638,25,0
638,26,0
638,27,0
638,28,0
638,29,0
638,30,0
638,31,0
638,32,0
638,33,1
638,34,0
638,35,0
638,36,0
638,37,0
638,38,0
638,39,0
638,40,0
638,41,0
638,42,1
638,43,0
638,44,1
638,45,0
638,46,1
638,47,0
638,48,0
638,49,0
639,0,0
639,1,1
639,2,0
639,3,1
639,4,0
639,5,0
639,6,1
639,7,0
639,8,0
639,9,0
639,10,0
639,11,0
639,12,1
639,13,0
639,14,1
639,15,0
639,16,0
639,17,0
639,18,0
639,19,0
639,20,0
639,21,0
639,22,0
639,23,0
639,24,0
639,25,0
639,26,1
639,27,0
639,28,0
639,29,0
639,30,0
639,31,0
639,32,1
639,33,0
639,34,1
639,35,0
639,36,0
639,37,0
639,38,1
639,39,0
639,40,0
639,41,0
639,42,0
639,43,0
639,44,0
639,45,0
639,46,0
639,47,1
639,48,0
639,49,0
640,0,0
640,1,0
640,2,0
640,3,1
640,4,0
640,5,0
640,6,1
640,7,0
640,8,0
640,9,0
640,10,0
640,11,0
640,12,0
640,13,0
640,14,1
640,15,1
640,16,0
640,17,0
640,18,0
640,19,0
640,20,0
640,21,0
640,22,0
640,23,1
640,24,1
640,25,0
640,26,0
640,27,0
640,28,0
640,29,0
640,30,1
640,31,1
640,32,0
640,33,1
640,34,0
640,35,0
640,36,0
640,37,0
640,38,0
640,39,0
640,40,0
640,41,0
640,42,0
640,43,0
640,44,0
640,45,0
640,46,0
640,47,1
640,48,0
640,49,0
641,0,1
641,1,0
641,2,0
641,3,0
641,4,0
641,5,1
641,6,0
641,7,0
641,8,0
641,9,0
641,10,0
641,11,0
641,12,1
641,13,0
641,14,0
641,15,0
641,16,0
641,17,1
641,18,0
641,19,0
641,20,0
641,21,0
641,22,1
641,23,0
641,24,0
641,25,0
641,26,1
641,27,0
641,28,1
641,29,0
641,30,0
641,31,0
641,32,0
641,33,0
641,34,0
641,35,0
641,36,0
641,37,1
641,38,0
641,39,0
641,40,0
641,41,1
641,42,1
641,43,0
641,44,1
641,45,0
641,46,0
641,47,1
641,48,0
641,49,0
642,0,1
642,1,0
642,2,0
642,3,0
642,4,0
642,5,0
642,6,0
642,7,0
642,8,0
642,9,0
642,10,1
642,11,1
642,12,0
642,13,0
642,14,0
642,15,0
642,16,0
642,17,0
642,18,1
642,19,0
642,20,1
642,21,1
642,22,0
642,23,0
642,24,0
642,25,0
642,26,0
642,27,0
642,28,0
642,29,0
642,30,1
642,31,0
642,32,0
642,33,0
642,34,0
642,35,0
642,36,0
642,37,0
642,38,0
642,39,0
642,40,0
642,41,0
642,42,1
642,43,0
642,44,1
642,45,0
642,46,0
642,47,0
642,48,0
642,49,1
643,0,0
643,1,0
643,2,0
643,3,0
643,4,0
643,5,0
643,6,0
643,7,0
643,8,0
643,9,0
643,10,0
643,11,0
643,12,1
643,13,0
643,14,0
643,15,0
643,16,0
643,17,0
643,18,0
643,19,0
643,20,0
643,21,1
643,22,0
643,23,0
643,24,0
643,25,0
643,26,0
643,27,0
643,28,0
643,29,0
643,30,0
643,31,0
643,32,0
643,33,0
643,34,1
643,35,0
643,36,0
643,37,0
643,38,0
643,39,0
643,40,0
643,41,1
643,42,0
643,43,1
643,44,1
643,45,0
643,46,0
643,47,0
643,48,0
643,49,0
644,0,0
644,1,0
644,2,0
644,3,0
644,4,0
644,5,0
644,6,0
644,7,0
644,8,1
644,9,0
644,10,0
644,11,0
644,12,0
644,13,0
644,14,0
644,15,0
644,16,0
644,17,1
644,18,0
644,19,0
644,20,0
644,21,0
644,22,0
644,23,0
644,24,1
644,25,1
644,26,0
644,27,0
644,28,0
644,29,0
644,30,0
644,31,1
644,32,1
644,33,0
644,34,0
644,35,0
644,36,0
644,37,0
644,38,0
644,39,0
644,40,0
644,41,0
644,42,0
644,43,1
644,44,0
644,45,0
644,46,0
644,47,0
644,48,0
644,49,0
645,0,1
645,1,0
645,2,0
645,3,0
645,4,0
645,5,0
645,6,0
645,7,1
645,8,0
645,9,0
645,10,0
645,11,0
645,12,0
645,13,0
645,14,0
645,15,0
645,16,0
645,17,0
645,18,0
645,19,0
645,20,0
645,21,0
645,22,0
645,23,0
645,24,0
645,25,0
645,26,0
645,27,0
645,28,0
645,29,0
645,30,0
645,31,0
645,32,1
645,33,0
645,34,0
645,35,0
645,36,0
645,37,0
645,38,0
645,39,0
645,40,0
645,41,0
645,42,0
645,43,0
645,44,0
645,45,1
645,46,0
645,47,1
645,48,0
645,49,0
646,0,0
646,1,0
646,2,0
646,3,0
646,4,0
646,5,0
646,6,0
646,7,0
646,8,1
646,9,0
646,10,0
646,11,1
646,12,1
646,13,0
646,14,0
646,15,0
646,16,0
646,17,0
646,18,0
646,19,0
646,20,0
646,21,1
646,22,0
646,23,0
646,24,0
646,25,1
646,26,0
646,27,0
646,28,0
646,29,0
646,30,0
646,31,0
646,32,0
646,33,0
646,34,0
646,35,0
646,36,0
646,37,0
646,38,0
646,39,0
646,40,0
646,41,0
646,42,0
646,43,0
646,44,0
646,45,0
646,46,0
646,47,0
646,48,0
646,49,0
647,0,0
647,1,0
647,2,0
647,3,1
647,4,1
647,5,0
647,6,0
647,7,0
647,8,1
647,9,1
647,10,0
647,11,0
647,12,0
647,13,0
647,14,0
647,15,0
647,16,0
647,17,0
647,18,0
647,19,0
647,20,0
647,21,0
647,22,0
647,23,1
647,24,0
647,25,0
647,26,0
647,27,0
647,28,0
647,29,0
647,30,0
647,31,0
647,32,0
647,33,1
647,34,1
647,35,0
647,36,0
647,37,1
647,38,0
647,39,0
647,40,0
647,41,1
647,42,0
647,43,1
647,44,1
647,45,1
647,46,0
647,47,0
647,48,0
647,49,0
648,0,1
648,1,0
648,2,0
648,3,0
648,4,1
648,5,0
648,6,0
648,7,0
648,8,0
648,9,0
648,10,0
648,11,0
648,12,0
648,13,0
648,14,0
648,15,1
648,16,0
648,17,0
648,18,0
648,19,0
648,20,0
648,21,0
648,22,0
648,23,0
648,24,0
648,25,0
648,26,0
648,27,0
648,28,1
648,29,0
648,30,0
648,31,0
648,32,0
648,33,0
648,34,0
648,35,0
648,36,0
648,37,0
648,38,0
648,39,0
648,40,0
648,41,0
648,42,0
648,43,1
648,44,0
648,45,1
648,46,0
648,47,1
648,48,0
648,49,0
649,0,0
649,1,0
649,2,0
649,3,1
649,4,0
649,5,0
649,6,0
649,7,0
649,8,0
649,9,0
649,10,1
649,11,0
649,12,0
649,13,0
649,14,1
649,15,0
649,16,0
649,17,0
649,18,0
649,19,1
649,20,0
649,21,0
649,22,1
649,23,0
649,24,0
649,25,0
649,26,1
649,27,0
649,28,0
649,29,0
649,30,1
649,31,1
649,32,0
649,33,1
649,34,0
649,35,0
649,36,0
649,37,0
649,38,0
649,39,0
649,40,0
649,41,0
649,42,0
649,43,0
649,44,0
649,45,0
649,46,0
649,47,0
649,48,1
649,49,0
650,0,0
650,1,0
650,2,0
650,3,0
650,4,0
650,5,0
650,6,0
650,7,0
650,8,0
650,9,0
650,10,0
650,11,0
650,12,0
650,13,0
650,14,0
650,15,0
650,16,0
650,17,0
650,18,0
650,19,0
650,20,1
650,21,1
650,22,0
650,23,0
650,24,0
650,25,0
650,26,0
650,27,0
650,28,0
650,29,0
650,30,1
650,31,1
650,32,0
650,33,1
650,34,1
650,35,0
650,36,0
650,37,1
650,38,0
650,39,0
650,40,0
650,41,0
650,42,0
650,43,0
650,44,0
650,45,0
650,46,0
650,47,0
650,48,0
650,49,1
651,0,0
651,1,1
651,2,0
651,3,1
651,4,0
651,5,0
651,6,0
651,7,0
651,8,0
651,9,0
651,10,0
651,11,0
651,12,1
651,13,0
651,14,1
651,15,0
651,16,0
651,17,0
651,18,0
651,19,0
651,20,0
651,21,1
651,22,0
651,23,0
651,24,1
651,25,0
651,26,1
651,27,0
651,28,0
651,29,0
651,30,0
651,31,1
651,32,0
651,33,0
651,34,0
651,35,0
651,36,0
651,37,0
651,38,0
651,39,0
651,40,0
651,41,0
651,42,0
651,43,0
651,44,0
651,45,0
651,46,0
651,47,0
651,48,0
651,49,1
652,0,1
652,1,0
652,2,0
652,3,1
652,4,1
652,5,1
652,6,0
652,7,0
652,8,0
652,9,0
652,10,0
652,11,0
652,12,0
652,13,0
652,14,0
652,15,1
652,16,0
652,17,0
652,18,0
652,19,0
652,20,1
652,21,0
652,22,0
652,23,0
652,24,0
652,25,0
652,26,0
652,27,1
652,28,0
652,29,0
652,30,0
652,31,0
652,32,0
652,33,0
652,34,0
652,35,1
652,36,0
652,37,1
652,38,1
652,39,1
652,40,0
652,41,0
652,42,0
652,43,0
652,44,0
652,45,0
652,46,0
652,47,1
652,48,1
652,49,0
653,0,0
653,1,0
653,2,0
653,3,0
653,4,0
653,5,0
653,6,0
653,7,0
653,8,0
653,9,0
653,10,1
653,11,0
653,12,1
653,13,0
653,14,1
653,15,0
653,16,0
653,17,0
653,18,0
653,19,0
653,20,0
653,21,0
653,22,0
653,23,1
653,24,0
653,25,0
653,26,0
653,27,0
653,28,1
653,29,0
653,30,0
653,31,0
653,32,1
653,33,0
653,34,0
653,35,0
653,36,0
653,37,0
653,38,0
653,39,0
653,40,1
653,41,0
653,42,0
653,43,0
653,44,0
653,45,1
653,46,0
653,47,1
653,48,1
653,49,0
654,0,0
654,1,0
654,2,0
654,3,0
654,4,1
654,5,0
654,6,0
654,7,0
654,8,0
654,9,0
654,10,0
654,11,0
654,12,0
654,13,0
654,14,1
654,15,0
654,16,0
654,17,0
654,18,0
654,19,0
654,20,0
654,21,0
654,22,0
654,23,1
654,24,0
654,25,0
654,26,0
654,27,0
654,28,0
654,29,0
654,30,1
654,31,0
654,32,0
654,33,0
654,34,0
654,35,0
654,36,0
654,37,0
654,38,0
654,39,0
654,40,0
654,41,0
654,42,0
654,43,0
654,44,0
654,45,0
654,46,0
654,47,0
654,48,0
654,49,0
655,0,0
655,1,0
655,2,1
655,3,1
655,4,0
655,5,1
655,6,1
655,7,0
655,8,1
655,9,0
655,10,0
655,11,0
655,12,0
655,13,0
655,14,0
655,15,1
655,16,0
655,17,0
655,18,0
655,19,0
655,20,0
655,21,1
655,22,0
655,23,1
655,24,0
655,25,1
655,26,0
655,27,0
655,28,0
655,29,0
655,30,1
655,31,0
655,32,0
655,33,0
655,34,0
655,35,0
655,36,0
655,37,0
655,38,0
655,39,1
655,40,0
655,41,0
655,42,0
655,43,1
655,44,0
655,45,0
655,46,0
655,47,0
655,48,1
655,49,0
656,0,0
656,1,0
656,2,1
656,3,1
656,4,0
656,5,0
656,6,0
656,7,0
656,8,0
656,9,0
656,10,1
656,11,0
656,12,0
656,13,0
656,14,1
656,15,0
656,16,0
656,17,0
656,18,1
656,19,0
656,20,0
656,21,1
656,22,0
656,23,0
656,24,0
656,25,0
656,26,0
656,27,0
656,28,1
656,29,0
656,30,0
656,31,0
656,32,0
656,33,0
656,34,0
656,35,0
656,36,0
656,37,0
656,38,0
656,39,0
656,40,0
656,41,0
656,42,0
656,43,1
656,44,0
656,45,0
656,46,0
656,47,0
656,48,0
656,49,0
657,0,0
657,1,1
657,2,0
657,3,0
657,4,0
657,5,1
657,6,0
657,7,0
657,8,0
657,9,0
657,10,1
657,11,0
657,12,0
657,13,0
657,14,0
657,15,0
657,16,0
657,17,0
657,18,0
657,19,0
657,20,0
657,21,0
657,22,0
657,23,1
657,24,0
657,25,0
657,26,0
657,27,0
657,28,0
657,29,0
657,30,0
657,31,0
657,32,1
657,33,0
657,34,0
657,35,0
657,36,0
657,37,0
657,38,0
657,39,0
657,40,0
657,41,0
657,42,0
657,43,0
657,44,1
657,45,0
657,46,1
657,47,1
657,48,0
657,49,0
658,0,0
658,1,1
658,2,0
658,3,0
658,4,1
658,5,0
658,6,0
658,7,0
658,8,0
658,9,0
658,10,1
658,11,0
658,12,0
658,13,0
658,14,0
658,15,1
658,16,0
658,17,0
658,18,1
658,19,0
658,20,0
658,21,1
658,22,0
658,23,0
658,24,0
658,25,0
658,26,0
658,27,0
658,28,0
658,29,0
658,30,0
658,31,0
658,32,0
658,33,0
658,34,1
658,35,0
658,36,0
658,37,0
658,38,1
658,39,0
658,40,0
658,41,1
658,42,0
658,43,0
658,44,0
658,45,1
658,46,0
658,47,0
658,48,1
658,49,0
659,0,0
659,1,0
659,2,0
659,3,0
659,4,0
659,5,0
659,6,0
659,7,0
659,8,0
659,9,0
659,10,1
659,11,0
659,12,1
659,13,0
659,14,0
659,15,1
659,16,0
659,17,0
659,18,0
659,19,0
659,20,0
659,21,0
659,22,0
659,23,0
659,24,0
659,25,0
659,26,0
659,27,0
659,28,1
659,29,0
659,30,0
659,31,0
659,32,0
659,33,0
659,34,0
659,35,0
659,36,0
659,37,0
659,38,1
659,39,0
659,40,0
659,41,0
659,42,0
659,43,0
659,44,0
659,45,0
659,46,0
659,47,0
659,48,1
659,49,0
660,0,0
660,1,0
660,2,1
660,3,0
660,4,0
660,5,0
660,6,0
660,7,0
660,8,0
660,9,0
660,10,0
660,11,0
660,12,0
660,13,0
660,14,1
660,15,0
660,16,0
660,17,0
660,18,0
660,19,0
660,20,0
660,21,0
660,22,1
660,23,0
660,24,0
660,25,0
660,26,0
660,27,0
660,28,0
660,29,1
660,30,0
660,31,0
660,32,0
660,33,1
660,34,0
660,35,1
660,36,0
660,37,0
660,38,0
660,39,0
660,40,0
660,41,0
660,42,0
660,43,1
660,44,0
660,45,0
660,46,0
660,47,1
660,48,0
660,49,1
661,0,1
661,1,0
661,2,0
661,3,0
661,4,0
661,5,0
661,6,1
661,7,0
661,8,1
661,9,0
661,10,0
661,11,0
661,12,0
661,13,0
661,14,0
661,15,1
661,16,0
661,17,0
661,18,0
661,19,0
661,20,0
661,21,0
661,22,0
661,23,0
661,24,0
661,25,0
661,26,0
661,27,0
661,28,0
661,29,0
661,30,1
661,31,1
661,32,0
661,33,0
661,34,0
661,35,0
661,36,0
661,37,1
661,38,0
661,39,0
661,40,0
661,41,0
661,42,0
661,43,0
661,44,0
661,45,0
661,46,0
661,47,0
661,48,1
661,49,0
662,0,1
662,1,0
662,2,0
662,3,1
662,4,0
662,5,0
662,6,0
662,7,0
662,8,0
662,9,0
662,10,0
662,11,1
662,12,1
662,13,0
662,14,0
662,15,0
662,16,0
662,17,0
662,18,0
662,19,0
662,20,0
662,21,1
662,22,0
662,23,0
662,24,0
662,25,0
662,26,0
662,27,0
662,28,0
662,29,1
662,30,1
662,31,0
662,32,0
662,33,1
662,34,0
662,35,0
662,36,0
662,37,0
662,38,0
662,39,0
662,40,0
662,41,0
662,42,0
662,43,1
662,44,0
662,45,0
662,46,0
662,47,0
662,48,1
662,49,1
663,0,0
663,1,0
663,2,0
663,3,1
663,4,0
663,5,0
663,6,0
663,7,0
663,8,0
663,9,0
663,10,0
663,11,1
663,12,1
663,13,0
663,14,1
663,15,0
663,16,0
663,17,0
663,18,1
663,19,0
663,20,1
663,21,0
663,22,0
663,23,0
663,24,0
663,25,0
663,26,0
663,27,0
663,28,1
663,29,1
663,30,1
663,31,0
663,32,0
663,33,0
663,34,0
663,35,0
663,36,0
663,37,0
663,38,0
663,39,0
663,40,0
663,41,0
663,42,0
663,43,0
663,44,0
663,45,0
663,46,0
663,47,0
663,48,1
663,49,0
664,0,0
664,1,0
664,2,1
664,3,0
664,4,0
664,5,0
664,6,0
664,7,0
664,8,1
664,9,0
664,10,0
664,11,0
664,12,0
664,13,0
664,14,0
664,15,0
664,16,0
664,17,0
664,18,0
664,19,0
664,20,0
664,21,0
664,22,0
664,23,0
664,24,0
664,25,0
664,26,0
664,27,0
664,28,1
664,29,1
664,30,1
664,31,1
664,32,0
664,33,1
664,34,1
664,35,0
664,36,0
664,37,0
664,38,0
664,39,0
664,40,0
664,41,0
664,42,0
664,43,0
664,44,0
664,45,0
664,46,0
664,47,1
664,48,0
664,49,0
665,0,0
665,1,0
665,2,0
665,3,0
665,4,1
665,5,0
665,6,0
665,7,0
665,8,1
665,9,0
665,10,0
665,11,0
665,12,1
665,13,1
665,14,0
665,15,0
665,16,0
665,17,0
665,18,0
665,19,1
665,20,0
665,21,0
665,22,1
665,23,0
665,24,0
665,25,0
665,26,0
665,27,0
665,28,0
665,29,0
665,30,0
665,31,0
665,32,0
665,33,0
665,34,0
665,35,0
665,36,0
665,37,0
665,38,0
665,39,0
665,40,0
665,41,0
665,42,0
665,43,0
665,44,0
665,45,0
665,46,0
665,47,1
665,48,0
665,49,0
666,0,0
666,1,1
666,2,0
666,3,0
666,4,0
666,5,0
666,6,0
666,7,0
666,8,0
666,9,0
666,10,0
666,11,0
666,12,0
666,13,0
666,14,0
666,15,1
666,16,0
666,17,0
666,18,0
666,19,0
666,20,0
666,21,0
666,22,0
666,23,0
666,24,0
666,25,0
666,26,0
666,27,0
666,28,0
666,29,1
666,30,0
666,31,1
666,32,0
666,33,0
666,34,0
666,35,0
666,36,0
666,37,0
666,38,1
666,39,0
666,40,0
666,41,0
666,42,0
666,43,0
666,44,0
666,45,0
666,46,0
666,47,0
666,48,0
666,49,0
667,0,0
667,1,0
667,2,0
667,3,0
667,4,1
667,5,0
667,6,0
667,7,0
667,8,0
667,9,0
667,10,1
667,11,0
667,12,0
667,13,0
667,14,0
667,15,0
667,16,0
667,17,0
667,18,1
667,19,0
667,20,0
667,21,0
667,22,0
667,23,0
667,24,1
667,25,0
667,26,0
667,27,0
667,28,0
667,29,0
667,30,0
667,31,1
667,32,0
667,33,0
667,34,1
667,35,1
667,36,0
667,37,1
667,38,0
667,39,1
667,40,0
667,41,0
667,42,0
667,43,1
667,44,0
667,45,0
667,46,0
667,47,0
667,48,0
667,49,0
668,0,0
668,1,0
668,2,0
668,3,0
668,4,0
668,5,0
668,6,1
668,7,0
668,8,0
668,9,0
668,10,0
668,11,0
668,12,0
668,13,1
668,14,0
668,15,1
668,16,0
668,17,0
668,18,0
668,19,0
668,20,0
668,21,1
668,22,0
668,23,0
668,24,1
668,25,0
668,26,0
668,27,0
668,28,0
668,29,0
668,30,0
668,31,0
668,32,0
668,33,0
668,34,0
668,35,0
668,36,0
668,37,0
668,38,0
668,39,0
668,40,0
668,41,1
668,42,0
668,43,0
668,44,0
668,45,0
668,46,0
668,47,0
668,48,0
668,49,0
669,0,1
669,1,0
669,2,0
669,3,0
669,4,0
669,5,0
669,6,0
669,7,0
669,8,0
669,9,0
669,10,0
669,11,0
669,12,1
669,13,0
669,14,0
669,15,0
669,16,0
669,17,0
669,18,0
669,19,0
669,20,0
669,21,0
669,22,0
669,23,1
669,24,0
669,25,0
669,26,1
669,27,0
669,28,1
669,29,0
669,30,0
669,31,0
669,32,0
669,33,0
669,34,0
669,35,1
669,36,0
669,37,0
669,38,0
669,39,0
669,40,0
669,41,0
669,42,0
669,43,0
669,44,0
669,45,0
669,46,0
669,47,0
669,48,1
669,49,0
670,0,0
670,1,0
670,2,0
670,3,0
670,4,1
670,5,0
670,6,0
670,7,0
670,8,0
670,9,0
670,10,0
670,11,0
670,12,1
670,13,0
670,14,0
670,15,0
670,16,0
670,17,0
670,18,1
670,19,0
670,20,1
670,21,0
670,22,1
670,23,0
670,24,0
670,25,0
670,26,0
670,27,0
670,28,1
670,29,0
670,30,0
670,31,0
670,32,0
670,33,0
670,34,0
670,35,0
670,36,0
670,37,0
670,38,0
670,39,0
670,40,0
670,41,0
670,42,0
670,43,0
670,44,0
670,45,0
670,46,0
670,47,0
670,48,0
670,49,0
671,0,0
671,1,1
671,2,0
671,3,0
671,4,1
671,5,0
671,6,1
671,7,0
671,8,1
671,9,1
671,10,0
671,11,0
671,12,1
671,13,0
671,14,1
671,15,0
671,16,0
671,17,0
671,18,0
671,19,0
671,20,0
671,21,0
671,22,0
671,23,0
671,24,0
671,25,0
671,26,0
671,27,0
671,28,0
671,29,0
671,30,1
671,31,1
671,32,0
671,33,1
671,34,1
671,35,0
671,36,0
671,37,0
671,38,0
671,39,0
671,40,0
671,41,0
671,42,0
671,43,0
671,44,0
671,45,0
671,46,0
671,47,0
671,48,0
671,49,0
672,0,0
672,1,0
672,2,0
672,3,0
672,4,1
672,5,0
672,6,0
672,7,0
672,8,0
672,9,0
672,10,0
672,11,0
672,12,0
672,13,0
672,14,0
672,15,1
672,16,0
672,17,1
672,18,0
672,19,0
672,20,0
672,21,0
672,22,0
672,23,0
672,24,0
672,25,0
672,26,0
672,27,0
672,28,0
672,29,0
672,30,0
672,31,0
672,32,0
672,33,0
672,34,0
672,35,1
672,36,0
672,37,0
672,38,0
672,39,0
672,40,0
672,41,0
672,42,1
672,43,0
672,44,1
672,45,0
672,46,0
672,47,1
672,48,0
672,49,0
673,0,0
673,1,0
673,2,0
673,3,0
673,4,1
673,5,0
673,6,0
673,7,0
673,8,0
673,9,0
673,10,0
673,11,0
673,12,0
673,13,0
673,14,0
673,15,0
673,16,0
673,17,1
673,18,0
673,19,0
673,20,0
673,21,0
673,22,0
673,23,0
673,24,1
673,25,0
673,26,1
673,27,0
673,28,0
673,29,0
673,30,1
673,31,1
673,32,0
673,33,0
673,34,0
673,35,0
673,36,1
673,37,1
673,38,0
673,39,0
673,40,0
673,41,0
673,42,0
673,43,0
673,44,0
673,45,0
673,46,0
673,47,0
673,48,1
673,49,0
674,0,0
674,1,0
674,2,0
674,3,0
674,4,0
674,5,0
674,6,0
674,7,0
674,8,0
674,9,0
674,10,0
674,11,1
674,12,0
674,13,0
674,14,0
674,15,1
674,16,0
674,17,0
674,18,0
674,19,0
674,20,0
674,21,1
674,22,1
674,23,0
674,24,0
674,25,0
674,26,1
674,27,0
674,28,0
674,29,0
674,30,0
674,31,0
674,32,0
674,33,1
674,34,0
674,35,0
674,36,0
674,37,1
674,38,0
674,39,0
674,40,0
674,41,0
674,42,1
674,43,0
674,44,1
674,45,0
674,46,0
674,47,0
674,48,0
674,49,0
675,0,0
675,1,0
675,2,0
675,3,1
675,4,0
675,5,0
675,6,0
675,7,0
675,8,1
675,9,1
675,10,0
675,11,0
675,12,1
675,13,0
675,14,0
675,15,1
675,16,0
675,17,0
675,18,0
675,19,0
675,20,0
675,21,1
675,22,1
675,23,0
675,24,0
675,25,1
675,26,0
675,27,0
675,28,0
675,29,0
675,30,0
675,31,0
675,32,0
675,33,0
675,34,0
675,35,1
675,36,0
675,37,0
675,38,0
675,39,0
675,40,0
675,41,0
675,42,0
675,43,0
675,44,1
675,45,0
675,46,0
675,47,0
675,48,1
675,49,0
676,0,0
676,1,0
676,2,0
676,3,0
676,4,1
676,5,0
676,6,0
676,7,1
676,8,1
676,9,0
676,10,0
676,11,0
676,12,0
676,13,1
676,14,1
676,15,0
676,16,0
676,17,0
676,18,0
676,19,0
676,20,0
676,21,0
676,22,0
676,23,0
676,24,0
676,25,0
676,26,0
676,27,0
676,28,0
676,29,0
676,30,0
676,31,1
676,32,0
676,33,1
676,34,0
676,35,0
676,36,0
676,37,0
676,38,0
676,39,0
676,40,0
676,41,0
676,42,0
676,43,0
676,44,0
676,45,0
676,46,0
676,47,0
676,48,0
676,49,0
677,0,1
677,1,0
677,2,0
677,3,1
677,4,0
677,5,0
677,6,0
677,7,0
677,8,0
677,9,0
677,10,0
677,11,0
677,12,0
677,13,0
677,14,0
677,15,0
677,16,0
677,17,0
677,18,0
677,19,1
677,20,0
677,21,0
677,22,0
677,23,0
677,24,0
677,25,0
677,26,0
677,27,0
677,28,0
677,29,0
677,30,0
677,31,1
677,32,0
677,33,0
677,34,0
677,35,0
677,36,0
677,37,1
677,38,0
677,39,0
677,40,0
677,41,0
677,42,0
677,43,0
677,44,0
677,45,0
677,46,0
677,47,0
677,48,0
677,49,0
678,0,0
678,1,0
678,2,0
678,3,0
678,4,0
678,5,0
678,6,0
678,7,0
678,8,1
678,9,0
678,10,0
678,11,1
678,12,0
678,13,1
678,14,1
678,15,0
678,16,0
678,17,0
678,18,0
678,19,1
678,20,0
678,21,1
678,22,0
678,23,0
678,24,0
678,25,1
678,26,0
678,27,0
678,28,0
678,29,0
678,30,0
678,31,0
678,32,0
678,33,0
678,34,0
678,35,1
678,36,0
678,37,0
678,38,0
678,39,1
678,40,0
678,41,0
678,42,0
678,43,0
678,44,1
678,45,0
678,46,1
678,47,1
678,48,0
678,49,0
679,0,1
679,1,0
679,2,1
679,3,0
679,4,0
679,5,1
679,6,0
679,7,0
679,8,1
679,9,0
679,10,0
679,11,0
679,12,0
679,13,0
679,14,0
679,15,0
679,16,0
679,17,0
679,18,0
679,19,0
679,20,0
679,21,0
679,22,1
679,23,0
679,24,0
679,25,0
679,26,0
679,27,0
679,28,0
679,29,0
679,30,1
679,31,0
679,32,0
679,33,1
679,34,1
679,35,1
679,36,0
679,37,0
679,38,0
679,39,1
679,40,0
679,41,0
679,42,0
679,43,1
679,44,1
679,45,0
679,46,0
679,47,0
679,48,0
679,49,0
680,0,1
680,1,0
680,2,0
680,3,1
680,4,0
680,5,1
680,6,0
680,7,0
680,8,0
680,9,0
680,10,0
680,11,1
680,12,0
680,13,0
680,14,0
680,15,0
680,16,0
680,17,0
680,18,0
680,19,0
680,20,0
680,21,0
680,22,0
680,23,1
680,24,1
680,25,1
680,26,0
680,27,0
680,28,0
680,29,0
680,30,0
680,31,0
680,32,0
680,33,0
680,34,0
680,35,0
680,36,0
680,37,0
680,38,0
680,39,0
680,40,0
680,41,1
680,42,0
680,43,0
680,44,0
680,45,0
680,46,0
680,47,0
680,48,0
680,49,0
681,0,1
681,1,0
681,2,1
681,3,1
681,4,0
681,5,0
681,6,0
681,7,0
681,8,0
681,9,0
681,10,1
681,11,1
681,12,0
681,13,0
681,14,1
681,15,1
681,16,0
681,17,0
681,18,0
681,19,0
681,20,0
681,21,0
681,22,0
681,23,0
681,24,0
681,25,1
681,26,0
681,27,0
681,28,0
681,29,0
681,30,0
681,31,1
681,32,0
681,33,0
681,34,0
681,35,0
681,36,0
681,37,0
681,38,0
681,39,0
681,40,0
681,41,0
681,42,0
681,43,0
681,44,0
681,45,0
681,46,0
681,47,0
681,48,0
681,49,0
682,0,0
682,1,1
682,2,0
682,3,0
682,4,0
682,5,0
682,6,0
682,7,1
682,8,0
682,9,0
682,10,1
682,11,0
682,12,0
682,13,0
682,14,0
682,15,0
682,16,0
682,17,0
682,18,0
682,19,0
682,20,0
682,21,1
682,22,0
682,23,1
682,24,0
682,25,0
682,26,0
682,27,0
682,28,1
682,29,0
682,30,0
682,31,1
682,32,0
682,33,0
682,34,0
682,35,0
682,36,0
682,37,1
682,38,0
682,39,1
682,40,0
682,41,0
682,42,0
682,43,0
682,44,0
682,45,1
682,46,0
682,47,1
682,48,0
682,49,0
683,0,0
683,1,0
683,2,1
683,3,0
683,4,0
683,5,0
683,6,0
683,7,0
683,8,1
683,9,1
683,10,0
683,11,0
683,12,0
683,13,0
683,14,0
683,15,1
683,16,0
683,17,0
683,18,0
683,19,1
683,20,0
683,21,1
683,22,0
683,23,1
683,24,0
683,25,0
683,26,0
683,27,0
683,28,0
683,29,0
683,30,1
683,31,1
683,32,0
683,33,0
683,34,0
683,35,0
683,36,0
683,37,0
683,38,1
683,39,0
683,40,0
683,41,0
683,42,0
683,43,0
683,44,0
683,45,0
683,46,0
683,47,0
683,48,1
683,49,0
684,0,0
684,1,0
684,2,0
684,3,0
684,4,0
684,5,0
684,6,1
684,7,0
684,8,1
684,9,0
684,10,1
684,11,0
684,12,0
684,13,0
684,14,0
684,15,0
684,16,0
684,17,0
684,18,0
684,19,0
684,20,0
684,21,0
684,22,1
684,23,0
684,24,1
684,25,0
684,26,0
684,27,0
684,28,0
684,29,0
684,30,1
684,31,0
684,32,0
684,33,0
684,34,0
684,35,1
684,36,0
684,37,0
684,38,0
684,39,0
684,40,0
684,41,0
684,42,1
684,43,0
684,44,0
684,45,1
684,46,0
684,47,1
684,48,0
684,49,0
685,0,0
685,1,0
685,2,1
685,3,0
685,4,0
685,5,1
685,6,0
685,7,0
685,8,0
685,9,0
685,10,0
685,11,0
685,12,0
685,13,1
685,14,0
685,15,0
685,16,0
685,17,1
685,18,1
685,19,0
685,20,0
685,21,0
685,22,1
685,23,0
685,24,0
685,25,1
685,26,0
685,27,0
685,28,0
685,29,0
685,30,0
685,31,0
685,32,0
685,33,0
685,34,0
685,35,0
685,36,0
685,37,0
685,38,0
685,39,0
685,40,0
685,41,0
685,42,0
685,43,0
685,44,0
685,45,0
685,46,0
685,47,0
685,48,0
685,49,0
686,0,0
686,1,0
686,2,0
686,3,1
686,4,0
686,5,0
686,6,0
686,7,0
686,8,0
686,9,0
686,10,0
686,11,0
686,12,0
686,13,0
686,14,0
686,15,0
686,16,0
686,17,0
686,18,0
686,19,0
686,20,1
686,21,1
686,22,1
686,23,0
686,24,0
686,25,0
686,26,0
686,27,0
686,28,0
686,29,1
686,30,0
686,31,0
686,32,0
686,33,0
686,34,0
686,35,0
686,36,0
686,37,0
686,38,0
686,39,0
686,40,0
686,41,0
686,42,0
686,43,1
686,44,1
686,45,0
686,46,0
686,47,0
686,48,1
686,49,0
687,0,0
687,1,0
687,2,0
687,3,0
687,4,0
687,5,0
687,6,0
687,7,0
687,8,1
687,9,0
687,10,0
687,11,0
687,12,0
687,13,0
687,14,0
687,15,0
687,16,0
687,17,0
687,18,0
687,19,0
687,20,0
687,21,0
687,22,0
687,23,0
687,24,0
687,25,0
687,26,0
687,27,0
687,28,0
687,29,0
687,30,1
687,31,0
687,32,0
687,33,0
687,34,0
687,35,0
687,36,0
687,37,0
687,38,0
687,39,0
687,40,0
687,41,0
687,42,0
687,43,0
687,44,0
687,45,0
687,46,0
687,47,0
687,48,0
687,49,0
688,0,0
688,1,0
688,2,0
688,3,1
688,4,0
688,5,0
688,6,0
688,7,0
688,8,0
688,9,0
688,10,0
688,11,0
688,12,0
688,13,1
688,14,1
688,15,0
688,16,0
688,17,0
688,18,0
688,19,0
688,20,0
688,21,0
688,22,0
688,23,0
688,24,0
688,25,0
688,26,0
688,27,0
688,28,0
688,29,0
688,30,0
688,31,1
688,32,0
688,33,0
688,34,0
688,35,0
688,36,0
688,37,1
688,38,0
688,39,0
688,40,0
688,41,0
688,42,0
688,43,0
688,44,0
688,45,0
688,46,0
688,47,0
688,48,0
688,49,0
689,0,0
689,1,0
689,2,0
689,3,0
689,4,0
689,5,0
689,6,0
689,7,0
689,8,1
689,9,0
689,10,0
689,11,0
689,12,0
689,13,0
689,14,1
689,15,1
689,16,0
689,17,0
689,18,0
689,19,0
689,20,0
689,21,0
689,22,1
689,23,0
689,24,0
689,25,0
689,26,0
689,27,0
689,28,0
689,29,0
689,30,0
689,31,0
689,32,0
689,33,1
689,34,0
689,35,0
689,36,0
689,37,0
689,38,0
689,39,0
689,40,0
689,41,0
689,42,0
689,43,1
689,44,0
689,45,0
689,46,0
689,47,1
689,48,1
689,49,0
690,0,0
690,1,0
690,2,0
690,3,0
690,4,0
690,5,1
690,6,1
690,7,0
690,8,1
690,9,0
690,10,0
690,11,1
690,12,0
690,13,0
690,14,1
690,15,0
690,16,0
690,17,0
690,18,0
690,19,0
690,20,0
690,21,0
690,22,0
690,23,0
690,24,0
690,25,0
690,26,1
690,27,1
690,28,0
690,29,0
690,30,1
690,31,0
690,32,0
690,33,0
690,34,1
690,35,0
690,36,0
690,37,0
690,38,1
690,39,0
690,40,0
690,41,0
690,42,0
690,43,0
690,44,0
690,45,1
690,46,0
690,47,0
690,48,0
690,49,0
691,0,1
691,1,0
691,2,0
691,3,0
691,4,0
691,5,0
691,6,0
691,7,0
691,8,0
691,9,0
691,10,1
691,11,0
691,12,0
691,13,0
691,14,0
691,15,0
691,16,0
691,17,0
691,18,0
691,19,1
691,20,0
691,21,0
691,22,0
691,23,1
691,24,0
691,25,0
691,26,0
691,27,0
691,28,0
691,29,0
691,30,0
691,31,0
691,32,0
691,33,1
691,34,0
691,35,0
691,36,0
691,37,0
691,38,0
691,39,0
691,40,0
691,41,0
691,42,0
691,43,0
691,44,1
691,45,0
691,46,0
691,47,0
691,48,0
691,49,0
692,0,0
692,1,0
692,2,1
692,3,0
692,4,0
692,5,0
692,6,0
692,7,0
692,8,0
692,9,0
692,10,0
692,11,1
692,12,0
692,13,1
692,14,0
692,15,0
692,16,0
692,17,0
692,18,0
692,19,0
692,20,0
692,21,0
692,22,0
692,23,1
692,24,0
692,25,1
692,26,0
692,27,0
692,28,1
692,29,1
692,30,0
692,31,0
692,32,0
692,33,0
692,34,0
692,35,0
692,36,0
692,37,0
692,38,1
692,39,0
692,40,0
692,41,1
692,42,0
692,43,0
692,44,0
692,45,0
692,46,1
692,47,1
692,48,0
692,49,0
693,0,0
693,1,0
693,2,0
693,3,1
693,4,0
693,5,1
693,6,0
693,7,0
693,8,1
693,9,0
693,10,1
693,11,0
693,12,1
693,13,0
693,14,0
693,15,1
693,16,0
693,17,0
693,18,1
693,19,0
693,20,0
693,21,0
693,22,0
693,23,0
693,24,0
693,25,0
693,26,0
693,27,0
693,28,0
693,29,0
693,30,0
693,31,0
693,32,0
693,33,0
693,34,1
693,35,0
693,36,0
693,37,0
693,38,0
693,39,0
693,40,0
693,41,0
693,42,1
693,43,0
693,44,0
693,45,0
693,46,0
693,47,1
693,48,0
693,49,0
694,0,0
694,1,0
694,2,1
694,3,1
694,4,0
694,5,0
694,6,0
694,7,0
694,8,0
694,9,0
694,10,0
694,11,0
694,12,1
694,13,0
694,14,0
694,15,0
694,16,0
694,17,0
694,18,0
694,19,0
694,20,1
694,21,1
694,22,0
694,23,0
694,24,0
694,25,0
694,26,1
694,27,1
694,28,0
694,29,0
694,30,0
694,31,0
694,32,0
694,33,0
694,34,0
694,35,1
694,36,0
694,37,0
694,38,0
694,39,1
694,40,0
694,41,0
694,42,0
694,43,0
694,44,0
694,45,0
694,46,0
694,47,0
694,48,0
694,49,0
695,0,0
695,1,0
695,2,0
695,3,0
695,4,0
695,5,1
695,6,0
695,7,0
695,8,0
695,9,0
695,10,0
695,11,1
695,12,0
695,13,0
695,14,1
695,15,0
695,16,0
695,17,0
695,18,0
695,19,0
695,20,0
695,21,0
695,22,1
695,23,0
695,24,0
695,25,0
695,26,0
695,27,0
695,28,1
695,29,0
695,30,0
695,31,0
695,32,0
695,33,0
695,34,0
695,35,0
695,36,0
695,37,0
695,38,1
695,39,0
695,40,0
695,41,0
695,42,0
695,43,1
695,44,0
695,45,0
695,46,0
695,47,0
695,48,0
695,49,0
696,0,0
696,1,0
696,2,0
696,3,0
696,4,0
696,5,1
696,6,1
696,7,0
696,8,0
696,9,0
696,10,0
696,11,0
696,12,1
696,13,0
696,14,0
696,15,0
696,16,0
696,17,0
696,18,0
696,19,0
696,20,0
696,21,0
696,22,0
696,23,0
696,24,0
696,25,0
696,26,1
696,27,0
696,28,0
696,29,1
696,30,0
696,31,1
696,32,0
696,33,1
696,34,0
696,35,0
696,36,0
696,37,0
696,38,0
696,39,0
696,40,0
696,41,0
696,42,1
696,43,0
696,44,0
696,45,0
696,46,0
696,47,0
696,48,1
696,49,0
697,0,0
697,1,0
697,2,0
697,3,0
697,4,0
697,5,0
697,6,0
697,7,0
697,8,1
697,9,0
697,10,0
697,11,0
697,12,0
697,13,0
697,14,0
697,15,0
697,16,0
697,17,0
697,18,0
697,19,0
697,20,0
697,21,0
697,22,0
697,23,0
697,24,0
697,25,0
697,26,0
697,27,0
697,28,1
697,29,0
697,30,0
697,31,1
697,32,0
697,33,0
697,34,0
697,35,1
697,36,0
697,37,0
697,38,0
697,39,0
697,40,0
697,41,0
697,42,0
697,43,0
697,44,0
697,45,0
697,46,0
697,47,0
697,48,1
697,49,0
698,0,0
698,1,0
698,2,0
698,3,0
698,4,0
698,5,0
698,6,0
698,7,0
698,8,1
698,9,0
698,10,0
698,11,0
698,12,1
698,13,0
698,14,1
698,15,0
698,16,0
698,17,0
698,18,1
698,19,0
698,20,1
698,21,0
698,22,0
698,23,0
698,24,0
698,25,0
698,26,0
698,27,0
698,28,0
698,29,0
698,30,0
698,31,0
698,32,0
698,33,0
698,34,0
698,35,0
698,36,0
698,37,0
698,38,0
698,39,0
698,40,0
698,41,0
698,42,1
698,43,0
698,44,1
698,45,0
698,46,0
698,47,0
698,48,0
698,49,1
699,0,1
699,1,0
699,2,0
699,3,0
699,4,1
699,5,0
699,6,1
699,7,0
699,8,1
699,9,0
699,10,0
699,11,1
699,12,0
699,13,0
699,14,0
699,15,0
699,16,0
699,17,0
699,18,1
699,19,0
699,20,1
699,21,0
699,22,1
699,23,0
699,24,0
699,25,1
699,26,0
699,27,0
699,28,0
699,29,0
699,30,0
699,31,0
699,32,0
699,33,0
699,34,0
699,35,0
699,36,0
699,37,0
699,38,0
699,39,0
699,40,1
699,41,0
699,42,0
699,43,1
699,44,0
699,45,0
699,46,0
699,47,0
699,48,0
699,49,0
700,0,0
700,1,0
700,2,0
700,3,1
700,4,0
700,5,0
700,6,0
700,7,0
700,8,0
700,9,0
700,10,0
700,11,1
700,12,0
700,13,0
700,14,1
700,15,1
700,16,0
700,17,0
700,18,1
700,19,0
700,20,0
700,21,1
700,22,0
700,23,0
700,24,0
700,25,0
700,26,0
700,27,0
700,28,0
700,29,0
700,30,0
700,31,1
700,32,1
700,33,0
700,34,0
700,35,1
700,36,0
700,37,0
700,38,0
700,39,0
700,40,0
700,41,1
700,42,0
700,43,1
700,44,0
700,45,0
700,46,0
700,47,0
700,48,0
700,49,0
701,0,1
701,1,0
701,2,0
701,3,1
701,4,1
701,5,0
701,6,0
701,7,0
701,8,0
701,9,0
701,10,0
701,11,0
701,12,1
701,13,0
701,14,0
701,15,0
701,16,0
701,17,0
701,18,0
701,19,0
701,20,1
701,21,0
701,22,0
701,23,1
701,24,0
701,25,0
701,26,0
701,27,1
701,28,1
701,29,0
701,30,1
701,31,0
701,32,0
701,33,0
701,34,0
701,35,0
701,36,0
701,37,0
701,38,1
701,39,1
701,40,0
701,41,0
701,42,0
701,43,1
701,44,1
701,45,0
701,46,0
701,47,0
701,48,0
701,49,0
702,0,0
702,1,0
702,2,0
702,3,0
702,4,0
702,5,1
702,6,1
702,7,0
702,8,1
702,9,0
702,10,1
702,11,0
702,12,1
702,13,0
702,14,0
702,15,0
702,16,0
702,17,0
702,18,0
702,19,0
702,20,1
702,21,1
702,22,0
702,23,0
702,24,0
702,25,0
702,26,0
702,27,0
702,28,0
702,29,0
702,30,0
702,31,1
702,32,0
702,33,0
702,34,0
702,35,0
702,36,0
702,37,0
702,38,0
702,39,0
702,40,0
702,41,0
702,42,0
702,43,0
702,44,0
702,45,0
702,46,0
702,47,0
702,48,1
702,49,0
703,0,0
703,1,0
703,2,0
703,3,0
703,4,1
703,5,0
703,6,1
703,7,0
703,8,0
703,9,0
703,10,0
703,11,0
703,12,0
703,13,0
703,14,1
703,15,0
703,16,0
703,17,1
703,18,0
703,19,0
703,20,0
703,21,1
703,22,1
703,23,1
703,24,0
703,25,0
703,26,0
703,27,0
703,28,1
703,29,0
703,30,1
703,31,0
703,32,0
703,33,0
703,34,0
703,35,0
703,36,0
703,37,0
703,38,0
703,39,0
703,40,0
703,41,0
703,42,1
703,43,0
703,44,1
703,45,1
703,46,1
703,47,0
703,48,0
703,49,0
704,0,0
704,1,1
704,2,1
704,3,0
704,4,0
704,5,0
704,6,0
704,7,0
704,8,0
704,9,1
704,10,0
704,11,0
704,12,0
704,13,0
704,14,0
704,15,0
704,16,0
704,17,0
704,18,0
704,19,0
704,20,0
704,21,0
704,22,0
704,23,0
704,24,0
704,25,0
704,26,0
704,27,0
704,28,0
704,29,1
704,30,0
704,31,0
704,32,0
704,33,0
704,34,0
704,35,0
704,36,1
704,37,0
704,38,0
704,39,1
704,40,0
704,41,0
704,42,0
704,43,0
704,44,0
704,45,0
704,46,0
704,47,1
704,48,0
704,49,0
705,0,0
705,1,0
705,2,1
705,3,0
705,4,0
705,5,0
705,6,0
705,7,0
705,8,1
705,9,0
705,10,0
705,11,0
705,12,0
705,13,1
705,14,0
705,15,1
705,16,0
705,17,0
705,18,1
705,19,0
705,20,0
705,21,0
705,22,1
705,23,1
705,24,0
705,25,0
705,26,0
705,27,0
705,28,0
705,29,0
705,30,0
705,31,0
705,32,0
705,33,0
705,34,0
705,35,0
705,36,0
705,37,0
705,38,0
705,39,1
705,40,0
705,41,0
705,42,0
705,43,0
705,44,0
705,45,0
705,46,1
705,47,0
705,48,1
705,49,0
706,0,0
706,1,0
706,2,0
706,3,0
706,4,0
706,5,0
706,6,0
706,7,0
706,8,1
706,9,0
706,10,0
706,11,0
706,12,1
706,13,0
706,14,1
706,15,0
706,16,0
706,17,0
706,18,0
706,19,0
706,20,0
706,21,0
706,22,0
706,23,0
706,24,0
706,25,0
706,26,0
706,27,0
706,28,0
706,29,0
706,30,0
706,31,0
706,32,0
706,33,1
706,34,0
706,35,0
706,36,0
706,37,0
706,38,0
706,39,0
706,40,0
706,41,0
706,42,0
706,43,0
706,44,0
706,45,1
706,46,0
706,47,1
706,48,0
706,49,0
707,0,0
707,1,0
707,2,0
707,3,0
707,4,0
707,5,0
707,6,0
707,7,1
707,8,1
707,9,0
707,10,1
707,11,0
707,12,0
707,13,0
707,14,0
707,15,0
707,16,0
707,17,0
707,18,0
707,19,0
707,20,0
707,21,0
707,22,1
707,23,1
707,24,1
707,25,1
707,26,0
707,27,0
707,28,0
707,29,0
707,30,1
707,31,0
707,32,1
707,33,1
707,34,0
707,35,0
707,36,0
707,37,0
707,38,0
707,39,0
707,40,0
707,41,0
707,42,0
707,43,0
707,44,1
707,45,1
707,46,0
707,47,1
707,48,0
707,49,0
708,0,0
708,1,0
708,2,1
708,3,0
708,4,0
708,5,1
708,6,0
708,7,0
708,8,1
708,9,0
708,10,0
708,11,1
708,12,1
708,13,0
708,14,0
708,15,0
708,16,0
708,17,0
708,18,0
708,19,1
708,20,0
708,21,0
708,22,0
708,23,0
708,24,0
708,25,0
708,26,0
708,27,0
708,28,0
708,29,0
708,30,0
708,31,1
708,32,0
708,33,0
708,34,0
708,35,1
708,36,0
708,37,0
708,38,1
708,39,0
708,40,0
708,41,0
708,42,0
708,43,0
708,44,1
708,45,0
708,46,0
708,47,0
708,48,1
708,49,0
709,0,0
709,1,0
709,2,1
709,3,0
709,4,0
709,5,0
709,6,0
709,7,0
709,8,0
709,9,1
709,10,1
709,11,0
709,12,1
709,13,0
709,14,1
709,15,1
709,16,0
709,17,0
709,18,0
709,19,0
709,20,0
709,21,0
709,22,1
709,23,0
709,24,0
709,25,0
709,26,0
709,27,0
709,28,0
709,29,0
709,30,1
709,31,0
709,32,0
709,33,0
709,34,0
709,35,0
709,36,0
709,37,0
709,38,0
709,39,0
709,40,0
709,41,1
709,42,0
709,43,0
709,44,1
709,45,1
709,46,1
709,47,0
709,48,0
709,49,0
710,0,0
710,1,0
710,2,1
710,3,0
710,4,0
710,5,0
710,6,0
710,7,0
710,8,1
710,9,0
710,10,0
710,11,0
710,12,0
710,13,0
710,14,0
710,15,0
710,16,0
710,17,0
710,18,0
710,19,0
710,20,0
710,21,0
710,22,0
710,23,0
710,24,0
710,25,0
710,26,0
710,27,0
710,28,1
710,29,0
710,30,1
710,31,0
710,32,0
710,33,0
710,34,0
710,35,0
710,36,1
710,37,0
710,38,0
710,39,0
710,40,0
710,41,0
710,42,0
710,43,0
710,44,0
710,45,0
710,46,0
710,47,0
710,48,0
710,49,0
711,0,0
711,1,0
711,2,0
711,3,0
711,4,0
711,5,0
711,6,0
711,7,0
711,8,0
711,9,0
711,10,1
711,11,0
711,12,1
711,13,0
711,14,0
711,15,0
711,16,0
711,17,0
711,18,0
711,19,0
711,20,0
711,21,1
711,22,0
711,23,0
711,24,0
711,25,0
711,26,0
711,27,0
711,28,0
711,29,0
711,30,0
711,31,0
711,32,0
711,33,0
711,34,0
711,35,0
711,36,0
711,37,0
711,38,0
711,39,1
711,40,0
711,41,0
711,42,0
711,43,0
711,44,0
711,45,0
711,46,0
711,47,0
711,48,0
711,49,0
712,0,0
712,1,0
712,2,1
712,3,0
712,4,0
712,5,1
712,6,0
712,7,0
712,8,0
712,9,0
712,10,1
712,11,1
712,12,1
712,13,0
712,14,1
712,15,0
712,16,0
712,17,0
712,18,1
712,19,0
712,20,0
712,21,0
712,22,0
712,23,0
712,24,1
712,25,0
712,26,1
712,27,0
712,28,1
712,29,0
712,30,1
712,31,0
712,32,0
712,33,0
712,34,0
712,35,0
712,36,0
712,37,0
712,38,0
712,39,0
712,40,0
712,41,0
712,42,0
712,43,0
712,44,1
712,45,0
712,46,0
712,47,0
712,48,0
712,49,0
713,0,0
713,1,0
713,2,0
713,3,0
713,4,0
713,5,1
713,6,0
713,7,0
713,8,0
713,9,0
713,10,0
713,11,1
713,12,0
713,13,0
713,14,0
713,15,0
713,16,0
713,17,1
713,18,0
713,19,0
713,20,1
713,21,0
713,22,1
713,23,0
713,24,0
713,25,1
713,26,0
713,27,0
713,28,1
713,29,0
713,30,1
713,31,0
713,32,0
713,33,0
713,34,0
713,35,0
713,36,0
713,37,0
713,38,0
713,39,1
713,40,0
713,41,0
713,42,0
713,43,0
713,44,1
713,45,0
713,46,0
713,47,0
713,48,0
713,49,1
714,0,1
714,1,0
714,2,0
714,3,0
714,4,1
714,5,0
714,6,0
714,7,1
714,8,0
714,9,0
714,10,0
714,11,0
714,12,0
714,13,1
714,14,0
714,15,0
714,16,0
714,17,0
714,18,0
714,19,0
714,20,0
714,21,1
714,22,1
714,23,1
714,24,0
714,25,1
714,26,0
714,27,1
714,28,0
714,29,0
714,30,0
714,31,0
714,32,0
714,33,0
714,34,0
714,35,0
714,36,0
714,37,0
714,38,0
714,39,0
714,40,0
714,41,0
714,42,0
714,43,0
714,44,1
714,45,0
714,46,0
714,47,0
714,48,1
714,49,0
715,0,0
715,1,0
715,2,1
715,3,0
715,4,0
715,5,1
715,6,0
715,7,0
715,8,0
715,9,0
715,10,0
715,11,0
715,12,0
715,13,0
715,14,0
715,15,0
715,16,0
715,17,1
715,18,0
715,19,0
715,20,0
715,21,1
715,22,1
715,23,1
715,24,0
715,25,1
715,26,1
715,27,0
715,28,0
715,29,0
715,30,0
715,31,0
715,32,0
715,33,0
715,34,0
715,35,0
715,36,0
715,37,0
715,38,0
715,39,0
715,40,0
715,41,0
715,42,0
715,43,1
715,44,0
715,45,1
715,46,0
715,47,0
715,48,0
715,49,0
716,0,1
716,1,0
716,2,0
716,3,0
716,4,0
716,5,1
716,6,1
716,7,0
716,8,0
716,9,0
716,10,0
716,11,0
716,12,0
716,13,0
716,14,1
716,15,1
716,16,0
716,17,0
716,18,1
716,19,0
716,20,0
716,21,1
716,22,1
716,23,0
716,24,1
716,25,1
716,26,0
716,27,0
716,28,1
716,29,0
716,30,0
716,31,0
716,32,0
716,33,0
716,34,0
716,35,0
716,36,0
716,37,0
716,38,1
716,39,1
716,40,0
716,41,0
716,42,0
716,43,1
716,44,0
716,45,0
716,46,0
716,47,0
716,48,1
716,49,1
717,0,0
717,1,0
717,2,0
717,3,0
717,4,0
717,5,0
717,6,0
717,7,0
717,8,0
717,9,0
717,10,0
717,11,1
717,12,0
717,13,0
717,14,1
717,15,0
717,16,0
717,17,0
717,18,0
717,19,0
717,20,0
717,21,0
717,22,0
717,23,0
717,24,0
717,25,0
717,26,0
717,27,0
717,28,0
717,29,1
717,30,0
717,31,0
717,32,0
717,33,1
717,34,1
717,35,0
717,36,0
717,37,0
717,38,0
717,39,0
717,40,0
717,41,0
717,42,0
717,43,0
717,44,0
717,45,0
717,46,0
717,47,0
717,48,0
717,49,0
718,0,0
718,1,1
718,2,0
718,3,0
718,4,0
718,5,0
718,6,0
718,7,0
718,8,0
718,9,0
718,10,0
718,11,0
718,12,1
718,13,0
718,14,0
718,15,0
718,16,0
718,17,1
718,18,0
718,19,0
718,20,0
718,21,0
718,22,0
718,23,0
718,24,0
718,25,0
718,26,0
718,27,0
718,28,0
718,29,0
718,30,0
718,31,0
718,32,0
718,33,0
718,34,0
718,35,0
718,36,0
718,37,1
718,38,0
718,39,0
718,40,0
718,41,0
718,42,0
718,43,0
718,44,1
718,45,0
718,46,0
718,47,1
718,48,0
718,49,0
719,0,0
719,1,0
719,2,0
719,3,0
719,4,1
719,5,0
719,6,1
719,7,0
719,8,1
719,9,0
719,10,0
719,11,0
719,12,1
719,13,0
719,14,0
719,15,0
719,16,0
719,17,0
719,18,0
719,19,0
719,20,0
719,21,0
719,22,0
719,23,1
719,24,0
719,25,0
719,26,0
719,27,0
719,28,0
719,29,0
719,30,1
719,31,1
719,32,0
719,33,0
719,34,0
719,35,0
719,36,1
719,37,0
719,38,0
719,39,1
719,40,0
719,41,0
719,42,0
719,43,0
719,44,0
719,45,0
719,46,0
719,47,1
719,48,0
719,49,0
720,0,0
720,1,0
720,2,0
720,3,0
720,4,0
720,5,0
720,6,0
720,7,0
720,8,0
720,9,0
720,10,1
720,11,0
720,12,0
720,13,0
720,14,0
720,15,0
720,16,0
720,17,0
720,18,1
720,19,0
720,20,0
720,21,1
720,22,0
720,23,0
720,24,0
720,25,0
720,26,0
720,27,0
720,28,0
720,29,0
720,30,0
720,31,1
720,32,0
720,33,0
720,34,0
720,35,0
720,36,0
720,37,0
720,38,0
720,39,0
720,40,0
720,41,0
720,42,0
720,43,0
720,44,0
720,45,0
720,46,0
720,47,0
720,48,0
720,49,0
721,0,1
721,1,0
721,2,1
721,3,0
721,4,0
721,5,0
721,6,0
721,7,0
721,8,1
721,9,0
721,10,0
721,11,1
721,12,0
721,13,0
721,14,0
721,15,0
721,16,0
721,17,0
721,18,0
721,19,0
721,20,1
721,21,0
721,22,0
721,23,0
721,24,1
721,25,0
721,26,1
721,27,0
721,28,0
721,29,1
721,30,0
721,31,0
721,32,0
721,33,0
721,34,0
721,35,0
721,36,0
721,37,0
721,38,0
721,39,0
721,40,0
721,41,0
721,42,0
721,43,0
721,44,1
721,45,0
721,46,0
721,47,0
721,48,0
721,49,0
722,0,0
722,1,0
722,2,0
722,3,0
722,4,0
722,5,0
722,6,0
722,7,0
722,8,0
722,9,0
722,10,0
722,11,0
722,12,0
722,13,0
722,14,0
722,15,1
722,16,0
722,17,0
722,18,1
722,19,0
722,20,1
722,21,0
722,22,0
722,23,0
722,24,0
722,25,0
722,26,1
722,27,0
722,28,0
722,29,0
722,30,0
722,31,1
722,32,0
722,33,0
722,34,0
722,35,0
722,36,0
722,37,0
722,38,0
722,39,0
722,40,0
722,41,0
722,42,0
722,43,0
722,44,0
722,45,0
722,46,0
722,47,0
722,48,1
722,49,0
723,0,1
723,1,1
723,2,0
723,3,0
723,4,0
723,5,0
723,6,0
723,7,0
723,8,0
723,9,0
723,10,0
723,11,0
723,12,0
723,13,0
723,14,0
723,15,0
723,16,0
723,17,0
723,18,0
723,19,0
723,20,1
723,21,0
723,22,0
723,23,1
723,24,0
723,25,0
723,26,0
723,27,0
723,28,0
723,29,0
723,30,1
723,31,0
723,32,0
723,33,0
723,34,1
723,35,0
723,36,0
723,37,1
723,38,0
723,39,0
723,40,0
723,41,0
723,42,0
723,43,0
723,44,1
723,45,0
723,46,0
723,47,1
723,48,0
723,49,1
724,0,1
724,1,0
724,2,1
724,3,0
724,4,0
724,5,0
724,6,0
724,7,0
724,8,0
724,9,0
724,10,0
724,11,0
724,12,0
724,13,0
724,14,0
724,15,0
724,16,0
724,17,1
724,18,0
724,19,0
724,20,0
724,21,0
724,22,0
724,23,0
724,24,1
724,25,1
724,26,0
724,27,0
724,28,0
724,29,0
724,30,1
724,31,0
724,32,0
724,33,1
724,34,0
724,35,0
724,36,0
724,37,1
724,38,0
724,39,0
724,40,0
724,41,0
724,42,0
724,43,0
724,44,0
724,45,0
724,46,0
724,47,0
724,48,0
724,49,0
725,0,0
725,1,0
725,2,0
725,3,0
725,4,0
725,5,0
725,6,0
725,7,0
725,8,0
725,9,0
725,10,0
725,11,0
725,12,0
725,13,0
725,14,0
725,15,0
725,16,0
725,17,0
725,18,0
725,19,0
725,20,1
725,21,0
725,22,0
725,23,0
725,24,0
725,25,0
725,26,0
725,27,0
725,28,0
725,29,0
725,30,1
725,31,0
725,32,0
725,33,0
725,34,0
725,35,0
725,36,0
725,37,0
725,38,0
725,39,0
725,40,0
725,41,1
725,42,0
725,43,0
725,44,0
725,45,1
725,46,0
725,47,1
725,48,0
725,49,1
726,0,1
726,1,1
726,2,0
726,3,0
726,4,0
726,5,0
726,6,0
726,7,0
726,8,0
726,9,1
726,10,0
726,11,0
726,12,0
726,13,0
726,14,0
726,15,0
726,16,0
726,17,0
726,18,0
726,19,0
726,20,1
726,21,0
726,22,1
726,23,0
726,24,1
726,25,0
726,26,0
726,27,0
726,28,0
726,29,0
726,30,0
726,31,0
726,32,0
726,33,1
726,34,0
726,35,0
726,36,0
726,37,0
726,38,0
726,39,0
726,40,0
726,41,0
726,42,0
726,43,0
726,44,0
726,45,1
726,46,0
726,47,0
726,48,1
726,49,0
727,0,0
727,1,0
727,2,1
727,3,0
727,4,0
727,5,0
727,6,1
727,7,0
727,8,0
727,9,0
727,10,0
727,11,0
727,12,0
727,13,0
727,14,0
727,15,0
727,16,0
727,17,0
727,18,0
727,19,0
727,20,0
727,21,0
727,22,0
727,23,1
727,24,0
727,25,0
727,26,1
727,27,0
727,28,0
727,29,1
727,30,0
727,31,0
727,32,0
727,33,0
727,34,1
727,35,0
727,36,0
727,37,0
727,38,0
727,39,0
727,40,0
727,41,0
727,42,1
727,43,0
727,44,0
727,45,0
727,46,0
727,47,1
727,48,0
727,49,0
728,0,0
728,1,0
728,2,0
728,3,0
728,4,0
728,5,1
728,6,0
728,7,0
728,8,0
728,9,0
728,10,0
728,11,0
728,12,1
728,13,0
728,14,0
728,15,1
728,16,0
728,17,0
728,18,0
728,19,0
728,20,0
728,21,0
728,22,0
728,23,0
728,24,0
728,25,0
728,26,0
728,27,0
728,28,1
728,29,0
728,30,0
728,31,0
728,32,0
728,33,0
728,34,0
728,35,0
728,36,0
728,37,0
728,38,0
728,39,0
728,40,0
728,41,0
728,42,1
728,43,0
728,44,1
728,45,0
728,46,0
728,47,1
728,48,1
728,49,0
729,0,0
729,1,1
729,2,0
729,3,0
729,4,0
729,5,0
729,6,1
729,7,0
729,8,0
729,9,0
729,10,0
729,11,0
729,12,1
729,13,0
729,14,0
729,15,1
729,16,0
729,17,0
729,18,1
729,19,0
729,20,0
729,21,0
729,22,0
729,23,0
729,24,1
729,25,0
729,26,0
729,27,0
729,28,0
729,29,0
729,30,1
729,31,1
729,32,0
729,33,0
729,34,0
729,35,0
729,36,0
729,37,0
729,38,0
729,39,0
729,40,0
729,41,1
729,42,0
729,43,0
729,44,0
729,45,0
729,46,0
729,47,0
729,48,0
729,49,0
730,0,1
730,1,0
730,2,0
730,3,1
730,4,0
730,5,0
730,6,0
730,7,0
730,8,0
730,9,0
730,10,0
730,11,0
730,12,0
730,13,0
730,14,0
730,15,0
730,16,0
730,17,0
730,18,0
730,19,1
730,20,0
730,21,0
730,22,0
730,23,0
730,24,1
730,25,1
730,26,0
730,27,0
730,28,0
730,29,1
730,30,0
730,31,0
730,32,1
730,33,0
730,34,0
730,35,0
730,36,0
730,37,1
730,38,0
730,39,0
730,40,1
730,41,0
730,42,0
730,43,0
730,44,0
730,45,1
730,46,0
730,47,0
730,48,0
730,49,0
731,0,1
731,1,0
731,2,1
731,3,0
731,4,0
731,5,0
731,6,0
731,7,0
731,8,1
731,9,0
731,10,1
731,11,0
731,12,0
731,13,0
731,14,0
731,15,0
731,16,0
731,17,0
731,18,0
731,19,0
731,20,1
731,21,1
731,22,1
731,23,0
731,24,0
731,25,0
731,26,0
731,27,0
731,28,0
731,29,1
731,30,1
731,31,0
731,32,0
731,33,0
731,34,0
731,35,0
731,36,0
731,37,0
731,38,0
731,39,1
731,40,0
731,41,0
731,42,0
731,43,1
731,44,1
731,45,0
731,46,0
731,47,0
731,48,0
731,49,0
732,0,0
732,1,0
732,2,0
732,3,0
732,4,1
732,5,0
732,6,0
732,7,0
732,8,0
732,9,0
732,10,0
732,11,0
732,12,1
732,13,0
732,14,0
732,15,0
732,16,0
732,17,0
732,18,0
732,19,0
732,20,0
732,21,0
732,22,0
732,23,0
732,24,0
732,25,1
732,26,1
732,27,0
732,28,0
732,29,0
732,30,1
732,31,0
732,32,0
732,33,1
732,34,0
732,35,1
732,36,0
732,37,0
732,38,0
732,39,0
732,40,0
732,41,0
732,42,0
732,43,0
732,44,0
732,45,0
732,46,1
732,47,0
732,48,0
732,49,0
733,0,1
733,1,0
733,2,1
733,3,0
733,4,1
733,5,0
733,6,0
733,7,0
733,8,1
733,9,0
733,10,0
733,11,0
733,12,0
733,13,0
733,14,0
733,15,0
733,16,0
733,17,0
733,18,0
733,19,0
733,20,0
733,21,0
733,22,0
733,23,1
733,24,0
733,25,0
733,26,0
733,27,0
733,28,0
733,29,1
733,30,0
733,31,0
733,32,0
733,33,0
733,34,0
733,35,0
733,36,0
733,37,0
733,38,1
733,39,0
733,40,0
733,41,0
733,42,1
733,43,0
733,44,0
733,45,0
733,46,0
733,47,0
733,48,0
733,49,0
734,0,0
734,1,0
734,2,0
734,3,0
734,4,0
734,5,0
734,6,0
734,7,0
734,8,0
734,9,0
734,10,0
734,11,0
734,12,0
734,13,0
734,14,0
734,15,1
734,16,0
734,17,0
734,18,1
734,19,0
734,20,0
734,21,0
734,22,0
734,23,0
734,24,0
734,25,0
734,26,0
734,27,0
734,28,0
734,29,0
734,30,1
734,31,0
734,32,0
734,33,1
734,34,0
734,35,0
734,36,0
734,37,0
734,38,0
734,39,0
734,40,1
734,41,0
734,42,1
734,43,0
734,44,0
734,45,0
734,46,0
734,47,0
734,48,0
734,49,0
735,0,1
735,1,0
735,2,0
735,3,0
735,4,0
735,5,0
735,6,1
735,7,0
735,8,0
735,9,0
735,10,0
735,11,1
735,12,0
735,13,0
735,14,1
735,15,0
735,16,0
735,17,0
735,18,1
735,19,0
735,20,0
735,21,0
735,22,0
735,23,0
735,24,1
735,25,1
735,26,0
735,27,0
735,28,0
735,29,0
735,30,0
735,31,0
735,32,0
735,33,1
735,34,0
735,35,0
735,36,0
735,37,0
735,38,0
735,39,1
735,40,1
735,41,0
735,42,0
735,43,0
735,44,0
735,45,0
735,46,0
735,47,1
735,48,0
735,49,0
736,0,0
736,1,0
736,2,0
736,3,1
736,4,0
736,5,0
736,6,1
736,7,0
736,8,0
736,9,0
736,10,0
736,11,0
736,12,0
736,13,0
736,14,0
736,15,0
736,16,0
736,17,0
736,18,0
736,19,0
736,20,0
736,21,0
736,22,0
736,23,0
736,24,0
736,25,0
736,26,0
736,27,0
736,28,1
736,29,0
736,30,0
736,31,0
736,32,0
736,33,0
736,34,0
736,35,1
736,36,0
736,37,0
736,38,0
736,39,0
736,40,0
736,41,0
736,42,1
736,43,0
736,44,0
736,45,0
736,46,0
736,47,1
736,48,0
736,49,0
737,0,0
737,1,0
737,2,1
737,3,1
737,4,0
737,5,0
737,6,1
737,7,0
737,8,0
737,9,0
737,10,0
737,11,0
737,12,0
737,13,0
737,14,0
737,15,0
737,16,0
737,17,0
737,18,0
737,19,0
737,20,1
737,21,0
737,22,0
737,23,0
737,24,1
737,25,0
737,26,1
737,27,0
737,28,1
737,29,0
737,30,1
737,31,0
737,32,0
737,33,0
737,34,0
737,35,0
737,36,1
737,37,0
737,38,0
737,39,0
737,40,0
737,41,0
737,42,0
737,43,1
737,44,1
737,45,1
737,46,0
737,47,0
737,48,1
737,49,0
738,0,0
738,1,0
738,2,0
738,3,0
738,4,0
738,5,0
738,6,1
738,7,0
738,8,0
738,9,0
738,10,1
738,11,0
738,12,1
738,13,0
738,14,0
738,15,0
738,16,0
738,17,0
738,18,0
738,19,0
738,20,1
738,21,0
738,22,0
738,23,0
738,24,0
738,25,0
738,26,0
738,27,0
738,28,1
738,29,1
738,30,1
738,31,1
738,32,1
738,33,0
738,34,0
738,35,0
738,36,0
738,37,0
738,38,0
738,39,1
738,40,0
738,41,1
738,42,0
738,43,0
738,44,1
738,45,0
738,46,0
738,47,0
738,48,1
738,49,0
739,0,1
739,1,0
739,2,1
739,3,0
739,4,1
739,5,1
739,6,0
739,7,0
739,8,0
739,9,0
739,10,0
739,11,1
739,12,0
739,13,1
739,14,0
739,15,1
739,16,0
739,17,0
739,18,0
739,19,0
739,20,1
739,21,0
739,22,0
739,23,0
739,24,0
739,25,0
739,26,0
739,27,0
739,28,0
739,29,0
739,30,1
739,31,1
739,32,0
739,33,0
739,34,0
739,35,0
739,36,0
739,37,0
739,38,0
739,39,0
739,40,0
739,41,0
739,42,0
739,43,0
739,44,0
739,45,0
739,46,0
739,47,0
739,48,0
739,49,0
740,0,1
740,1,1
740,2,0
740,3,1
740,4,1
740,5,0
740,6,0
740,7,0
740,8,0
740,9,0
740,10,0
740,11,0
740,12,1
740,13,0
740,14,0
740,15,0
740,16,0
740,17,0
740,18,0
740,19,0
740,20,0
740,21,1
740,22,0
740,23,0
740,24,0
740,25,0
740,26,0
740,27,1
740,28,0
740,29,0
740,30,0
740,31,0
740,32,0
740,33,0
740,34,0
740,35,0
740,36,0
740,37,0
740,38,0
740,39,0
740,40,0
740,41,0
740,42,0
740,43,0
740,44,0
740,45,0
740,46,0
740,47,1
740,48,0
740,49,0
741,0,0
741,1,0
741,2,0
741,3,0
741,4,0
741,5,0
741,6,0
741,7,0
741,8,0
741,9,0
741,10,0
741,11,0
741,12,0
741,13,0
741,14,0
741,15,1
741,16,0
741,17,1
741,18,0
741,19,0
741,20,1
741,21,1
741,22,0
741,23,0
741,24,0
741,25,0
741,26,0
741,27,0
741,28,0
741,29,1
741,30,1
741,31,0
741,32,0
741,33,1
741,34,0
741,35,0
741,36,0
741,37,0
741,38,0
741,39,0
741,40,0
741,41,0
741,42,0
741,43,1
741,44,0
741,45,0
741,46,0
741,47,1
741,48,1
741,49,0
742,0,1
742,1,0
742,2,0
742,3,0
742,4,0
742,5,0
742,6,0
742,7,0
742,8,0
742,9,0
742,10,1
742,11,0
742,12,0
742,13,0
742,14,0
742,15,0
742,16,0
742,17,0
742,18,1
742,19,0
742,20,0
742,21,0
742,22,0
742,23,0
742,24,0
742,25,0
742,26,0
742,27,0
742,28,0
742,29,0
742,30,0
742,31,1
742,32,0
742,33,1
742,34,0
742,35,0
742,36,0
742,37,0
742,38,0
742,39,0
742,40,0
742,41,0
742,42,0
742,43,1
742,44,1
742,45,0
742,46,0
742,47,1
742,48,0
742,49,1
743,0,0
743,1,0
743,2,1
743,3,0
743,4,0
743,5,0
743,6,1
743,7,0
743,8,0
743,9,1
743,10,0
743,11,0
743,12,1
743,13,0
743,14,1
743,15,1
743,16,0
743,17,0
743,18,0
743,19,0
743,20,1
743,21,0
743,22,0
743,23,0
743,24,0
743,25,0
743,26,0
743,27,1
743,28,0
743,29,0
743,30,0
743,31,0
743,32,0
743,33,0
743,34,0
743,35,0
743,36,1
743,37,1
743,38,0
743,39,1
743,40,0
743,41,0
743,42,0
743,43,0
743,44,0
743,45,0
743,46,0
743,47,0
743,48,0
743,49,0
744,0,0
744,1,0
744,2,1
744,3,0
744,4,1
744,5,1
744,6,0
744,7,0
744,8,0
744,9,0
744,10,0
744,11,0
744,12,0
744,13,0
744,14,0
744,15,0
744,16,0
744,17,0
744,18,0
744,19,0
744,20,0
744,21,0
744,22,0
744,23,0
744,24,1
744,25,0
744,26,0
744,27,0
744,28,0
744,29,0
744,30,0
744,31,1
744,32,0
744,33,0
744,34,1
744,35,0
744,36,0
744,37,0
744,38,0
744,39,0
744,40,0
744,41,0
744,42,0
744,43,1
744,44,0
744,45,0
744,46,0
744,47,0
744,48,0
744,49,0
745,0,0
745,1,0
745,2,0
745,3,1
745,4,0
745,5,0
745,6,0
745,7,0
745,8,1
745,9,0
745,10,0
745,11,0
745,12,0
745,13,0
745,14,0
745,15,0
745,16,0
745,17,0
745,18,0
745,19,0
745,20,0
745,21,0
745,22,0
745,23,0
745,24,0
745,25,0
745,26,0
745,27,0
745,28,0
745,29,0
745,30,1
745,31,0
745,32,0
745,33,0
745,34,0
745,35,0
745,36,0
745,37,1
745,38,0
745,39,0
745,40,0
745,41,0
745,42,0
745,43,1
745,44,1
745,45,0
745,46,0
745,47,1
745,48,0
745,49,0
746,0,0
746,1,0
746,2,1
746,3,1
746,4,0
746,5,0
746,6,0
746,7,0
746,8,1
746,9,0
746,10,0
746,11,0
746,12,0
746,13,0
746,14,0
746,15,0
746,16,1
746,17,1
746,18,0
746,19,0
746,20,1
746,21,0
746,22,0
746,23,1
746,24,0
746,25,0
746,26,0
746,27,0
746,28,0
746,29,0
746,30,0
746,31,0
746,32,0
746,33,1
746,34,0
746,35,0
746,36,0
746,37,0
746,38,0
746,39,0
746,40,0
746,41,0
746,42,0
746,43,1
746,44,1
746,45,0
746,46,0
746,47,0
746,48,0
746,49,0
747,0,0
747,1,0
747,2,1
747,3,0
747,4,0
747,5,0
747,6,0
747,7,0
747,8,0
747,9,0
747,10,0
747,11,0
747,12,0
747,13,0
747,14,0
747,15,0
747,16,0
747,17,0
747,18,1
747,19,0
747,20,1
747,21,0
747,22,0
747,23,1
747,24,1
747,25,1
747,26,0
747,27,0
747,28,0
747,29,0
747,30,0
747,31,0
747,32,0
747,33,0
747,34,0
747,35,0
747,36,0
747,37,0
747,38,0
747,39,0
747,40,0
747,41,1
747,42,0
747,43,0
747,44,0
747,45,0
747,46,0
747,47,0
747,48,0
747,49,0
748,0,0
748,1,0
748,2,0
748,3,0
748,4,0
748,5,1
748,6,1
748,7,0
748,8,1
748,9,0
748,10,0
748,11,0
748,12,0
748,13,0
748,14,1
748,15,0
748,16,0
748,17,0
748,18,0
748,19,0
748,20,0
748,21,0
748,22,1
748,23,0
748,24,1
748,25,0
748,26,0
748,27,0
748,28,0
748,29,0
748,30,1
748,31,0
748,32,1
748,33,1
748,34,0
748,35,0
748,36,0
748,37,0
748,38,0
748,39,0
748,40,0
748,41,0
748,42,0
748,43,1
748,44,1
748,45,0
748,46,0
748,47,1
748,48,0
748,49,0
749,0,0
749,1,0
749,2,0
749,3,0
749,4,0
749,5,0
749,6,0
749,7,1
749,8,0
749,9,0
749,10,1
749,11,0
749,12,0
749,13,0
749,14,1
749,15,0
749,16,0
749,17,0
749,18,0
749,19,1
749,20,1
749,21,0
749,22,1
749,23,1
749,24,0
749,25,0
749,26,0
749,27,0
749,28,1
749,29,1
749,30,1
749,31,0
749,32,0
749,33,0
749,34,0
749,35,0
749,36,0
749,37,0
749,38,0
749,39,0
749,40,0
749,41,0
749,42,0
749,43,0
749,44,1
749,45,1
749,46,0
749,47,1
749,48,0
749,49,0
750,0,0
750,1,0
750,2,1
750,3,0
750,4,0
750,5,1
750,6,0
750,7,0
750,8,1
750,9,0
750,10,0
750,11,1
750,12,0
750,13,0
750,14,0
750,15,1
750,16,0
750,17,0
750,18,0
750,19,0
750,20,1
750,21,0
750,22,1
750,23,1
750,24,0
750,25,0
750,26,0
750,27,0
750,28,0
750,29,0
750,30,0
750,31,0
750,32,0
750,33,0
750,34,0
750,35,0
750,36,0
750,37,0
750,38,0
750,39,1
750,40,0
750,41,0
750,42,0
750,43,0
750,44,1
750,45,0
750,46,0
750,47,0
750,48,0
750,49,0
751,0,1
751,1,0
751,2,0
751,3,0
751,4,0
751,5,0
751,6,0
751,7,0
751,8,0
751,9,1
751,10,1
751,11,1
751,12,0
751,13,0
751,14,1
751,15,0
751,16,0
751,17,0
751,18,0
751,19,1
751,20,0
751,21,1
751,22,0
751,23,1
751,24,0
751,25,0
751,26,0
751,27,0
751,28,0
751,29,0
751,30,0
751,31,0
751,32,0
751,33,0
751,34,0
751,35,0
751,36,0
751,37,1
751,38,0
751,39,0
751,40,0
751,41,0
751,42,0
751,43,0
751,44,0
751,45,0
751,46,0
751,47,1
751,48,0
751,49,0
752,0,0
752,1,0
752,2,0
752,3,0
752,4,0
752,5,0
752,6,0
752,7,0
752,8,1
752,9,0
752,10,0
752,11,0
752,12,1
752,13,0
752,14,0
752,15,0
752,16,0
752,17,0
752,18,0
752,19,0
752,20,0
752,21,0
752,22,0
752,23,1
752,24,0
752,25,0
752,26,1
752,27,0
752,28,0
752,29,0
752,30,0
752,31,0
752,32,0
752,33,0
752,34,0
752,35,0
752,36,0
752,37,0
752,38,0
752,39,0
752,40,0
752,41,0
752,42,0
752,43,0
752,44,0
752,45,0
752,46,0
752,47,1
752,48,1
752,49,0
753,0,0
753,1,0
753,2,0
753,3,0
753,4,1
753,5,1
753,6,1
753,7,0
753,8,0
753,9,0
753,10,0
753,11,1
753,12,1
753,13,0
753,14,1
753,15,0
753,16,0
753,17,0
753,18,0
753,19,0
753,20,0
753,21,1
753,22,0
753,23,0
753,24,0
753,25,0
753,26,0
753,27,0
753,28,0
753,29,1
753,30,0
753,31,0
753,32,0
753,33,1
753,34,0
753,35,0
753,36,0
753,37,1
753,38,0
753,39,0
753,40,0
753,41,0
753,42,0
753,43,0
753,44,1
753,45,0
753,46,0
753,47,0
753,48,0
753,49,1
754,0,1
754,1,1
754,2,0
754,3,0
754,4,0
754,5,1
754,6,0
754,7,0
754,8,0
754,9,0
754,10,0
754,11,0
754,12,0
754,13,0
754,14,0
754,15,0
754,16,0
754,17,0
754,18,0
754,19,1
754,20,0
754,21,1
754,22,0
754,23,1
754,24,0
754,25,0
754,26,0
754,27,1
754,28,0
754,29,0
754,30,0
754,31,0
754,32,0
754,33,0
754,34,0
754,35,0
754,36,0
754,37,0
754,38,0
754,39,0
754,40,0
754,41,0
754,42,1
754,43,0
754,44,0
754,45,0
754,46,0
754,47,0
754,48,0
754,49,0
755,0,0
755,1,0
755,2,0
755,3,1
755,4,0
755,5,0
755,6,0
755,7,0
755,8,0
755,9,0
755,10,0
755,11,0
755,12,0
755,13,0
755,14,0
755,15,1
755,16,0
755,17,0
755,18,0
755,19,0
755,20,0
755,21,0
755,22,1
755,23,0
755,24,0
755,25,1
755,26,0
755,27,0
755,28,0
755,29,0
755,30,1
755,31,1
755,32,0
755,33,0
755,34,0
755,35,0
755,36,0
755,37,0
755,38,0
755,39,0
755,40,0
755,41,0
755,42,0
755,43,1
755,44,1
755,45,0
755,46,0
755,47,0
755,48,1
755,49,0
756,0,0
756,1,0
756,2,0
756,3,0
756,4,0
756,5,0
756,6,0
756,7,0
756,8,0
756,9,0
756,10,0
756,11,1
756,12,1
756,13,0
756,14,0
756,15,0
756,16,0
756,17,0
756,18,0
756,19,0
756,20,0
756,21,0
756,22,0
756,23,0
756,24,0
756,25,1
756,26,0
756,27,0
756,28,0
756,29,0
756,30,0
756,31,0
756,32,0
756,33,0
756,34,0
756,35,0
756,36,0
756,37,0
756,38,0
756,39,0
756,40,0
756,41,0
756,42,0
756,43,0
756,44,0
756,45,0
756,46,0
756,47,0
756,48,0
756,49,0
757,0,1
757,1,0
757,2,0
757,3,0
757,4,0
757,5,0
757,6,0
757,7,1
757,8,0
757,9,0
757,10,0
757,11,1
757,12,0
757,13,0
757,14,0
757,15,1
757,16,0
757,17,0
757,18,1
757,19,0
757,20,0
757,21,0
757,22,1
757,23,1
757,24,0
757,25,0
757,26,0
757,27,0
757,28,1
757,29,0
757,30,0
757,31,1
757,32,1
757,33,0
757,34,0
757,35,0
757,36,0
757,37,0
757,38,0
757,39,1
757,40,0
757,41,0
757,42,1
757,43,0
757,44,1
757,45,0
757,46,0
757,47,1
757,48,0
757,49,0
758,0,0
758,1,0
758,2,0
758,3,1
758,4,0
758,5,0
758,6,0
758,7,0
758,8,0
758,9,0
758,10,0
758,11,0
758,12,1
758,13,0
758,14,0
758,15,0
758,16,0
758,17,0
758,18,0
758,19,1
758,20,0
758,21,0
758,22,1
758,23,1
758,24,0
758,25,0
758,26,0
758,27,0
758,28,0
758,29,0
758,30,0
758,31,0
758,32,1
758,33,0
758,34,0
758,35,0
758,36,0
758,37,0
758,38,0
758,39,0
758,40,1
758,41,1
758,42,0
758,43,0
758,44,0
758,45,0
758,46,0
758,47,0
758,48,0
758,49,0
759,0,0
759,1,0
759,2,1
759,3,0
759,4,0
759,5,0
759,6,0
759,7,0
759,8,0
759,9,0
759,10,1
759,11,0
759,12,0
759,13,0
759,14,0
759,15,0
759,16,0
759,17,0
759,18,1
759,19,0
759,20,0
759,21,0
759,22,0
759,23,0
759,24,0
759,25,0
759,26,1
759,27,0
759,28,0
759,29,0
759,30,0
759,31,0
759,32,0
759,33,1
759,34,0
759,35,0
759,36,0
759,37,0
759,38,0
759,39,1
759,40,0
759,41,0
759,42,0
759,43,0
759,44,0
759,45,0
759,46,0
759,47,0
759,48,0
759,49,0
760,0,1
760,1,0
760,2,0
760,3,1
760,4,0
760,5,0
760,6,0
760,7,0
760,8,1
760,9,0
760,10,0
760,11,0
760,12,1
760,13,0
760,14,1
760,15,1
760,16,0
760,17,1
760,18,0
760,19,0
760,20,0
760,21,0
760,22,1
760,23,0
760,24,0
760,25,0
760,26,0
760,27,0
760,28,1
760,29,0
760,30,0
760,31,1
760,32,0
760,33,0
760,34,0
760,35,0
760,36,0
760,37,0
760,38,0
760,39,0
760,40,0
760,41,1
760,42,1
760,43,0
760,44,0
760,45,1
760,46,0
760,47,0
760,48,1
760,49,0
761,0,1
761,1,1
761,2,1
761,3,0
761,4,0
761,5,0
761,6,0
761,7,0
761,8,1
761,9,0
761,10,0
761,11,0
761,12,0
761,13,0
761,14,0
761,15,0
761,16,0
761,17,0
761,18,0
761,19,0
761,20,0
761,21,0
761,22,0
761,23,0
761,24,0
761,25,1
761,26,1
761,27,0
761,28,0
761,29,0
761,30,0
761,31,0
761,32,0
761,33,0
761,34,0
761,35,0
761,36,0
761,37,0
761,38,0
761,39,0
761,40,0
761,41,0
761,42,0
761,43,0
761,44,1
761,45,0
761,46,0
761,47,0
761,48,0
761,49,0
762,0,1
762,1,1
762,2,0
762,3,0
762,4,0
762,5,0
762,6,0
762,7,1
762,8,0
762,9,0
762,10,0
762,11,1
762,12,1
762,13,0
762,14,1
762,15,0
762,16,1
762,17,0
762,18,0
762,19,0
762,20,0
762,21,0
762,22,0
762,23,0
762,24,0
762,25,0
762,26,0
762,27,0
762,28,0
762,29,0
762,30,1
762,31,0
762,32,1
762,33,0
762,34,0
762,35,0
762,36,0
762,37,0
762,38,0
762,39,1
762,40,0
762,41,0
762,42,0
762,43,1
762,44,0
762,45,0
762,46,0
762,47,0
762,48,1
762,49,1
763,0,0
763,1,1
763,2,0
763,3,0
763,4,0
763,5,0
763,6,0
763,7,0
763,8,0
763,9,0
763,10,1
763,11,1
763,12,0
763,13,0
763,14,0
763,15,0
763,16,0
763,17,0
763,18,1
763,19,0
763,20,0
763,21,0
763,22,0
763,23,0
763,24,0
763,25,0
763,26,0
763,27,0
763,28,0
763,29,0
763,30,1
763,31,0
763,32,0
763,33,0
763,34,0
763,35,0
763,36,0
763,37,1
763,38,0
763,39,1
763,40,0
763,41,0
763,42,1
763,43,0
763,44,0
763,45,0
763,46,0
763,47,0
763,48,1
763,49,0
764,0,1
764,1,0
764,2,0
764,3,0
764,4,0
764,5,0
764,6,0
764,7,0
764,8,0
764,9,0
764,10,0
764,11,1
764,12,1
764,13,0
764,14,1
764,15,1
764,16,0
764,17,0
764,18,1
764,19,1
764,20,0
764,21,1
764,22,0
764,23,1
764,24,0
764,25,0
764,26,0
764,27,0
764,28,0
764,29,0
764,30,0
764,31,1
764,32,0
764,33,1
764,34,0
764,35,0
764,36,1
764,37,0
764,38,0
764,39,0
764,40,0
764,41,0
764,42,0
764,43,1
764,44,0
764,45,0
764,46,0
764,47,0
764,48,0
764,49,0
765,0,1
765,1,1
765,2,0
765,3,0
765,4,0
765,5,0
765,6,0
765,7,0
765,8,0
765,9,0
765,10,0
765,11,0
765,12,0
765,13,0
765,14,0
765,15,0
765,16,1
765,17,0
765,18,0
765,19,0
765,20,1
765,21,0
765,22,0
765,23,1
765,24,0
765,25,0
765,26,0
765,27,0
765,28,0
765,29,0
765,30,0
765,31,1
765,32,0
765,33,0
765,34,0
765,35,0
765,36,0
765,37,0
765,38,1
765,39,0
765,40,0
765,41,0
765,42,0
765,43,0
765,44,0
765,45,0
765,46,0
765,47,0
765,48,0
765,49,0
766,0,1
766,1,1
766,2,0
766,3,0
766,4,0
766,5,0
766,6,0
766,7,0
766,8,1
766,9,0
766,10,0
766,11,0
766,12,0
766,13,0
766,14,0
766,15,0
766,16,0
766,17,0
766,18,1
766,19,0
766,20,0
766,21,0
766,22,0
766,23,0
766,24,0
766,25,0
766,26,0
766,27,0
766,28,1
766,29,0
766,30,0
766,31,0
766,32,0
766,33,0
766,34,1
766,35,0
766,36,0
766,37,0
766,38,0
766,39,0
766,40,0
766,41,0
766,42,0
766,43,1
766,44,0
766,45,1
766,46,0
766,47,0
766,48,0
766,49,1
767,0,1
767,1,0
767,2,1
767,3,0
767,4,1
767,5,0
767,6,0
767,7,0
767,8,0
767,9,0
767,10,0
767,11,0
767,12,1
767,13,0
767,14,0
767,15,1
767,16,0
767,17,0
767,18,0
767,19,0
767,20,0
767,21,0
767,22,0
767,23,1
767,24,0
767,25,1
767,26,0
767,27,0
767,28,0
767,29,0
767,30,0
767,31,0
767,32,0
767,33,1
767,34,0
767,35,1
767,36,0
767,37,0
767,38,0
767,39,0
767,40,0
767,41,0
767,42,0
767,43,0
767,44,0
767,45,0
767,46,0
767,47,0
767,48,0
767,49,0
768,0,0
768,1,0
768,2,0
768,3,0
768,4,0
768,5,0
768,6,0
768,7,0
768,8,0
768,9,0
768,10,0
768,11,1
768,12,0
768,13,0
768,14,0
768,15,0
768,16,0
768,17,0
768,18,1
768,19,0
768,20,0
768,21,0
768,22,0
768,23,0
768,24,0
768,25,0
768,26,0
768,27,0
768,28,0
768,29,0
768,30,0
768,31,0
768,32,0
768,33,0
768,34,0
768,35,1
768,36,0
768,37,0
768,38,0
768,39,0
768,40,0
768,41,1
768,42,0
768,43,0
768,44,1
768,45,1
768,46,0
768,47,1
768,48,0
768,49,0
769,0,1
769,1,0
769,2,0
769,3,0
769,4,1
769,5,1
769,6,0
769,7,0
769,8,0
769,9,0
769,10,0
769,11,0
769,12,0
769,13,1
769,14,1
769,15,1
769,16,0
769,17,0
769,18,0
769,19,0
769,20,0
769,21,0
769,22,1
769,23,1
769,24,0
769,25,0
769,26,0
769,27,0
769,28,0
769,29,0
769,30,0
769,31,0
769,32,0
769,33,0
769,34,0
769,35,0
769,36,0
769,37,1
769,38,0
769,39,0
769,40,0
769,41,0
769,42,0
769,43,0
769,44,1
769,45,0
769,46,0
769,47,1
769,48,0
769,49,0
770,0,0
770,1,0
770,2,1
770,3,0
770,4,1
770,5,0
770,6,0
770,7,0
770,8,1
770,9,0
770,10,0
770,11,0
770,12,0
770,13,0
770,14,0
770,15,0
770,16,1
770,17,0
770,18,0
770,19,0
770,20,0
770,21,0
770,22,0
770,23,0
770,24,0
770,25,0
770,26,1
770,27,0
770,28,0
770,29,0
770,30,0
770,31,0
770,32,0
770,33,1
770,34,0
770,35,0
770,36,0
770,37,0
770,38,0
770,39,1
770,40,0
770,41,0
770,42,0
770,43,1
770,44,0
770,45,0
770,46,0
770,47,1
770,48,0
770,49,0
771,0,0
771,1,0
771,2,0
771,3,0
771,4,0
771,5,0
771,6,0
771,7,0
771,8,0
771,9,0
771,10,0
771,11,0
771,12,0
771,13,0
771,14,0
771,15,0
771,16,0
771,17,1
771,18,0
771,19,0
771,20,0
771,21,0
771,22,1
771,23,0
771,24,0
771,25,0
771,26,1
771,27,0
771,28,0
771,29,0
771,30,1
771,31,0
771,32,0
771,33,1
771,34,0
771,35,0
771,36,0
771,37,1
771,38,0
771,39,0
771,40,0
771,41,0
771,42,0
771,43,0
771,44,0
771,45,0
771,46,0
771,47,0
771,48,1
771,49,0
772,0,0
772,1,0
772,2,0
772,3,0
772,4,1
772,5,0
772,6,0
772,7,0
772,8,1
772,9,0
772,10,0
772,11,0
772,12,0
772,13,0
772,14,0
772,15,0
772,16,0
772,17,0
772,18,0
772,19,0
772,20,0
772,21,0
772,22,1
772,23,0
772,24,0
772,25,0
772,26,0
772,27,0
772,28,0
772,29,0
772,30,0
772,31,0
772,32,0
772,33,0
772,34,0
772,35,0
772,36,0
772,37,0
772,38,0
772,39,0
772,40,0
772,41,0
772,42,0
772,43,0
772,44,0
772,45,0
772,46,1
772,47,1
772,48,0
772,49,0
773,0,1
773,1,0
773,2,0
773,3,1
773,4,0
773,5,1
773,6,0
773,7,0
773,8,0
773,9,0
773,10,0
773,11,1
773,12,0
773,13,0
773,14,0
773,15,0
773,16,0
773,17,1
773,18,0
773,19,1
773,20,1
773,21,1
773,22,0
773,23,0
773,24,0
773,25,0
773,26,0
773,27,0
773,28,1
773,29,0
773,30,0
773,31,1
773,32,0
773,33,0
773,34,0
773,35,1
773,36,0
773,37,0
773,38,1
773,39,0
773,40,0
773,41,0
773,42,0
773,43,1
773,44,0
773,45,0
773,46,1
773,47,1
773,48,0
773,49,0
774,0,0
774,1,0
774,2,0
774,3,0
774,4,0
774,5,0
774,6,0
774,7,0
774,8,1
774,9,0
774,10,0
774,11,0
774,12,0
774,13,0
774,14,0
774,15,0
774,16,0
774,17,0
774,18,0
774,19,0
774,20,0
774,21,0
774,22,0
774,23,1
774,24,1
774,25,0
774,26,0
774,27,0
774,28,0
774,29,0
774,30,0
774,31,0
774,32,0
774,33,1
774,34,1
774,35,0
774,36,0
774,37,0
774,38,0
774,39,0
774,40,1
774,41,0
774,42,1
774,43,0
774,44,0
774,45,0
774,46,0
774,47,0
774,48,0
774,49,0
775,0,0
775,1,0
775,2,1
775,3,0
775,4,0
775,5,0
775,6,0
775,7,0
775,8,0
775,9,0
775,10,0
775,11,0
775,12,0
775,13,0
775,14,0
775,15,0
775,16,0
775,17,1
775,18,0
775,19,0
775,20,0
775,21,0
775,22,1
775,23,0
775,24,0
775,25,0
775,26,1
775,27,0
775,28,1
775,29,0
775,30,0
775,31,0
775,32,0
775,33,1
775,34,1
775,35,0
775,36,0
775,37,0
775,38,0
775,39,1
775,40,0
775,41,0
775,42,0
775,43,1
775,44,0
775,45,0
775,46,0
775,47,0
775,48,0
775,49,0
776,0,1
776,1,0
776,2,1
776,3,1
776,4,0
776,5,0
776,6,1
776,7,0
776,8,1
776,9,0
776,10,1
776,11,0
776,12,1
776,13,0
776,14,0
776,15,0
776,16,0
776,17,0
776,18,0
776,19,0
776,20,1
776,21,1
776,22,0
776,23,0
776,24,0
776,25,0
776,26,0
776,27,0
776,28,0
776,29,0
776,30,0
776,31,0
776,32,0
776,33,0
776,34,0
776,35,0
776,36,0
776,37,0
776,38,0
776,39,1
776,40,0
776,41,0
776,42,0
776,43,0
776,44,0
776,45,0
776,46,0
776,47,0
776,48,0
776,49,0
777,0,0
777,1,0
777,2,1
777,3,0
777,4,0
777,5,0
777,6,0
777,7,0
777,8,0
777,9,0
777,10,1
777,11,1
777,12,0
777,13,0
777,14,0
777,15,1
777,16,0
777,17,0
777,18,1
777,19,0
777,20,0
777,21,0
777,22,1
777,23,1
777,24,0
777,25,0
777,26,0
777,27,0
777,28,1
777,29,0
777,30,0
777,31,0
777,32,0
777,33,0
777,34,0
777,35,0
777,36,0
777,37,0
777,38,0
777,39,1
777,40,0
777,41,0
777,42,0
777,43,0
777,44,1
777,45,0
777,46,0
777,47,1
777,48,1
777,49,0
778,0,0
778,1,0
778,2,1
778,3,0
778,4,0
778,5,0
778,6,0
778,7,0
778,8,0
778,9,0
778,10,1
778,11,0
778,12,1
778,13,0
778,14,0
778,15,0
778,16,0
778,17,0
778,18,0
778,19,0
778,20,0
778,21,0
778,22,0
778,23,0
778,24,0
778,25,0
778,26,1
778,27,0
778,28,0
778,29,0
778,30,0
778,31,1
778,32,0
778,33,0
778,34,0
778,35,0
778,36,0
778,37,1
778,38,0
778,39,0
778,40,1
778,41,0
778,42,0
778,43,0
778,44,1
778,45,0
778,46,0
778,47,0
778,48,1
778,49,0
779,0,0
779,1,0
779,2,0
779,3,1
779,4,0
779,5,0
779,6,0
779,7,0
779,8,0
779,9,0
779,10,0
779,11,0
779,12,0
779,13,0
779,14,0
779,15,0
779,16,0
779,17,0
779,18,0
779,19,0
779,20,1
779,21,0
779,22,0
779,23,0
779,24,1
779,25,0
779,26,0
779,27,0
779,28,0
779,29,0
779,30,0
779,31,0
779,32,0
779,33,1
779,34,0
779,35,0
779,36,0
779,37,1
779,38,0
779,39,0
779,40,0
779,41,0
779,42,0
779,43,0
779,44,0
779,45,1
779,46,0
779,47,0
779,48,0
779,49,0
780,0,0
780,1,0
780,2,0
780,3,0
780,4,0
780,5,0
780,6,0
780,7,0
780,8,0
780,9,0
780,10,0
780,11,0
780,12,1
780,13,0
780,14,0
780,15,1
780,16,0
780,17,1
780,18,0
780,19,0
780,20,0
780,21,0
780,22,0
780,23,0
780,24,0
780,25,0
780,26,0
780,27,0
780,28,0
780,29,0
780,30,0
780,31,0
780,32,1
780,33,0
780,34,1
780,35,0
780,36,0
780,37,0
780,38,0
780,39,1
780,40,0
780,41,0
780,42,1
780,43,1
780,44,0
780,45,0
780,46,0
780,47,0
780,48,0
780,49,0
781,0,0
781,1,1
781,2,1
781,3,0
781,4,0
781,5,0
781,6,0
781,7,0
781,8,0
781,9,0
781,10,0
781,11,1
781,12,1
781,13,0
781,14,0
781,15,0
781,16,0
781,17,0
781,18,1
781,19,0
781,20,0
781,21,1
781,22,1
781,23,0
781,24,0
781,25,0
781,26,0
781,27,0
781,28,0
781,29,0
781,30,0
781,31,0
781,32,0
781,33,0
781,34,0
781,35,0
781,36,0
781,37,0
781,38,0
781,39,0
781,40,0
781,41,0
781,42,0
781,43,0
781,44,1
781,45,1
781,46,0
781,47,0
781,48,0
781,49,0
782,0,0
782,1,0
782,2,0
782,3,0
782,4,0
782,5,0
782,6,0
782,7,0
782,8,0
782,9,1
782,10,0
782,11,0
782,12,0
782,13,1
782,14,1
782,15,1
782,16,0
782,17,0
782,18,1
782,19,0
782,20,0
782,21,1
782,22,0
782,23,0
782,24,0
782,25,0
782,26,0
782,27,0
782,28,1
782,29,0
782,30,0
782,31,0
782,32,0
782,33,0
782,34,0
782,35,0
782,36,0
782,37,0
782,38,0
782,39,1
782,40,1
782,41,0
782,42,1
782,43,0
782,44,0
782,45,0
782,46,0
782,47,0
782,48,0
782,49,0
783,0,0
783,1,0
783,2,0
783,3,1
783,4,1
783,5,0
783,6,0
783,7,0
783,8,0
783,9,1
783,10,1
783,11,0
783,12,0
783,13,0
783,14,0
783,15,0
783,16,0
783,17,0
783,18,1
783,19,0
783,20,1
783,21,0
783,22,0
783,23,0
783,24,0
783,25,0
783,26,0
783,27,0
783,28,1
783,29,0
783,30,0
783,31,1
783,32,0
783,33,0
783,34,1
783,35,0
783,36,0
783,37,0
783,38,0
783,39,1
783,40,0
783,41,0
783,42,0
783,43,0
783,44,0
783,45,0
783,46,1
783,47,1
783,48,0
783,49,0
784,0,0
784,1,0
784,2,0
784,3,0
784,4,0
784,5,0
784,6,0
784,7,0
784,8,0
784,9,0
784,10,0
784,11,0
784,12,1
784,13,0
784,14,0
784,15,0
784,16,0
784,17,0
784,18,0
784,19,1
784,20,0
784,21,1
784,22,0
784,23,1
784,24,1
784,25,1
784,26,0
784,27,0
784,28,1
784,29,0
784,30,0
784,31,1
784,32,1
784,33,0
784,34,0
784,35,0
784,36,0
784,37,0
784,38,0
784,39,0
784,40,0
784,41,0
784,42,0
784,43,1
784,44,0
784,45,0
784,46,0
784,47,0
784,48,0
784,49,0
785,0,0
785,1,0
785,2,0
785,3,0
785,4,0
785,5,0
785,6,0
785,7,0
785,8,0
785,9,0
785,10,1
785,11,0
785,12,0
785,13,0
785,14,1
785,15,0
785,16,0
785,17,0
785,18,0
785,19,0
785,20,0
785,21,0
785,22,0
785,23,0
785,24,0
785,25,1
785,26,1
785,27,0
785,28,0
785,29,0
785,30,0
785,31,1
785,32,0
785,33,0
785,34,1
785,35,0
785,36,0
785,37,0
785,38,0
785,39,0
785,40,0
785,41,0
785,42,1
785,43,1
785,44,0
785,45,0
785,46,0
785,47,0
785,48,1
785,49,0
786,0,0
786,1,0
786,2,0
786,3,1
786,4,1
786,5,1
786,6,0
786,7,0
786,8,0
786,9,1
786,10,0
786,11,1
786,12,0
786,13,0
786,14,0
786,15,0
786,16,0
786,17,1
786,18,0
786,19,0
786,20,0
786,21,0
786,22,0
786,23,1
786,24,0
786,25,0
786,26,1
786,27,0
786,28,0
786,29,0
786,30,0
786,31,0
786,32,0
786,33,0
786,34,0
786,35,0
786,36,0
786,37,0
786,38,1
786,39,0
786,40,0
786,41,1
786,42,0
786,43,0
786,44,0
786,45,1
786,46,0
786,47,0
786,48,0
786,49,0
787,0,0
787,1,1
787,2,0
787,3,0
787,4,0
787,5,1
787,6,0
787,7,0
787,8,0
787,9,0
787,10,0
787,11,0
787,12,0
787,13,0
787,14,0
787,15,0
787,16,0
787,17,0
787,18,0
787,19,0
787,20,1
787,21,0
787,22,0
787,23,0
787,24,0
787,25,0
787,26,0
787,27,1
787,28,0
787,29,0
787,30,0
787,31,0
787,32,0
787,33,0
787,34,0
787,35,0
787,36,0
787,37,0
787,38,0
787,39,0
787,40,0
787,41,0
787,42,0
787,43,0
787,44,0
787,45,0
787,46,0
787,47,1
787,48,1
787,49,1
788,0,0
788,1,0
788,2,1
788,3,1
788,4,0
788,5,0
788,6,0
788,7,0
788,8,0
788,9,0
788,10,0
788,11,0
788,12,0
788,13,1
788,14,1
788,15,0
788,16,0
788,17,0
788,18,1
788,19,0
788,20,1
788,21,0
788,22,0
788,23,1
788,24,0
788,25,0
788,26,0
788,27,0
788,28,0
788,29,0
788,30,0
788,31,0
788,32,0
788,33,0
788,34,0
788,35,0
788,36,0
788,37,0
788,38,0
788,39,1
788,40,0
788,41,1
788,42,0
788,43,0
788,44,0
788,45,0
788,46,0
788,47,1
788,48,0
788,49,0
789,0,1
789,1,0
789,2,0
789,3,1
789,4,0
789,5,0
789,6,0
789,7,0
789,8,1
789,9,0
789,10,1
789,11,0
789,12,1
789,13,0
789,14,0
789,15,0
789,16,0
789,17,0
789,18,0
789,19,0
789,20,0
789,21,1
789,22,0
789,23,0
789,24,0
789,25,0
789,26,0
789,27,1
789,28,0
789,29,0
789,30,0
789,31,1
789,32,0
789,33,0
789,34,0
789,35,0
789,36,0
789,37,0
789,38,0
789,39,0
789,40,0
789,41,0
789,42,0
789,43,1
789,44,0
789,45,0
789,46,0
789,47,0
789,48,0
789,49,0
790,0,0
790,1,0
790,2,0
790,3,0
790,4,1
790,5,0
790,6,1
790,7,0
790,8,0
790,9,1
790,10,0
790,11,0
790,12,1
790,13,0
790,14,0
790,15,0
790,16,1
790,17,0
790,18,0
790,19,0
790,20,0
790,21,0
790,22,0
790,23,0
790,24,1
790,25,0
790,26,1
790,27,0
790,28,0
790,29,1
790,30,0
790,31,0
790,32,0
790,33,0
790,34,0
790,35,0
790,36,0
790,37,0
790,38,0
790,39,1
790,40,0
790,41,0
790,42,0
790,43,0
790,44,0
790,45,0
790,46,1
790,47,1
790,48,0
790,49,0
791,0,0
791,1,0
791,2,0
791,3,0
791,4,0
791,5,0
791,6,0
791,7,0
791,8,1
791,9,0
791,10,0
791,11,0
791,12,0
791,13,1
791,14,0
791,15,1
791,16,0
791,17,0
791,18,0
791,19,0
791,20,1
791,21,0
791,22,0
791,23,1
791,24,0
791,25,0
791,26,0
791,27,0
791,28,0
791,29,0
791,30,0
791,31,0
791,32,0
791,33,0
791,34,0
791,35,0
791,36,0
791,37,1
791,38,0
791,39,0
791,40,0
791,41,0
791,42,0
791,43,0
791,44,1
791,45,1
791,46,0
791,47,0
791,48,0
791,49,0
792,0,1
792,1,0
792,2,0
792,3,0
792,4,0
792,5,0
792,6,1
792,7,0
792,8,0
792,9,0
792,10,1
792,11,0
792,12,1
792,13,1
792,14,1
792,15,1
792,16,0
792,17,0
792,18,0
792,19,0
792,20,0
792,21,0
792,22,0
792,23,0
792,24,0
792,25,1
792,26,0
792,27,0
792,28,0
792,29,0
792,30,0
792,31,0
792,32,0
792,33,0
792,34,0
792,35,0
792,36,0
792,37,0
792,38,0
792,39,0
792,40,0
792,41,1
792,42,0
792,43,1
792,44,0
792,45,0
792,46,0
792,47,1
792,48,0
792,49,0
793,0,1
793,1,0
793,2,0
793,3,0
793,4,0
793,5,0
793,6,0
793,7,0
793,8,1
793,9,0
793,10,0
793,11,0
793,12,0
793,13,0
793,14,0
793,15,1
793,16,0
793,17,0
793,18,0
793,19,1
793,20,0
793,21,0
793,22,1
793,23,0
793,24,0
793,25,0
793,26,0
793,27,0
793,28,0
793,29,0
793,30,1
793,31,0
793,32,0
793,33,0
793,34,1
793,35,0
793,36,0
793,37,0
793,38,0
793,39,0
793,40,0
793,41,0
793,42,1
793,43,0
793,44,0
793,45,0
793,46,0
793,47,1
793,48,0
793,49,0
794,0,0
794,1,0
794,2,0
794,3,0
794,4,0
794,5,0
794,6,0
794,7,0
794,8,1
794,9,0
794,10,0
794,11,0
794,12,0
794,13,0
794,14,1
794,15,0
794,16,0
794,17,0
794,18,1
794,19,0
794,20,0
794,21,1
794,22,0
794,23,0
794,24,0
794,25,0
794,26,0
794,27,0
794,28,0
794,29,0
794,30,0
794,31,1
794,32,0
794,33,0
794,34,1
794,35,0
794,36,0
794,37,0
794,38,0
794,39,0
794,40,0
794,41,0
794,42,0
794,43,0
794,44,1
794,45,0
794,46,0
794,47,0
794,48,0
794,49,0
795,0,1
795,1,0
795,2,0
795,3,0
795,4,0
795,5,0
795,6,0
795,7,0
795,8,0
795,9,0
795,10,0
795,11,0
795,12,0
795,13,0
795,14,0
795,15,0
795,16,0
795,17,0
795,18,0
795,19,0
795,20,0
795,21,0
795,22,0
795,23,0
795,24,0
795,25,0
795,26,0
795,27,0
795,28,0
795,29,1
795,30,0
795,31,1
795,32,0
795,33,1
795,34,0
795,35,0
795,36,0
795,37,1
795,38,0
795,39,0
795,40,1
795,41,0
795,42,0
795,43,1
795,44,0
795,45,0
795,46,0
795,47,1
795,48,0
795,49,0
796,0,1
796,1,0
796,2,0
796,3,1
796,4,0
796,5,0
796,6,0
796,7,0
796,8,0
796,9,0
796,10,0
796,11,1
796,12,0
796,13,1
796,14,0
796,15,0
796,16,0
796,17,0
796,18,0
796,19,0
796,20,0
796,21,1
796,22,0
796,23,0
796,24,0
796,25,0
796,26,0
796,27,0
796,28,0
796,29,0
796,30,0
796,31,0
796,32,0
796,33,0
796,34,0
796,35,0
796,36,1
796,37,1
796,38,0
796,39,1
796,40,0
796,41,0
796,42,0
796,43,0
796,44,0
796,45,1
796,46,1
796,47,0
796,48,0
796,49,0
797,0,0
797,1,0
797,2,0
797,3,1
797,4,1
797,5,0
797,6,0
797,7,0
797,8,1
797,9,1
797,10,1
797,11,0
797,12,0
797,13,0
797,14,0
797,15,0
797,16,0
797,17,0
797,18,0
797,19,0
797,20,0
797,21,0
797,22,0
797,23,0
797,24,0
797,25,0
797,26,0
797,27,1
797,28,0
797,29,0
797,30,1
797,31,0
797,32,0
797,33,0
797,34,1
797,35,0
797,36,0
797,37,0
797,38,0
797,39,0
797,40,0
797,41,1
797,42,0
797,43,0
797,44,0
797,45,0
797,46,0
797,47,1
797,48,1
797,49,0
798,0,0
798,1,0
798,2,0
798,3,0
798,4,0
798,5,0
798,6,0
798,7,0
798,8,0
798,9,0
798,10,0
798,11,0
798,12,0
798,13,0
798,14,1
798,15,1
798,16,0
798,17,0
798,18,1
798,19,0
798,20,0
798,21,1
798,22,0
798,23,0
798,24,1
798,25,0
798,26,0
798,27,0
798,28,0
798,29,0
798,30,0
798,31,0
798,32,0
798,33,1
798,34,1
798,35,0
798,36,0
798,37,0
798,38,0
798,39,0
798,40,0
798,41,0
798,42,0
798,43,0
798,44,0
798,45,0
798,46,0
798,47,0
798,48,0
798,49,0
799,0,0
799,1,0
799,2,1
799,3,1
799,4,0
799,5,0
799,6,0
799,7,0
799,8,0
799,9,0
799,10,0
799,11,0
799,12,1
799,13,0
799,14,1
799,15,0
799,16,0
799,17,0
799,18,0
799,19,0
799,20,0
799,21,0
799,22,0
799,23,1
799,24,0
799,25,1
799,26,0
799,27,0
799,28,0
799,29,0
799,30,0
799,31,0
799,32,0
799,33,1
799,34,0
799,35,0
799,36,0
799,37,0
799,38,0
799,39,1
799,40,0
799,41,0
799,42,0
799,43,0
799,44,0
799,45,0
799,46,0
799,47,0
799,48,0
799,49,0
800,0,0
800,1,1
800,2,0
800,3,1
800,4,0
800,5,0
800,6,0
800,7,0
800,8,0
800,9,0
800,10,0
800,11,0
800,12,1
800,13,0
800,14,0
800,15,0
800,16,0
800,17,0
800,18,0
800,19,0
800,20,1
800,21,1
800,22,0
800,23,0
800,24,0
800,25,1
800,26,0
800,27,1
800,28,0
800,29,1
800,30,1
800,31,0
800,32,0
800,33,1
800,34,0
800,35,0
800,36,0
800,37,0
800,38,0
800,39,0
800,40,0
800,41,0
800,42,0
800,43,1
800,44,0
800,45,0
800,46,0
800,47,0
800,48,0
800,49,0
801,0,0
801,1,0
801,2,1
801,3,1
801,4,0
801,5,0
801,6,0
801,7,1
801,8,0
801,9,0
801,10,0
801,11,0
801,12,1
801,13,0
801,14,0
801,15,0
801,16,0
801,17,0
801,18,0
801,19,0
801,20,0
801,21,0
801,22,0
801,23,0
801,24,0
801,25,0
801,26,1
801,27,0
801,28,0
801,29,0
801,30,0
801,31,0
801,32,0
801,33,0
801,34,0
801,35,0
801,36,0
801,37,0
801,38,0
801,39,0
801,40,1
801,41,0
801,42,0
801,43,1
801,44,1
801,45,0
801,46,0
801,47,0
801,48,0
801,49,0
802,0,0
802,1,0
802,2,1
802,3,0
802,4,0
802,5,1
802,6,0
802,7,0
802,8,0
802,9,0
802,10,0
802,11,0
802,12,0
802,13,0
802,14,0
802,15,1
802,16,0
802,17,0
802,18,0
802,19,1
802,20,0
802,21,1
802,22,0
802,23,0
802,24,0
802,25,0
802,26,0
802,27,0
802,28,0
802,29,0
802,30,0
802,31,0
802,32,0
802,33,1
802,34,0
802,35,0
802,36,1
802,37,0
802,38,0
802,39,0
802,40,0
802,41,0
802,42,0
802,43,0
802,44,0
802,45,0
802,46,0
802,47,0
802,48,0
802,49,0
803,0,1
803,1,0
803,2,0
803,3,0
803,4,0
803,5,0
803,6,1
803,7,0
803,8,0
803,9,1
803,10,1
803,11,0
803,12,0
803,13,0
803,14,0
803,15,0
803,16,0
803,17,0
803,18,0
803,19,0
803,20,0
803,21,1
803,22,0
803,23,0
803,24,0
803,25,0
803,26,0
803,27,0
803,28,1
803,29,0
803,30,0
803,31,1
803,32,0
803,33,1
803,34,1
803,35,1
803,36,0
803,37,1
803,38,0
803,39,0
803,40,0
803,41,0
803,42,0
803,43,0
803,44,0
803,45,0
803,46,1
803,47,1
803,48,0
803,49,0
804,0,1
804,1,1
804,2,0
804,3,0
804,4,0
804,5,0
804,6,0
804,7,0
804,8,0
804,9,0
804,10,1
804,11,0
804,12,0
804,13,0
804,14,0
804,15,0
804,16,0
804,17,0
804,18,0
804,19,0
804,20,0
804,21,1
804,22,1
804,23,0
804,24,0
804,25,0
804,26,0
804,27,0
804,28,1
804,29,0
804,30,0
804,31,0
804,32,0
804,33,1
804,34,0
804,35,0
804,36,0
804,37,0
804,38,1
804,39,0
804,40,1
804,41,0
804,42,0
804,43,0
804,44,1
804,45,0
804,46,0
804,47,0
804,48,0
804,49,0
805,0,0
805,1,0
805,2,1
805,3,0
805,4,0
805,5,1
805,6,0
805,7,0
805,8,0
805,9,0
805,10,0
805,11,1
805,12,0
805,13,0
805,14,1
805,15,0
805,16,0
805,17,0
805,18,1
805,19,0
805,20,0
805,21,1
805,22,0
805,23,1
805,24,0
805,25,0
805,26,1
805,27,0
805,28,0
805,29,0
805,30,0
805,31,0
805,32,0
805,33,1
805,34,1
805,35,0
805,36,1
805,37,1
805,38,0
805,39,1
805,40,0
805,41,0
805,42,0
805,43,0
805,44,0
805,45,0
805,46,0
805,47,0
805,48,0
805,49,1
806,0,1
806,1,0
806,2,1
806,3,0
806,4,0
806,5,0
806,6,1
806,7,0
806,8,0
806,9,1
806,10,0
806,11,1
806,12,0
806,13,0
806,14,0
806,15,0
806,16,0
806,17,0
806,18,0
806,19,0
806,20,0
806,21,0
806,22,1
806,23,1
806,24,0
806,25,0
806,26,1
806,27,0
806,28,0
806,29,0
806,30,1
806,31,0
806,32,0
806,33,0
806,34,0
806,35,0
806,36,0
806,37,0
806,38,0
806,39,0
806,40,0
806,41,0
806,42,1
806,43,1
806,44,0
806,45,0
806,46,0
806,47,1
806,48,0
806,49,0
807,0,0
807,1,1
807,2,1
807,3,1
807,4,0
807,5,0
807,6,0
807,7,0
807,8,0
807,9,1
807,10,0
807,11,0
807,12,1
807,13,0
807,14,0
807,15,0
807,16,1
807,17,0
807,18,0
807,19,0
807,20,0
807,21,0
807,22,0
807,23,0
807,24,0
807,25,0
807,26,0
807,27,0
807,28,0
807,29,0
807,30,0
807,31,1
807,32,0
807,33,0
807,34,0
807,35,0
807,36,0
807,37,0
807,38,0
807,39,1
807,40,0
807,41,0
807,42,0
807,43,1
807,44,0
807,45,0
807,46,0
807,47,0
807,48,0
807,49,0
808,0,0
808,1,0
808,2,0
808,3,0
808,4,0
808,5,0
808,6,1
808,7,0
808,8,0
808,9,0
808,10,0
808,11,0
808,12,0
808,13,0
808,14,0
808,15,0
808,16,0
808,17,0
808,18,0
808,19,0
808,20,0
808,21,1
808,22,0
808,23,0
808,24,0
808,25,0
808,26,1
808,27,0
808,28,1
808,29,0
808,30,0
808,31,0
808,32,0
808,33,1
808,34,0
808,35,1
808,36,1
808,37,0
808,38,0
808,39,1
808,40,0
808,41,0
808,42,0
808,43,0
808,44,0
808,45,0
808,46,0
808,47,0
808,48,0
808,49,0
809,0,1
809,1,0
809,2,0
809,3,1
809,4,0
809,5,0
809,6,0
809,7,0
809,8,0
809,9,0
809,10,0
809,11,0
809,12,1
809,13,0
809,14,0
809,15,0
809,16,0
809,17,0
809,18,0
809,19,0
809,20,0
809,21,0
809,22,1
809,23,1
809,24,1
809,25,0
809,26,0
809,27,0
809,28,1
809,29,0
809,30,0
809,31,1
809,32,0
809,33,0
809,34,0
809,35,0
809,36,0
809,37,0
809,38,0
809,39,0
809,40,0
809,41,0
809,42,1
809,43,1
809,44,0
809,45,0
809,46,0
809,47,1
809,48,0
809,49,1
810,0,1
810,1,0
810,2,1
810,3,0
810,4,1
810,5,0
810,6,1
810,7,0
810,8,0
810,9,0
810,10,1
810,11,0
810,12,0
810,13,1
810,14,0
810,15,0
810,16,1
810,17,0
810,18,0
810,19,0
810,20,1
810,21,0
810,22,0
810,23,0
810,24,0
810,25,0
810,26,0
810,27,0
810,28,0
810,29,1
810,30,1
810,31,0
810,32,0
810,33,0
810,34,0
810,35,0
810,36,1
810,37,0
810,38,0
810,39,0
810,40,0
810,41,0
810,42,0
810,43,0
810,44,0
810,45,0
810,46,0
810,47,1
810,48,1
810,49,0
811,0,0
811,1,0
811,2,1
811,3,0
811,4,0
811,5,0
811,6,1
811,7,0
811,8,0
811,9,0
811,10,1
811,11,0
811,12,0
811,13,0
811,14,0
811,15,0
811,16,0
811,17,0
811,18,0
811,19,0
811,20,1
811,21,1
811,22,0
811,23,0
811,24,1
811,25,0
811,26,0
811,27,0
811,28,0
811,29,0
811,30,0
811,31,0
811,32,0
811,33,0
811,34,0
811,35,0
811,36,0
811,37,0
811,38,0
811,39,1
811,40,0
811,41,0
811,42,0
811,43,0
811,44,1
811,45,0
811,46,0
811,47,1
811,48,0
811,49,0
812,0,0
812,1,0
812,2,0
812,3,0
812,4,0
812,5,0
812,6,0
812,7,0
812,8,0
812,9,0
812,10,0
812,11,0
812,12,0
812,13,0
812,14,1
812,15,0
812,16,0
812,17,0
812,18,0
812,19,0
812,20,0
812,21,0
812,22,0
812,23,0
812,24,0
812,25,0
812,26,0
812,27,0
812,28,0
812,29,0
812,30,1
812,31,0
812,32,0
812,33,0
812,34,0
812,35,1
812,36,0
812,37,0
812,38,1
812,39,0
812,40,0
812,41,0
812,42,0
812,43,0
812,44,0
812,45,0
812,46,0
812,47,1
812,48,0
812,49,0
813,0,1
813,1,0
813,2,1
813,3,0
813,4,0
813,5,0
813,6,0
813,7,0
813,8,0
813,9,0
813,10,0
813,11,0
813,12,0
813,13,0
813,14,0
813,15,1
813,16,0
813,17,1
813,18,0
813,19,0
813,20,1
813,21,0
813,22,0
813,23,0
813,24,0
813,25,0
813,26,0
813,27,0
813,28,1
813,29,0
813,30,0
813,31,1
813,32,0
813,33,0
813,34,0
813,35,0
813,36,0
813,37,0
813,38,1
813,39,1
813,40,0
813,41,0
813,42,1
813,43,0
813,44,1
813,45,0
813,46,0
813,47,0
813,48,0
813,49,0
814,0,0
814,1,0
814,2,0
814,3,0
814,4,0
814,5,0
814,6,0
814,7,0
814,8,0
814,9,0
814,10,0
814,11,0
814,12,1
814,13,0
814,14,0
814,15,0
814,16,0
814,17,0
814,18,0
814,19,0
814,20,0
814,21,0
814,22,1
814,23,0
814,24,0
814,25,0
814,26,0
814,27,0
814,28,0
814,29,0
814,30,1
814,31,0
814,32,1
814,33,1
814,34,0
814,35,0
814,36,0
814,37,0
814,38,0
814,39,0
814,40,0
814,41,0
814,42,1
814,43,0
814,44,0
814,45,0
814,46,0
814,47,1
814,48,0
814,49,0
815,0,0
815,1,0
815,2,0
815,3,0
815,4,0
815,5,0
815,6,0
815,7,0
815,8,0
815,9,1
815,10,0
815,11,1
815,12,0
815,13,1
815,14,0
815,15,0
815,16,0
815,17,1
815,18,1
815,19,0
815,20,0
815,21,0
815,22,1
815,23,1
815,24,0
815,25,0
815,26,0
815,27,0
815,28,0
815,29,0
815,30,1
815,31,0
815,32,1
815,33,1
815,34,1
815,35,0
815,36,0
815,37,0
815,38,0
815,39,0
815,40,0
815,41,0
815,42,0
815,43,0
815,44,0
815,45,0
815,46,0
815,47,0
815,48,0
815,49,1
816,0,0
816,1,0
816,2,0
816,3,0
816,4,0
816,5,0
816,6,1
816,7,0
816,8,0
816,9,0
816,10,0
816,11,1
816,12,1
816,13,0
816,14,0
816,15,0
816,16,0
816,17,0
816,18,0
816,19,0
816,20,0
816,21,0
816,22,0
816,23,0
816,24,0
816,25,0
816,26,0
816,27,0
816,28,0
816,29,0
816,30,1
816,31,0
816,32,0
816,33,0
816,34,0
816,35,0
816,36,0
816,37,0
816,38,0
816,39,0
816,40,0
816,41,0
816,42,0
816,43,1
816,44,0
816,45,0
816,46,0
816,47,1
816,48,0
816,49,0
817,0,0
817,1,0
817,2,1
817,3,0
817,4,0
817,5,0
817,6,0
817,7,0
817,8,0
817,9,0
817,10,0
817,11,1
817,12,0
817,13,1
817,14,0
817,15,0
817,16,0
817,17,0
817,18,1
817,19,0
817,20,0
817,21,0
817,22,1
817,23,0
817,24,0
817,25,0
817,26,0
817,27,0
817,28,0
817,29,0
817,30,0
817,31,0
817,32,0
817,33,0
817,34,0
817,35,0
817,36,0
817,37,0
817,38,0
817,39,0
817,40,0
817,41,0
817,42,1
817,43,0
817,44,0
817,45,0
817,46,0
817,47,0
817,48,0
817,49,0
818,0,0
818,1,0
818,2,0
818,3,0
818,4,0
818,5,0
818,6,0
818,7,0
818,8,0
818,9,0
818,10,0
818,11,1
818,12,0
818,13,0
818,14,1
818,15,1
818,16,0
818,17,1
818,18,0
818,19,0
818,20,0
818,21,0
818,22,0
818,23,0
818,24,0
818,25,0
818,26,0
818,27,0
818,28,0
818,29,1
818,30,0
818,31,1
818,32,0
818,33,1
818,34,0
818,35,0
818,36,0
818,37,0
818,38,0
818,39,0
818,40,0
818,41,0
818,42,1
818,43,0
818,44,0
818,45,0
818,46,0
818,47,0
818,48,1
818,49,0
819,0,1
819,1,0
819,2,1
819,3,1
819,4,0
819,5,1
819,6,1
819,7,0
819,8,1
819,9,0
819,10,0
819,11,1
819,12,1
819,13,0
819,14,0
819,15,0
819,16,0
819,17,0
819,18,1
819,19,0
819,20,0
819,21,0
819,22,0
819,23,0
819,24,0
819,25,0
819,26,0
819,27,0
819,28,0
819,29,0
819,30,0
819,31,1
819,32,0
819,33,1
819,34,0
819,35,0
819,36,0
819,37,1
819,38,0
819,39,0
819,40,0
819,41,0
819,42,0
819,43,0
819,44,0
819,45,1
819,46,0
819,47,0
819,48,0
819,49,0
820,0,0
820,1,0
820,2,0
820,3,0
820,4,0
820,5,0
820,6,0
820,7,0
820,8,0
820,9,0
820,10,1
820,11,0
820,12,1
820,13,0
820,14,0
820,15,1
820,16,0
820,17,0
820,18,0
820,19,0
820,20,1
820,21,0
820,22,0
820,23,1
820,24,0
820,25,0
820,26,0
820,27,0
820,28,0
820,29,0
820,30,0
820,31,0
820,32,1
820,33,0
820,34,0
820,35,0
820,36,0
820,37,0
820,38,0
820,39,0
820,40,0
820,41,0
820,42,1
820,43,0
820,44,0
820,45,0
820,46,0
820,47,0
820,48,1
820,49,0
821,0,0
821,1,0
821,2,0
821,3,0
821,4,1
821,5,0
821,6,0
821,7,0
821,8,1
821,9,0
821,10,0
821,11,0
821,12,1
821,13,0
821,14,0
821,15,0
821,16,0
821,17,0
821,18,0
821,19,0
821,20,1
821,21,0
821,22,0
821,23,0
821,24,0
821,25,0
821,26,0
821,27,0
821,28,1
821,29,0
821,30,0
821,31,0
821,32,0
821,33,1
821,34,1
821,35,0
821,36,1
821,37,0
821,38,0
821,39,1
821,40,0
821,41,0
821,42,0
821,43,0
821,44,0
821,45,0
821,46,0
821,47,1
821,48,0
821,49,1
822,0,0
822,1,0
822,2,0
822,3,0
822,4,0
822,5,0
822,6,0
822,7,0
822,8,0
822,9,0
822,10,0
822,11,0
822,12,1
822,13,0
822,14,0
822,15,0
822,16,0
822,17,1
822,18,0
822,19,0
822,20,0
822,21,0
822,22,0
822,23,0
822,24,1
822,25,0
822,26,0
822,27,0
822,28,0
822,29,0
822,30,0
822,31,1
822,32,0
822,33,0
822,34,0
822,35,1
822,36,0
822,37,0
822,38,0
822,39,0
822,40,0
822,41,0
822,42,0
822,43,0
822,44,1
822,45,0
822,46,0
822,47,0
822,48,1
822,49,0
823,0,0
823,1,1
823,2,0
823,3,0
823,4,0
823,5,0
823,6,0
823,7,0
823,8,1
823,9,0
823,10,0
823,11,0
823,12,0
823,13,0
823,14,0
823,15,0
823,16,0
823,17,0
823,18,0
823,19,0
823,20,0
823,21,0
823,22,0
823,23,1
823,24,0
823,25,0
823,26,0
823,27,0
823,28,1
823,29,0
823,30,1
823,31,1
823,32,0
823,33,0
823,34,0
823,35,0
823,36,0
823,37,0
823,38,0
823,39,1
823,40,0
823,41,0
823,42,0
823,43,0
823,44,1
823,45,0
823,46,0
823,47,0
823,48,0
823,49,0
824,0,1
824,1,0
824,2,1
824,3,0
824,4,0
824,5,0
824,6,0
824,7,0
824,8,0
824,9,0
824,10,1
824,11,0
824,12,0
824,13,0
824,14,1
824,15,0
824,16,0
824,17,0
824,18,1
824,19,0
824,20,0
824,21,1
824,22,0
824,23,0
824,24,0
824,25,1
824,26,1
824,27,0
824,28,0
824,29,0
824,30,0
824,31,1
824,32,0
824,33,1
824,34,1
824,35,0
824,36,0
824,37,0
824,38,0
824,39,0
824,40,0
824,41,0
824,42,0
824,43,0
824,44,0
824,45,1
824,46,0
824,47,0
824,48,0
824,49,0
825,0,0
825,1,0
825,2,0
825,3,0
825,4,0
825,5,0
825,6,0
825,7,0
825,8,0
825,9,1
825,10,0
825,11,0
825,12,0
825,13,0
825,14,1
825,15,0
825,16,0
825,17,0
825,18,0
825,19,0
825,20,0
825,21,1
825,22,0
825,23,0
825,24,0
825,25,0
825,26,0
825,27,1
825,28,0
825,29,0
825,30,0
825,31,0
825,32,1
825,33,0
825,34,1
825,35,0
825,36,0
825,37,1
825,38,0
825,39,0
825,40,0
825,41,1
825,42,0
825,43,0
825,44,0
825,45,0
825,46,0
825,47,0
825,48,0
825,49,0
826,0,1
826,1,0
826,2,0
826,3,0
826,4,0
826,5,0
826,6,0
826,7,0
826,8,1
826,9,0
826,10,0
826,11,0
826,12,0
826,13,1
826,14,0
826,15,0
826,16,0
826,17,0
826,18,0
826,19,0
826,20,0
826,21,1
826,22,0
826,23,1
826,24,0
826,25,0
826,26,0
826,27,0
826,28,0
826,29,0
826,30,0
826,31,0
826,32,0
826,33,1
826,34,0
826,35,0
826,36,0
826,37,0
826,38,0
826,39,0
826,40,0
826,41,0
826,42,0
826,43,0
826,44,0
826,45,0
826,46,1
826,47,1
826,48,0
826,49,0
827,0,0
827,1,0
827,2,1
827,3,0
827,4,0
827,5,0
827,6,0
827,7,0
827,8,0
827,9,0
827,10,1
827,11,1
827,12,0
827,13,0
827,14,0
827,15,1
827,16,0
827,17,0
827,18,0
827,19,0
827,20,1
827,21,1
827,22,0
827,23,0
827,24,1
827,25,0
827,26,1
827,27,0
827,28,0
827,29,0
827,30,0
827,31,0
827,32,0
827,33,0
827,34,1
827,35,0
827,36,0
827,37,0
827,38,0
827,39,0
827,40,0
827,41,0
827,42,0
827,43,0
827,44,0
827,45,0
827,46,0
827,47,1
827,48,0
827,49,1
828,0,0
828,1,0
828,2,0
828,3,0
828,4,0
828,5,0
828,6,1
828,7,0
828,8,0
828,9,0
828,10,0
828,11,0
828,12,0
828,13,0
828,14,0
828,15,0
828,16,0
828,17,0
828,18,0
828,19,0
828,20,0
828,21,0
828,22,0
828,23,0
828,24,0
828,25,0
828,26,0
828,27,0
828,28,0
828,29,0
828,30,0
828,31,1
828,32,0
828,33,1
828,34,0
828,35,0
828,36,0
828,37,0
828,38,1
828,39,0
828,40,0
828,41,0
828,42,0
828,43,1
828,44,0
828,45,0
828,46,0
828,47,0
828,48,1
828,49,0
829,0,0
829,1,0
829,2,0
829,3,0
829,4,0
829,5,1
829,6,1
829,7,0
829,8,1
829,9,0
829,10,0
829,11,0
829,12,0
829,13,0
829,14,1
829,15,0
829,16,0
829,17,1
829,18,0
829,19,0
829,20,0
829,21,0
829,22,0
829,23,0
829,24,0
829,25,1
829,26,0
829,27,0
829,28,0
829,29,0
829,30,1
829,31,0
829,32,0
829,33,0
829,34,0
829,35,0
829,36,0
829,37,0
829,38,0
829,39,0
829,40,0
829,41,0
829,42,0
829,43,0
829,44,0
829,45,0
829,46,1
829,47,1
829,48,0
829,49,0
830,0,0
830,1,0
830,2,0
830,3,0
830,4,0
830,5,0
830,6,0
830,7,0
830,8,0
830,9,0
830,10,0
830,11,0
830,12,1
830,13,0
830,14,1
830,15,0
830,16,0
830,17,1
830,18,1
830,19,0
830,20,0
830,21,1
830,22,0
830,23,1
830,24,0
830,25,0
830,26,0
830,27,1
830,28,0
830,29,1
830,30,0
830,31,0
830,32,0
830,33,0
830,34,1
830,35,0
830,36,1
830,37,0
830,38,1
830,39,1
830,40,0
830,41,0
830,42,0
830,43,0
830,44,0
830,45,0
830,46,0
830,47,0
830,48,0
830,49,0
831,0,0
831,1,0
831,2,0
831,3,0
831,4,1
831,5,0
831,6,0
831,7,0
831,8,1
831,9,0
831,10,0
831,11,0
831,12,1
831,13,0
831,14,1
831,15,1
831,16,0
831,17,0
831,18,0
831,19,0
831,20,0
831,21,0
831,22,0
831,23,0
831,24,0
831,25,1
831,26,0
831,27,0
831,28,0
831,29,0
831,30,0
831,31,0
831,32,0
831,33,1
831,34,0
831,35,0
831,36,0
831,37,1
831,38,0
831,39,0
831,40,0
831,41,0
831,42,0
831,43,0
831,44,0
831,45,1
831,46,0
831,47,0
831,48,0
831,49,0
832,0,0
832,1,0
832,2,0
832,3,0
832,4,1
832,5,0
832,6,0
832,7,0
832,8,1
832,9,0
832,10,0
832,11,0
832,12,0
832,13,0
832,14,0
832,15,0
832,16,0
832,17,0
832,18,0
832,19,0
832,20,0
832,21,1
832,22,0
832,23,0
832,24,0
832,25,0
832,26,0
832,27,0
832,28,0
832,29,0
832,30,0
832,31,1
832,32,0
832,33,1
832,34,0
832,35,0
832,36,0
832,37,0
832,38,0
832,39,0
832,40,0
832,41,0
832,42,0
832,43,0
832,44,1
832,45,0
832,46,0
832,47,0
832,48,0
832,49,1
833,0,0
833,1,1
833,2,0
833,3,1
833,4,1
833,5,0
833,6,0
833,7,0
833,8,1
833,9,0
833,10,1
833,11,0
833,12,0
833,13,0
833,14,1
833,15,0
833,16,0
833,17,0
833,18,0
833,19,0
833,20,0
833,21,0
833,22,1
833,23,0
833,24,0
833,25,0
833,26,0
833,27,0
833,28,0
833,29,0
833,30,1
833,31,0
833,32,0
833,33,0
833,34,0
833,35,0
833,36,1
833,37,0
833,38,0
833,39,0
833,40,0
833,41,1
833,42,0
833,43,0
833,44,1
833,45,0
833,46,0
833,47,1
833,48,0
833,49,0
834,0,0
834,1,1
834,2,1
834,3,0
834,4,1
834,5,0
834,6,0
834,7,0
834,8,0
834,9,0
834,10,0
834,11,0
834,12,0
834,13,0
834,14,1
834,15,0
834,16,0
834,17,0
834,18,0
834,19,0
834,20,0
834,21,0
834,22,0
834,23,0
834,24,0
834,25,1
834,26,0
834,27,0
834,28,0
834,29,0
834,30,1
834,31,1
834,32,1
834,33,0
834,34,0
834,35,0
834,36,0
834,37,0
834,38,0
834,39,0
834,40,0
834,41,0
834,42,1
834,43,1
834,44,0
834,45,0
834,46,0
834,47,1
834,48,0
834,49,0
835,0,0
835,1,0
835,2,0
835,3,0
835,4,0
835,5,0
835,6,0
835,7,0
835,8,0
835,9,0
835,10,0
835,11,0
835,12,1
835,13,0
835,14,0
835,15,1
835,16,0
835,17,0
835,18,0
835,19,0
835,20,1
835,21,1
835,22,0
835,23,0
835,24,0
835,25,0
835,26,0
835,27,0
835,28,0
835,29,0
835,30,0
835,31,0
835,32,0
835,33,0
835,34,0
835,35,0
835,36,0
835,37,0
835,38,0
835,39,0
835,40,0
835,41,0
835,42,0
835,43,0
835,44,0
835,45,0
835,46,0
835,47,0
835,48,1
835,49,0
836,0,0
836,1,0
836,2,1
836,3,0
836,4,0
836,5,0
836,6,0
836,7,0
836,8,0
836,9,0
836,10,1
836,11,1
836,12,0
836,13,0
836,14,0
836,15,0
836,16,0
836,17,0
836,18,0
836,19,0
836,20,1
836,21,0
836,22,0
836,23,1
836,24,0
836,25,0
836,26,0
836,27,0
836,28,0
836,29,0
836,30,0
836,31,0
836,32,0
836,33,1
836,34,0
836,35,0
836,36,0
836,37,0
836,38,1
836,39,0
836,40,0
836,41,1
836,42,0
836,43,0
836,44,0
836,45,0
836,46,0
836,47,0
836,48,0
836,49,0
837,0,0
837,1,0
837,2,0
837,3,0
837,4,0
837,5,0
837,6,0
837,7,0
837,8,0
837,9,0
837,10,0
837,11,1
837,12,0
837,13,0
837,14,0
837,15,0
837,16,0
837,17,0
837,18,0
837,19,0
837,20,1
837,21,0
837,22,0
837,23,0
837,24,0
837,25,0
837,26,0
837,27,0
837,28,0
837,29,1
837,30,1
837,31,0
837,32,0
837,33,0
837,34,0
837,35,0
837,36,0
837,37,0
837,38,0
837,39,0
837,40,0
837,41,0
837,42,0
837,43,0
837,44,0
837,45,0
837,46,0
837,47,0
837,48,0
837,49,0
838,0,0
838,1,1
838,2,0
838,3,0
838,4,0
838,5,0
838,6,1
838,7,0
838,8,0
838,9,0
838,10,0
838,11,1
838,12,0
838,13,0
838,14,0
838,15,0
838,16,0
838,17,0
838,18,0
838,19,0
838,20,1
838,21,0
838,22,0
838,23,0
838,24,0
838,25,0
838,26,0
838,27,0
838,28,0
838,29,0
838,30,0
838,31,0
838,32,0
838,33,0
838,34,0
838,35,0
838,36,0
838,37,0
838,38,0
838,39,0
838,40,0
838,41,0
838,42,0
838,43,0
838,44,0
838,45,0
838,46,0
838,47,0
838,48,0
838,49,0
839,0,1
839,1,0
839,2,0
839,3,0
839,4,0
839,5,0
839,6,0
839,7,0
839,8,0
839,9,1
839,10,0
839,11,1
839,12,1
839,13,0
839,14,0
839,15,0
839,16,0
839,17,0
839,18,0
839,19,0
839,20,0
839,21,0
839,22,0
839,23,0
839,24,0
839,25,0
839,26,0
839,27,0
839,28,1
839,29,0
839,30,0
839,31,0
839,32,0
839,33,1
839,34,0
839,35,0
839,36,0
839,37,0
839,38,0
839,39,0
839,40,0
839,41,0
839,42,0
839,43,0
839,44,0
839,45,0
839,46,0
839,47,0
839,48,0
839,49,0
840,0,0
840,1,1
840,2,1
840,3,0
840,4,0
840,5,0
840,6,0
840,7,0
840,8,0
840,9,0
840,10,0
840,11,0
840,12,1
840,13,0
840,14,0
840,15,0
840,16,0
840,17,1
840,18,0
840,19,1
840,20,0
840,21,0
840,22,1
840,23,0
840,24,0
840,25,0
840,26,0
840,27,0
840,28,1
840,29,0
840,30,0
840,31,1
840,32,1
840,33,0
840,34,0
840,35,1
840,36,0
840,37,0
840,38,1
840,39,0
840,40,0
840,41,0
840,42,0
840,43,0
840,44,0
840,45,0
840,46,0
840,47,1
840,48,0
840,49,0
841,0,0
841,1,0
841,2,1
841,3,0
841,4,1
841,5,0
841,6,1
841,7,0
841,8,0
841,9,0
841,10,0
841,11,0
841,12,0
841,13,0
841,14,0
841,15,1
841,16,1
841,17,0
841,18,0
841,19,0
841,20,1
841,21,1
841,22,0
841,23,0
841,24,0
841,25,0
841,26,0
841,27,0
841,28,0
841,29,0
841,30,0
841,31,1
841,32,0
841,33,0
841,34,0
841,35,0
841,36,0
841,37,0
841,38,0
841,39,0
841,40,1
841,41,0
841,42,0
841,43,0
841,44,1
841,45,0
841,46,0
841,47,0
841,48,0
841,49,0
842,0,0
842,1,0
842,2,0
842,3,0
842,4,0
842,5,1
842,6,0
842,7,0
842,8,1
842,9,0
842,10,0
842,11,1
842,12,0
842,13,0
842,14,1
842,15,0
842,16,0
842,17,0
842,18,1
842,19,0
842,20,1
842,21,0
842,22,0
842,23,0
842,24,0
842,25,0
842,26,0
842,27,1
842,28,0
842,29,0
842,30,0
842,31,1
842,32,0
842,33,0
842,34,0
842,35,0
842,36,1
842,37,0
842,38,0
842,39,0
842,40,0
842,41,0
842,42,0
842,43,1
842,44,1
842,45,0
842,46,0
842,47,0
842,48,0
842,49,0
843,0,1
843,1,0
843,2,1
843,3,0
843,4,1
843,5,0
843,6,0
843,7,0
843,8,1
843,9,0
843,10,0
843,11,0
843,12,1
843,13,0
843,14,1
843,15,0
843,16,0
843,17,0
843,18,0
843,19,0
843,20,1
843,21,1
843,22,0
843,23,1
843,24,0
843,25,0
843,26,1
843,27,0
843,28,0
843,29,0
843,30,0
843,31,1
843,32,0
843,33,1
843,34,0
843,35,0
843,36,1
843,37,0
843,38,0
843,39,0
843,40,0
843,41,0
843,42,0
843,43,1
843,44,0
843,45,0
843,46,0
843,47,0
843,48,0
843,49,0
844,0,0
844,1,0
844,2,1
844,3,1
844,4,0
844,5,0
844,6,0
844,7,0
844,8,0
844,9,0
844,10,0
844,11,1
844,12,1
844,13,0
844,14,0
844,15,0
844,16,0
844,17,1
844,18,0
844,19,0
844,20,1
844,21,0
844,22,0
844,23,0
844,24,0
844,25,0
844,26,0
844,27,0
844,28,0
844,29,0
844,30,0
844,31,0
844,32,0
844,33,1
844,34,0
844,35,0
844,36,0
844,37,0
844,38,1
844,39,0
844,40,0
844,41,0
844,42,0
844,43,0
844,44,1
844,45,0
844,46,1
844,47,0
844,48,1
844,49,0
845,0,0
845,1,0
845,2,0
845,3,0
845,4,0
845,5,0
845,6,0
845,7,0
845,8,0
845,9,0
845,10,0
845,11,0
845,12,0
845,13,0
845,14,1
845,15,0
845,16,0
845,17,0
845,18,0
845,19,0
845,20,1
845,21,0
845,22,0
845,23,0
845,24,0
845,25,1
845,26,0
845,27,0
845,28,1
845,29,0
845,30,0
845,31,0
845,32,0
845,33,0
845,34,0
845,35,0
845,36,1
845,37,1
845,38,0
845,39,0
845,40,0
845,41,0
845,42,0
845,43,0
845,44,0
845,45,1
845,46,0
845,47,0
845,48,1
845,49,0
846,0,0
846,1,0
846,2,0
846,3,0
846,4,0
846,5,1
846,6,0
846,7,0
846,8,1
846,9,0
846,10,0
846,11,0
846,12,0
846,13,0
846,14,0
846,15,0
846,16,0
846,17,0
846,18,1
846,19,0
846,20,1
846,21,0
846,22,0
846,23,0
846,24,0
846,25,0
846,26,0
846,27,0
846,28,0
846,29,0
846,30,0
846,31,0
846,32,0
846,33,0
846,34,0
846,35,0
846,36,1
846,37,0
846,38,0
846,39,1
846,40,0
846,41,1
846,42,0
846,43,0
846,44,0
846,45,0
846,46,0
846,47,0
846,48,0
846,49,0
847,0,1
847,1,0
847,2,0
847,3,0
847,4,0
847,5,0
847,6,1
847,7,0
847,8,0
847,9,0
847,10,0
847,11,0
847,12,0
847,13,0
847,14,0
847,15,0
847,16,0
847,17,0
847,18,1
847,19,0
847,20,0
847,21,0
847,22,0
847,23,0
847,24,0
847,25,0
847,26,0
847,27,0
847,28,0
847,29,0
847,30,0
847,31,0
847,32,0
847,33,0
847,34,0
847,35,0
847,36,0
847,37,0
847,38,0
847,39,0
847,40,0
847,41,0
847,42,0
847,43,0
847,44,0
847,45,0
847,46,0
847,47,1
847,48,0
847,49,0
848,0,0
848,1,0
848,2,0
848,3,0
848,4,1
848,5,1
848,6,0
848,7,0
848,8,0
848,9,0
848,10,0
848,11,0
848,12,0
848,13,0
848,14,1
848,15,0
848,16,0
848,17,0
848,18,0
848,19,0
848,20,0
848,21,0
848,22,0
848,23,0
848,24,0
848,25,0
848,26,0
848,27,0
848,28,0
848,29,0
848,30,1
848,31,0
848,32,0
848,33,0
848,34,0
848,35,0
848,36,0
848,37,0
848,38,1
848,39,0
848,40,0
848,41,0
848,42,0
848,43,0
848,44,0
848,45,0
848,46,0
848,47,1
848,48,0
848,49,0
849,0,1
849,1,0
849,2,0
849,3,0
849,4,1
849,5,0
849,6,0
849,7,0
849,8,1
849,9,0
849,10,0
849,11,0
849,12,1
849,13,0
849,14,1
849,15,1
849,16,0
849,17,0
849,18,1
849,19,0
849,20,0
849,21,0
849,22,0
849,23,1
849,24,0
849,25,0
849,26,0
849,27,0
849,28,0
849,29,1
849,30,0
849,31,0
849,32,0
849,33,0
849,34,0
849,35,0
849,36,0
849,37,1
849,38,0
849,39,1
849,40,0
849,41,1
849,42,0
849,43,1
849,44,1
849,45,0
849,46,0
849,47,0
849,48,0
849,49,0
850,0,1
850,1,0
850,2,0
850,3,0
850,4,0
850,5,0
850,6,0
850,7,0
850,8,1
850,9,0
850,10,0
850,11,0
850,12,1
850,13,0
850,14,1
850,15,0
850,16,0
850,17,0
850,18,1
850,19,0
850,20,1
850,21,0
850,22,0
850,23,0
850,24,0
850,25,0
850,26,0
850,27,0
850,28,0
850,29,0
850,30,0
850,31,0
850,32,0
850,33,0
850,34,0
850,35,0
850,36,0
850,37,0
850,38,0
850,39,0
850,40,0
850,41,0
850,42,0
850,43,0
850,44,0
850,45,0
850,46,0
850,47,0
850,48,0
850,49,0
851,0,0
851,1,0
851,2,0
851,3,1
851,4,0
851,5,0
851,6,0
851,7,0
851,8,1
851,9,0
851,10,0
851,11,0
851,12,0
851,13,0
851,14,0
851,15,1
851,16,0
851,17,0
851,18,0
851,19,0
851,20,0
851,21,0
851,22,0
851,23,0
851,24,1
851,25,1
851,26,0
851,27,0
851,28,0
851,29,1
851,30,1
851,31,1
851,32,0
851,33,0
851,34,1
851,35,1
851,36,0
851,37,0
851,38,0
851,39,0
851,40,0
851,41,1
851,42,0
851,43,0
851,44,0
851,45,0
851,46,0
851,47,0
851,48,0
851,49,0
852,0,0
852,1,0
852,2,0
852,3,0
852,4,0
852,5,0
852,6,1
852,7,0
852,8,0
852,9,0
852,10,1
852,11,0
852,12,0
852,13,0
852,14,1
852,15,0
852,16,0
852,17,0
852,18,1
852,19,0
852,20,1
852,21,1
852,22,0
852,23,0
852,24,0
852,25,0
852,26,1
852,27,0
852,28,0
852,29,0
852,30,1
852,31,0
852,32,0
852,33,0
852,34,0
852,35,0
852,36,0
852,37,1
852,38,0
852,39,1
852,40,0
852,41,0
852,42,0
852,43,0
852,44,0
852,45,0
852,46,0
852,47,0
852,48,1
852,49,0
853,0,1
853,1,0
853,2,0
853,3,0
853,4,1
853,5,0
853,6,0
853,7,1
853,8,0
853,9,0
853,10,0
853,11,0
853,12,1
853,13,0
853,14,0
853,15,0
853,16,0
853,17,0
853,18,0
853,19,0
853,20,0
853,21,0
853,22,1
853,23,0
853,24,0
853,25,0
853,26,1
853,27,0
853,28,0
853,29,0
853,30,0
853,31,0
853,32,0
853,33,0
853,34,0
853,35,0
853,36,0
853,37,0
853,38,0
853,39,0
853,40,0
853,41,0
853,42,0
853,43,1
853,44,0
853,45,0
853,46,0
853,47,0
853,48,1
853,49,0
854,0,0
854,1,0
854,2,0
854,3,0
854,4,0
854,5,0
854,6,0
854,7,0
854,8,0
854,9,1
854,10,0
854,11,0
854,12,0
854,13,0
854,14,0
854,15,1
854,16,0
854,17,0
854,18,0
854,19,1
854,20,0
854,21,0
854,22,1
854,23,0
854,24,0
854,25,0
854,26,0
854,27,1
854,28,0
854,29,0
854,30,0
854,31,1
854,32,0
854,33,0
854,34,0
854,35,0
854,36,0
854,37,1
854,38,0
854,39,0
854,40,1
854,41,1
854,42,0
854,43,1
854,44,0
854,45,0
854,46,0
854,47,0
854,48,1
854,49,1
855,0,0
855,1,0
855,2,0
855,3,1
855,4,0
855,5,1
855,6,1
855,7,0
855,8,1
855,9,0
855,10,1
855,11,0
855,12,1
855,13,0
855,14,0
855,15,0
855,16,0
855,17,0
855,18,1
855,19,0
855,20,0
855,21,1
855,22,0
855,23,0
855,24,0
855,25,0
855,26,0
855,27,0
855,28,0
855,29,0
855,30,0
855,31,0
855,32,1
855,33,1
855,34,1
855,35,0
855,36,0
855,37,0
855,38,0
855,39,0
855,40,0
855,41,0
855,42,0
855,43,0
855,44,0
855,45,0
855,46,0
855,47,0
855,48,0
855,49,0
856,0,0
856,1,0
856,2,0
856,3,0
856,4,0
856,5,0
856,6,0
856,7,0
856,8,0
856,9,1
856,10,1
856,11,1
856,12,1
856,13,0
856,14,0
856,15,1
856,16,0
856,17,1
856,18,0
856,19,0
856,20,0
856,21,0
856,22,0
856,23,0
856,24,0
856,25,1
856,26,0
856,27,0
856,28,0
856,29,1
856,30,1
856,31,0
856,32,0
856,33,1
856,34,0
856,35,0
856,36,0
856,37,0
856,38,0
856,39,0
856,40,0
856,41,1
856,42,0
856,43,0
856,44,0
856,45,0
856,46,0
856,47,1
856,48,0
856,49,0
857,0,0
857,1,0
857,2,0
857,3,1
857,4,0
857,5,0
857,6,0
857,7,0
857,8,1
857,9,0
857,10,0
857,11,1
857,12,0
857,13,0
857,14,0
857,15,0
857,16,0
857,17,1
857,18,1
857,19,0
857,20,0
857,21,0
857,22,0
857,23,1
857,24,0
857,25,0
857,26,0
857,27,0
857,28,0
857,29,0
857,30,0
857,31,0
857,32,1
857,33,0
857,34,0
857,35,0
857,36,0
857,37,1
857,38,0
857,39,0
857,40,0
857,41,0
857,42,0
857,43,0
857,44,0
857,45,0
857,46,0
857,47,0
857,48,0
857,49,0
858,0,0
858,1,0
858,2,0
858,3,0
858,4,0
858,5,0
858,6,0
858,7,1
858,8,0
858,9,0
858,10,0
858,11,1
858,12,1
858,13,0
858,14,0
858,15,0
858,16,0
858,17,1
858,18,1
858,19,0
858,20,1
858,21,0
858,22,0
858,23,1
858,24,0
858,25,0
858,26,0
858,27,0
858,28,1
858,29,0
858,30,0
858,31,0
858,32,0
858,33,0
858,34,0
858,35,0
858,36,0
858,37,0
858,38,0
858,39,1
858,40,1
858,41,0
858,42,0
858,43,0
858,44,0
858,45,0
858,46,0
858,47,0
858,48,0
858,49,0
859,0,0
859,1,0
859,2,0
859,3,0
859,4,0
859,5,0
859,6,0
859,7,0
859,8,0
859,9,0
859,10,0
859,11,0
859,12,1
859,13,0
859,14,0
859,15,0
859,16,0
859,17,0
859,18,0
859,19,0
859,20,0
859,21,0
859,22,0
859,23,0
859,24,0
859,25,0
859,26,0
859,27,1
859,28,0
859,29,0
859,30,0
859,31,0
859,32,1
859,33,0
859,34,1
859,35,0
859,36,0
859,37,0
859,38,1
859,39,0
859,40,0
859,41,0
859,42,1
859,43,0
859,44,0
859,45,0
859,46,0
859,47,0
859,48,0
859,49,0
860,0,0
860,1,0
860,2,1
860,3,0
860,4,1
860,5,0
860,6,1
860,7,0
860,8,0
860,9,1
860,10,1
860,11,0
860,12,0
860,13,0
860,14,0
860,15,0
860,16,0
860,17,1
860,18,0
860,19,0
860,20,0
860,21,0
860,22,1
860,23,0
860,24,0
860,25,0
860,26,0
860,27,0
860,28,0
860,29,0
860,30,0
860,31,0
860,32,0
860,33,0
860,34,0
860,35,1
860,36,0
860,37,0
860,38,0
860,39,0
860,40,1
860,41,0
860,42,1
860,43,1
860,44,0
860,45,1
860,46,0
860,47,0
860,48,1
860,49,0
861,0,0
861,1,0
861,2,0
861,3,0
861,4,0
861,5,0
861,6,0
861,7,0
861,8,0
861,9,0
861,10,0
861,11,1
861,12,0
861,13,0
861,14,0
861,15,0
861,16,0
861,17,0
861,18,0
861,19,0
861,20,0
861,21,0
861,22,1
861,23,0
861,24,0
861,25,0
861,26,0
861,27,0
861,28,0
861,29,0
861,30,0
861,31,0
861,32,0
861,33,0
861,34,0
861,35,0
861,36,0
861,37,1
861,38,0
861,39,0
861,40,0
861,41,0
861,42,0
861,43,0
861,44,0
861,45,0
861,46,0
861,47,0
861,48,0
861,49,0
862,0,0
862,1,0
862,2,1
862,3,0
862,4,0
862,5,1
862,6,0
862,7,1
862,8,0
862,9,0
862,10,0
862,11,0
862,12,0
862,13,0
862,14,0
862,15,0
862,16,0
862,17,0
862,18,0
862,19,1
862,20,1
862,21,0
862,22,0
862,23,0
862,24,0
862,25,1
862,26,0
862,27,0
862,28,0
862,29,0
862,30,1
862,31,1
862,32,0
862,33,1
862,34,0
862,35,0
862,36,0
862,37,1
862,38,0
862,39,0
862,40,0
862,41,0
862,42,1
862,43,0
862,44,1
862,45,0
862,46,0
862,47,0
862,48,0
862,49,0
863,0,1
863,1,0
863,2,0
863,3,0
863,4,0
863,5,0
863,6,0
863,7,1
863,8,1
863,9,0
863,10,0
863,11,0
863,12,0
863,13,0
863,14,1
863,15,0
863,16,0
863,17,0
863,18,0
863,19,0
863,20,0
863,21,1
863,22,1
863,23,0
863,24,0
863,25,0
863,26,0
863,27,0
863,28,1
863,29,0
863,30,0
863,31,1
863,32,0
863,33,0
863,34,0
863,35,0
863,36,0
863,37,0
863,38,0
863,39,0
863,40,0
863,41,0
863,42,0
863,43,0
863,44,0
863,45,0
863,46,0
863,47,1
863,48,0
863,49,0
864,0,0
864,1,0
864,2,0
864,3,0
864,4,0
864,5,0
864,6,0
864,7,0
864,8,0
864,9,0
864,10,0
864,11,0
864,12,1
864,13,0
864,14,0
864,15,1
864,16,1
864,17,0
864,18,0
864,19,0
864,20,0
864,21,0
864,22,1
864,23,0
864,24,1
864,25,0
864,26,1
864,27,0
864,28,0
864,29,0
864,30,1
864,31,0
864,32,0
864,33,1
864,34,0
864,35,0
864,36,0
864,37,0
864,38,0
864,39,1
864,40,0
864,41,0
864,42,0
864,43,0
864,44,0
864,45,1
864,46,0
864,47,0
864,48,0
864,49,0
865,0,0
865,1,0
865,2,0
865,3,0
865,4,0
865,5,0
865,6,0
865,7,0
865,8,1
865,9,0
865,10,0
865,11,1
865,12,0
865,13,0
865,14,1
865,15,0
865,16,0
865,17,1
865,18,0
865,19,1
865,20,0
865,21,0
865,22,0
865,23,1
865,24,0
865,25,0
865,26,0
865,27,0
865,28,0
865,29,0
865,30,1
865,31,0
865,32,0
865,33,0
865,34,0
865,35,0
865,36,0
865,37,0
865,38,0
865,39,0
865,40,0
865,41,0
865,42,1
865,43,0
865,44,1
865,45,0
865,46,0
865,47,0
865,48,0
865,49,0
866,0,0
866,1,0
866,2,1
866,3,0
866,4,0
866,5,1
866,6,0
866,7,0
866,8,0
866,9,0
866,10,0
866,11,1
866,12,0
866,13,0
866,14,0
866,15,0
866,16,0
866,17,0
866,18,0
866,19,0
866,20,0
866,21,0
866,22,0
866,23,0
866,24,0
866,25,0
866,26,0
866,27,0
866,28,0
866,29,0
866,30,1
866,31,0
866,32,0
866,33,1
866,34,0
866,35,0
866,36,0
866,37,0
866,38,0
866,39,0
866,40,0
866,41,0
866,42,0
866,43,0
866,44,1
866,45,0
866,46,0
866,47,0
866,48,0
866,49,0
867,0,1
867,1,0
867,2,0
867,3,1
867,4,0
867,5,1
867,6,0
867,7,0
867,8,0
867,9,0
867,10,0
867,11,0
867,12,1
867,13,0
867,14,1
867,15,0
867,16,0
867,17,0
867,18,0
867,19,0
867,20,0
867,21,0
867,22,0
867,23,1
867,24,0
867,25,0
867,26,0
867,27,0
867,28,0
867,29,0
867,30,0
867,31,0
867,32,0
867,33,1
867,34,1
867,35,0
867,36,1
867,37,0
867,38,0
867,39,0
867,40,0
867,41,1
867,42,0
867,43,0
867,44,0
867,45,0
867,46,0
867,47,0
867,48,0
867,49,0
868,0,1
868,1,0
868,2,0
868,3,1
868,4,0
868,5,0
868,6,0
868,7,0
868,8,0
868,9,0
868,10,0
868,11,0
868,12,0
868,13,0
868,14,1
868,15,0
868,16,0
868,17,0
868,18,1
868,19,0
868,20,0
868,21,1
868,22,1
868,23,0
868,24,0
868,25,0
868,26,0
868,27,0
868,28,1
868,29,0
868,30,0
868,31,0
868,32,0
868,33,0
868,34,0
868,35,0
868,36,0
868,37,0
868,38,0
868,39,0
868,40,0
868,41,0
868,42,0
868,43,1
868,44,0
868,45,0
868,46,0
868,47,0
868,48,0
868,49,0
869,0,0
869,1,0
869,2,1
869,3,1
869,4,0
869,5,0
869,6,1
869,7,0
869,8,1
869,9,0
869,10,1
869,11,0
869,12,0
869,13,0
869,14,0
869,15,0
869,16,0
869,17,0
869,18,0
869,19,0
869,20,0
869,21,0
869,22,0
869,23,0
869,24,0
869,25,0
869,26,0
869,27,0
869,28,0
869,29,0
869,30,0
869,31,0
869,32,0
869,33,1
869,34,1
869,35,0
869,36,0
869,37,0
869,38,0
869,39,0
869,40,0
869,41,0
869,42,1
869,43,1
869,44,1
869,45,0
869,46,0
869,47,0
869,48,0
869,49,0
870,0,1
870,1,0
870,2,1
870,3,0
870,4,0
870,5,0
870,6,0
870,7,0
870,8,0
870,9,0
870,10,0
870,11,0
870,12,0
870,13,0
870,14,0
870,15,0
870,16,0
870,17,0
870,18,0
870,19,0
870,20,1
870,21,0
870,22,0
870,23,0
870,24,0
870,25,0
870,26,1
870,27,0
870,28,0
870,29,0
870,30,0
870,31,0
870,32,0
870,33,1
870,34,0
870,35,0
870,36,0
870,37,1
870,38,0
870,39,1
870,40,0
870,41,0
870,42,0
870,43,0
870,44,1
870,45,0
870,46,0
870,47,0
870,48,0
870,49,0
871,0,0
871,1,0
871,2,1
871,3,0
871,4,0
871,5,0
871,6,0
871,7,0
871,8,0
871,9,0
871,10,0
871,11,0
871,12,0
871,13,0
871,14,0
871,15,1
871,16,0
871,17,0
871,18,1
871,19,0
871,20,1
871,21,1
871,22,0
871,23,0
871,24,1
871,25,0
871,26,0
871,27,0
871,28,0
871,29,0
871,30,0
871,31,0
871,32,1
871,33,0
871,34,0
871,35,0
871,36,0
871,37,1
871,38,0
871,39,0
871,40,0
871,41,0
871,42,0
871,43,0
871,44,0
871,45,0
871,46,0
871,47,0
871,48,0
871,49,0
872,0,0
872,1,0
872,2,1
872,3,1
872,4,0
872,5,0
872,6,1
872,7,0
872,8,0
872,9,0
872,10,0
872,11,0
872,12,0
872,13,0
872,14,0
872,15,0
872,16,0
872,17,1
872,18,0
872,19,0
872,20,0
872,21,0
872,22,0
872,23,0
872,24,0
872,25,1
872,26,0
872,27,0
872,28,0
872,29,0
872,30,0
872,31,0
872,32,0
872,33,0
872,34,0
872,35,0
872,36,1
872,37,0
872,38,0
872,39,0
872,40,1
872,41,0
872,42,0
872,43,0
872,44,1
872,45,0
872,46,0
872,47,0
872,48,0
872,49,0
873,0,0
873,1,0
873,2,1
873,3,0
873,4,0
873,5,0
873,6,1
873,7,1
873,8,0
873,9,0
873,10,0
873,11,0
873,12,0
873,13,0
873,14,0
873,15,1
873,16,0
873,17,0
873,18,0
873,19,0
873,20,0
873,21,0
873,22,0
873,23,0
873,24,0
873,25,0
873,26,0
873,27,0
873,28,0
873,29,0
873,30,0
873,31,1
873,32,0
873,33,0
873,34,0
873,35,0
873,36,0
873,37,0
873,38,0
873,39,0
873,40,0
873,41,0
873,42,0
873,43,0
873,44,1
873,45,0
873,46,0
873,47,0
873,48,1
873,49,0
874,0,0
874,1,0
874,2,0
874,3,1
874,4,0
874,5,0
874,6,0
874,7,0
874,8,1
874,9,0
874,10,1
874,11,0
874,12,1
874,13,0
874,14,0
874,15,0
874,16,0
874,17,0
874,18,1
874,19,0
874,20,0
874,21,1
874,22,1
874,23,0
874,24,0
874,25,0
874,26,0
874,27,0
874,28,0
874,29,0
874,30,1
874,31,1
874,32,0
874,33,0
874,34,0
874,35,0
874,36,0
874,37,1
874,38,0
874,39,1
874,40,0
874,41,0
874,42,0
874,43,0
874,44,0
874,45,0
874,46,0
874,47,1
874,48,0
874,49,0
875,0,0
875,1,0
875,2,0
875,3,0
875,4,1
875,5,0
875,6,0
875,7,0
875,8,0
875,9,0
875,10,0
875,11,1
875,12,0
875,13,0
875,14,0
875,15,0
875,16,0
875,17,0
875,18,0
875,19,0
875,20,0
875,21,0
875,22,1
875,23,1
875,24,0
875,25,1
875,26,1
875,27,0
875,28,0
875,29,1
875,30,1
875,31,0
875,32,0
875,33,0
875,34,0
875,35,0
875,36,0
875,37,0
875,38,0
875,39,0
875,40,0
875,41,0
875,42,0
875,43,1
875,44,0
875,45,0
875,46,0
875,47,0
875,48,0
875,49,0
876,0,0
876,1,0
876,2,1
876,3,0
876,4,0
876,5,0
876,6,0
876,7,1
876,8,1
876,9,0
876,10,0
876,11,0
876,12,0
876,13,0
876,14,0
876,15,0
876,16,0
876,17,0
876,18,0
876,19,0
876,20,0
876,21,0
876,22,0
876,23,1
876,24,1
876,25,0
876,26,1
876,27,0
876,28,0
876,29,0
876,30,1
876,31,0
876,32,0
876,33,1
876,34,0
876,35,0
876,36,0
876,37,0
876,38,0
876,39,0
876,40,0
876,41,0
876,42,0
876,43,0
876,44,0
876,45,0
876,46,0
876,47,0
876,48,0
876,49,1
877,0,0
877,1,0
877,2,1
877,3,0
877,4,0
877,5,0
877,6,0
877,7,0
877,8,1
877,9,0
877,10,0
877,11,1
877,12,0
877,13,0
877,14,1
877,15,0
877,16,0
877,17,0
877,18,0
877,19,0
877,20,0
877,21,0
877,22,1
877,23,1
877,24,1
877,25,0
877,26,1
877,27,1
877,28,0
877,29,0
877,30,0
877,31,0
877,32,0
877,33,0
877,34,0
877,35,0
877,36,0
877,37,0
877,38,0
877,39,0
877,40,0
877,41,0
877,42,0
877,43,0
877,44,0
877,45,0
877,46,0
877,47,0
877,48,1
877,49,0
878,0,0
878,1,0
878,2,1
878,3,0
878,4,0
878,5,0
878,6,0
878,7,0
878,8,0
878,9,1
878,10,1
878,11,0
878,12,0
878,13,0
878,14,0
878,15,0
878,16,0
878,17,0
878,18,0
878,19,1
878,20,1
878,21,1
878,22,1
878,23,0
878,24,0
878,25,0
878,26,0
878,27,0
878,28,0
878,29,1
878,30,0
878,31,1
878,32,0
878,33,0
878,34,0
878,35,0
878,36,0
878,37,0
878,38,0
878,39,0
878,40,0
878,41,0
878,42,0
878,43,0
878,44,0
878,45,0
878,46,0
878,47,0
878,48,0
878,49,1
879,0,0
879,1,0
879,2,0
879,3,0
879,4,0
879,5,1
879,6,0
879,7,0
879,8,0
879,9,0
879,10,0
879,11,1
879,12,0
879,13,0
879,14,0
879,15,0
879,16,0
879,17,1
879,18,0
879,19,0
879,20,0
879,21,1
879,22,1
879,23,0
879,24,0
879,25,0
879,26,0
879,27,0
879,28,0
879,29,0
879,30,0
879,31,0
879,32,0
879,33,0
879,34,1
879,35,0
879,36,0
879,37,1
879,38,0
879,39,0
879,40,0
879,41,0
879,42,0
879,43,1
879,44,1
879,45,0
879,46,0
879,47,0
879,48,0
879,49,0
880,0,0
880,1,0
880,2,0
880,3,0
880,4,0
880,5,0
880,6,0
880,7,0
880,8,1
880,9,0
880,10,0
880,11,0
880,12,1
880,13,0
880,14,0
880,15,1
880,16,0
880,17,0
880,18,0
880,19,0
880,20,0
880,21,0
880,22,0
880,23,0
880,24,0
880,25,1
880,26,1
880,27,0
880,28,1
880,29,0
880,30,0
880,31,0
880,32,0
880,33,0
880,34,0
880,35,0
880,36,0
880,37,0
880,38,0
880,39,0
880,40,0
880,41,0
880,42,0
880,43,0
880,44,0
880,45,1
880,46,0
880,47,0
880,48,0
880,49,0
881,0,0
881,1,0
881,2,0
881,3,1
881,4,1
881,5,1
881,6,0
881,7,0
881,8,0
881,9,0
881,10,0
881,11,0
881,12,0
881,13,0
881,14,1
881,15,1
881,16,0
881,17,0
881,18,0
881,19,0
881,20,1
881,21,0
881,22,0
881,23,0
881,24,0
881,25,0
881,26,0
881,27,0
881,28,1
881,29,0
881,30,0
881,31,0
881,32,0
881,33,0
881,34,1
881,35,0
881,36,0
881,37,0
881,38,0
881,39,0
881,40,0
881,41,0
881,42,0
881,43,1
881,44,0
881,45,1
881,46,0
881,47,0
881,48,0
881,49,0
882,0,0
882,1,0
882,2,1
882,3,0
882,4,0
882,5,0
882,6,0
882,7,0
882,8,0
882,9,1
882,10,0
882,11,1
882,12,0
882,13,0
882,14,1
882,15,1
882,16,0
882,17,0
882,18,0
882,19,0
882,20,0
882,21,1
882,22,0
882,23,0
882,24,0
882,25,1
882,26,0
882,27,0
882,28,1
882,29,0
882,30,1
882,31,0
882,32,0
882,33,0
882,34,0
882,35,1
882,36,0
882,37,0
882,38,0
882,39,0
882,40,0
882,41,0
882,42,0
882,43,1
882,44,0
882,45,0
882,46,0
882,47,0
882,48,0
882,49,0
883,0,1
883,1,0
883,2,1
883,3,0
883,4,0
883,5,1
883,6,0
883,7,0
883,8,0
883,9,0
883,10,0
883,11,1
883,12,1
883,13,0
883,14,1
883,15,0
883,16,0
883,17,0
883,18,0
883,19,0
883,20,1
883,21,0
883,22,0
883,23,0
883,24,0
883,25,0
883,26,0
883,27,0
883,28,0
883,29,0
883,30,0
883,31,0
883,32,0
883,33,0
883,34,0
883,35,0
883,36,1
883,37,0
883,38,0
883,39,0
883,40,0
883,41,0
883,42,0
883,43,0
883,44,0
883,45,0
883,46,0
883,47,0
883,48,0
883,49,0
884,0,0
884,1,1
884,2,0
884,3,0
884,4,0
884,5,0
884,6,0
884,7,0
884,8,1
884,9,0
884,10,0
884,11,0
884,12,0
884,13,0
884,14,0
884,15,1
884,16,1
884,17,0
884,18,0
884,19,0
884,20,1
884,21,1
884,22,0
884,23,0
884,24,1
884,25,0
884,26,0
884,27,0
884,28,1
884,29,0
884,30,0
884,31,0
884,32,0
884,33,0
884,34,1
884,35,0
884,36,0
884,37,0
884,38,0
884,39,0
884,40,0
884,41,0
884,42,0
884,43,0
884,44,0
884,45,0
884,46,0
884,47,0
884,48,1
884,49,0
885,0,0
885,1,0
885,2,1
885,3,0
885,4,0
885,5,0
885,6,1
885,7,0
885,8,0
885,9,0
885,10,0
885,11,1
885,12,0
885,13,0
885,14,0
885,15,0
885,16,0
885,17,0
885,18,0
885,19,0
885,20,0
885,21,0
885,22,0
885,23,0
885,24,0
885,25,0
885,26,0
885,27,0
885,28,1
885,29,0
885,30,0
885,31,0
885,32,0
885,33,0
885,34,1
885,35,0
885,36,0
885,37,0
885,38,0
885,39,0
885,40,0
885,41,0
885,42,1
885,43,0
885,44,0
885,45,0
885,46,1
885,47,0
885,48,1
885,49,0
886,0,1
886,1,0
886,2,1
886,3,1
886,4,0
886,5,0
886,6,1
886,7,0
886,8,1
886,9,0
886,10,0
886,11,0
886,12,0
886,13,0
886,14,0
886,15,0
886,16,0
886,17,0
886,18,0
886,19,0
886,20,0
886,21,0
886,22,0
886,23,0
886,24,0
886,25,0
886,26,0
886,27,0
886,28,1
886,29,0
886,30,0
886,31,0
886,32,0
886,33,1
886,34,0
886,35,0
886,36,0
886,37,1
886,38,0
886,39,0
886,40,0
886,41,0
886,42,0
886,43,0
886,44,0
886,45,0
886,46,0
886,47,1
886,48,0
886,49,0
887,0,1
887,1,0
887,2,1
887,3,0
887,4,0
887,5,0
887,6,1
887,7,0
887,8,1
887,9,0
887,10,1
887,11,0
887,12,1
887,13,0
887,14,1
887,15,0
887,16,0
887,17,1
887,18,1
887,19,0
887,20,1
887,21,1
887,22,0
887,23,0
887,24,0
887,25,0
887,26,0
887,27,0
887,28,1
887,29,0
887,30,0
887,31,0
887,32,0
887,33,0
887,34,0
887,35,0
887,36,0
887,37,0
887,38,0
887,39,0
887,40,0
887,41,0
887,42,0
887,43,0
887,44,0
887,45,0
887,46,0
887,47,0
887,48,0
887,49,1
888,0,0
888,1,0
888,2,0
888,3,0
888,4,0
888,5,1
888,6,1
888,7,0
888,8,0
888,9,0
888,10,1
888,11,1
888,12,0
888,13,0
888,14,0
888,15,0
888,16,0
888,17,0
888,18,0
888,19,0
888,20,0
888,21,0
888,22,0
888,23,0
888,24,0
888,25,0
888,26,0
888,27,0
888,28,0
888,29,0
888,30,0
888,31,0
888,32,0
888,33,0
888,34,0
888,35,1
888,36,0
888,37,0
888,38,0
888,39,1
888,40,0
888,41,0
888,42,0
888,43,0
888,44,0
888,45,0
888,46,0
888,47,1
888,48,0
888,49,0
889,0,0
889,1,0
889,2,0
889,3,0
889,4,0
889,5,0
889,6,0
889,7,0
889,8,0
889,9,0
889,10,1
889,11,0
889,12,0
889,13,0
889,14,0
889,15,1
889,16,0
889,17,0
889,18,1
889,19,0
889,20,1
889,21,0
889,22,1
889,23,0
889,24,0
889,25,1
889,26,1
889,27,1
889,28,0
889,29,0
889,30,0
889,31,1
889,32,0
889,33,0
889,34,0
889,35,0
889,36,0
889,37,0
889,38,1
889,39,0
889,40,0
889,41,0
889,42,0
889,43,1
889,44,0
889,45,0
889,46,0
889,47,0
889,48,0
889,49,0
890,0,0
890,1,0
890,2,0
890,3,0
890,4,0
890,5,1
890,6,1
890,7,0
890,8,1
890,9,0
890,10,0
890,11,0
890,12,0
890,13,1
890,14,0
890,15,0
890,16,0
890,17,0
890,18,0
890,19,1
890,20,0
890,21,0
890,22,0
890,23,0
890,24,0
890,25,0
890,26,0
890,27,0
890,28,0
890,29,1
890,30,1
890,31,0
890,32,0
890,33,0
890,34,1
890,35,1
890,36,0
890,37,0
890,38,0
890,39,0
890,40,0
890,41,0
890,42,0
890,43,0
890,44,1
890,45,1
890,46,1
890,47,0
890,48,1
890,49,0
891,0,0
891,1,1
891,2,0
891,3,0
891,4,0
891,5,0
891,6,0
891,7,0
891,8,1
891,9,0
891,10,0
891,11,0
891,12,1
891,13,0
891,14,0
891,15,1
891,16,0
891,17,0
891,18,1
891,19,0
891,20,0
891,21,0
891,22,0
891,23,0
891,24,0
891,25,0
891,26,0
891,27,1
891,28,1
891,29,0
891,30,0
891,31,0
891,32,0
891,33,1
891,34,0
891,35,0
891,36,0
891,37,0
891,38,0
891,39,1
891,40,0
891,41,0
891,42,0
891,43,0
891,44,0
891,45,0
891,46,0
891,47,0
891,48,0
891,49,0
892,0,1
892,1,0
892,2,1
892,3,0
892,4,0
892,5,0
892,6,0
892,7,0
892,8,0
892,9,0
892,10,0
892,11,0
892,12,0
892,13,0
892,14,1
892,15,0
892,16,0
892,17,0
892,18,0
892,19,0
892,20,0
892,21,1
892,22,1
892,23,0
892,24,1
892,25,0
892,26,0
892,27,0
892,28,0
892,29,0
892,30,0
892,31,0
892,32,0
892,33,0
892,34,0
892,35,0
892,36,0
892,37,0
892,38,1
892,39,1
892,40,0
892,41,0
892,42,0
892,43,0
892,44,0
892,45,0
892,46,0
892,47,1
892,48,1
892,49,0
893,0,0
893,1,0
893,2,0
893,3,0
893,4,0
893,5,1
893,6,0
893,7,0
893,8,0
893,9,0
893,10,0
893,11,0
893,12,0
893,13,0
893,14,0
893,15,0
893,16,0
893,17,0
893,18,0
893,19,0
893,20,0
893,21,1
893,22,0
893,23,0
893,24,0
893,25,0
893,26,0
893,27,0
893,28,0
893,29,0
893,30,0
893,31,1
893,32,0
893,33,0
893,34,0
893,35,0
893,36,0
893,37,0
893,38,0
893,39,0
893,40,0
893,41,0
893,42,0
893,43,0
893,44,0
893,45,0
893,46,0
893,47,1
893,48,1
893,49,0
894,0,0
894,1,0
894,2,1
894,3,1
894,4,0
894,5,0
894,6,0
894,7,0
894,8,0
894,9,0
894,10,1
894,11,0
894,12,0
894,13,0
894,14,0
894,15,0
894,16,0
894,17,0
894,18,0
894,19,0
894,20,0
894,21,0
894,22,1
894,23,0
894,24,1
894,25,0
894,26,0
894,27,0
894,28,1
894,29,0
894,30,1
894,31,0
894,32,0
894,33,0
894,34,0
894,35,0
894,36,0
894,37,1
894,38,0
894,39,0
894,40,0
894,41,0
894,42,1
894,43,0
894,44,0
894,45,0
894,46,0
894,47,1
894,48,0
894,49,0
895,0,0
895,1,0
895,2,0
895,3,1
895,4,0
895,5,1
895,6,0
895,7,0
895,8,0
895,9,0
895,10,0
895,11,0
895,12,0
895,13,0
895,14,0
895,15,0
895,16,0
895,17,0
895,18,0
895,19,0
895,20,0
895,21,0
895,22,1
895,23,0
895,24,1
895,25,0
895,26,0
895,27,0
895,28,0
895,29,0
895,30,0
895,31,0
895,32,0
895,33,1
895,34,0
895,35,0
895,36,0
895,37,1
895,38,0
895,39,0
895,40,1
895,41,0
895,42,1
895,43,0
895,44,0
895,45,0
895,46,0
895,47,0
895,48,0
895,49,0
896,0,1
896,1,1
896,2,0
896,3,1
896,4,0
896,5,1
896,6,0
896,7,0
896,8,1
896,9,0
896,10,1
896,11,0
896,12,1
896,13,0
896,14,0
896,15,1
896,16,0
896,17,0
896,18,1
896,19,1
896,20,1
896,21,1
896,22,1
896,23,1
896,24,1
896,25,0
896,26,0
896,27,0
896,28,0
896,29,1
896,30,0
896,31,0
896,32,0
896,33,0
896,34,0
896,35,0
896,36,0
896,37,0
896,38,0
896,39,0
896,40,0
896,41,0
896,42,0
896,43,0
896,44,0
896,45,0
896,46,1
896,47,0
896,48,0
896,49,0
897,0,1
897,1,1
897,2,0
897,3,0
897,4,1
897,5,0
897,6,0
897,7,0
897,8,0
897,9,0
897,10,0
897,11,0
897,12,0
897,13,1
897,14,0
897,15,0
897,16,0
897,17,0
897,18,0
897,19,0
897,20,1
897,21,0
897,22,0
897,23,0
897,24,0
897,25,0
897,26,1
897,27,1
897,28,0
897,29,0
897,30,0
897,31,0
897,32,0
897,33,0
897,34,1
897,35,0
897,36,0
897,37,0
897,38,0
897,39,0
897,40,0
897,41,0
897,42,1
897,43,0
897,44,0
897,45,0
897,46,1
897,47,1
897,48,0
897,49,0
898,0,0
898,1,0
898,2,0
898,3,0
898,4,0
898,5,0
898,6,0
898,7,0
898,8,0
898,9,0
898,10,0
898,11,0
898,12,0
898,13,0
898,14,0
898,15,0
898,16,0
898,17,0
898,18,0
898,19,1
898,20,0
898,21,1
898,22,1
898,23,0
898,24,1
898,25,0
898,26,0
898,27,0
898,28,0
898,29,0
898,30,0
898,31,1
898,32,0
898,33,0
898,34,0
898,35,0
898,36,0
898,37,0
898,38,0
898,39,1
898,40,0
898,41,0
898,42,1
898,43,0
898,44,1
898,45,0
898,46,0
898,47,0
898,48,0
898,49,1
899,0,0
899,1,1
899,2,1
899,3,0
899,4,0
899,5,0
899,6,0
899,7,0
899,8,0
899,9,0
899,10,0
899,11,0
899,12,0
899,13,1
899,14,1
899,15,1
899,16,0
899,17,0
899,18,1
899,19,0
899,20,0
899,21,1
899,22,0
899,23,0
899,24,0
899,25,1
899,26,0
899,27,0
899,28,0
899,29,0
899,30,0
899,31,0
899,32,0
899,33,1
899,34,0
899,35,0
899,36,0
899,37,1
899,38,1
899,39,1
899,40,0
899,41,0
899,42,0
899,43,0
899,44,1
899,45,0
899,46,0
899,47,0
899,48,0
899,49,0
900,0,0
900,1,0
900,2,0
900,3,0
900,4,0
900,5,0
900,6,0
900,7,0
900,8,1
900,9,0
900,10,0
900,11,0
900,12,0
900,13,0
900,14,1
900,15,0
900,16,0
900,17,0
900,18,0
900,19,1
900,20,1
900,21,0
900,22,0
900,23,0
900,24,0
900,25,0
900,26,1
900,27,0
900,28,1
900,29,0
900,30,0
900,31,1
900,32,0
900,33,0
900,34,0
900,35,0
900,36,0
900,37,0
900,38,0
900,39,0
900,40,0
900,41,0
900,42,0
900,43,0
900,44,1
900,45,1
900,46,0
900,47,0
900,48,0
900,49,0
901,0,1
901,1,1
901,2,0
901,3,0
901,4,0
901,5,0
901,6,0
901,7,0
901,8,0
901,9,0
901,10,0
901,11,0
901,12,1
901,13,0
901,14,0
901,15,1
901,16,1
901,17,0
901,18,0
901,19,0
901,20,0
901,21,0
901,22,0
901,23,0
901,24,1
901,25,1
901,26,0
901,27,0
901,28,1
901,29,1
901,30,0
901,31,0
901,32,0
901,33,1
901,34,0
901,35,0
901,36,0
901,37,0
901,38,0
901,39,0
901,40,0
901,41,0
901,42,1
901,43,0
901,44,0
901,45,0
901,46,0
901,47,0
901,48,0
901,49,1
902,0,0
902,1,0
902,2,0
902,3,0
902,4,1
902,5,0
902,6,0
902,7,0
902,8,0
902,9,0
902,10,0
902,11,0
902,12,0
902,13,1
902,14,1
902,15,1
902,16,0
902,17,0
902,18,1
902,19,0
902,20,0
902,21,0
902,22,0
902,23,0
902,24,0
902,25,1
902,26,0
902,27,0
902,28,0
902,29,0
902,30,0
902,31,0
902,32,0
902,33,0
902,34,0
902,35,0
902,36,0
902,37,0
902,38,0
902,39,0
902,40,0
902,41,1
902,42,1
902,43,0
902,44,0
902,45,0
902,46,0
902,47,0
902,48,1
902,49,1
903,0,0
903,1,0
903,2,0
903,3,0
903,4,0
903,5,1
903,6,0
903,7,0
903,8,0
903,9,0
903,10,0
903,11,0
903,12,0
903,13,0
903,14,0
903,15,0
903,16,0
903,17,0
903,18,0
903,19,0
903,20,0
903,21,1
903,22,1
903,23,0
903,24,1
903,25,0
903,26,0
903,27,0
903,28,0
903,29,0
903,30,0
903,31,0
903,32,0
903,33,0
903,34,0
903,35,0
903,36,0
903,37,0
903,38,0
903,39,1
903,40,0
903,41,0
903,42,0
903,43,0
903,44,0
903,45,0
903,46,0
903,47,0
903,48,1
903,49,0
904,0,0
904,1,0
904,2,1
904,3,0
904,4,0
904,5,0
904,6,0
904,7,0
904,8,0
904,9,0
904,10,0
904,11,0
904,12,0
904,13,0
904,14,0
904,15,1
904,16,0
904,17,0
904,18,1
904,19,1
904,20,0
904,21,0
904,22,0
904,23,0
904,24,1
904,25,1
904,26,0
904,27,0
904,28,0
904,29,1
904,30,0
904,31,0
904,32,0
904,33,0
904,34,0
904,35,0
904,36,1
904,37,1
904,38,0
904,39,1
904,40,0
904,41,1
904,42,0
904,43,0
904,44,0
904,45,0
904,46,0
904,47,0
904,48,0
904,49,0
905,0,0
905,1,1
905,2,0
905,3,0
905,4,1
905,5,1
905,6,0
905,7,0
905,8,0
905,9,0
905,10,0
905,11,0
905,12,0
905,13,0
905,14,0
905,15,0
905,16,0
905,17,0
905,18,1
905,19,0
905,20,0
905,21,1
905,22,0
905,23,0
905,24,0
905,25,1
905,26,0
905,27,0
905,28,0
905,29,0
905,30,0
905,31,0
905,32,0
905,33,0
905,34,0
905,35,0
905,36,0
905,37,0
905,38,0
905,39,1
905,40,0
905,41,0
905,42,1
905,43,1
905,44,1
905,45,0
905,46,0
905,47,0
905,48,0
905,49,0
906,0,1
906,1,0
906,2,0
906,3,0
906,4,0
906,5,0
906,6,0
906,7,0
906,8,0
906,9,0
906,10,0
906,11,0
906,12,0
906,13,0
906,14,0
906,15,1
906,16,0
906,17,0
906,18,1
906,19,0
906,20,0
906,21,0
906,22,0
906,23,0
906,24,0
906,25,0
906,26,1
906,27,0
906,28,0
906,29,0
906,30,0
906,31,0
906,32,0
906,33,0
906,34,0
906,35,0
906,36,0
906,37,0
906,38,0
906,39,0
906,40,0
906,41,1
906,42,0
906,43,0
906,44,0
906,45,1
906,46,0
906,47,0
906,48,1
906,49,0
907,0,0
907,1,0
907,2,0
907,3,0
907,4,0
907,5,0
907,6,0
907,7,0
907,8,0
907,9,0
907,10,0
907,11,0
907,12,0
907,13,0
907,14,0
907,15,0
907,16,0
907,17,0
907,18,0
907,19,0
907,20,0
907,21,0
907,22,1
907,23,0
907,24,1
907,25,0
907,26,1
907,27,0
907,28,1
907,29,0
907,30,0
907,31,0
907,32,0
907,33,0
907,34,0
907,35,0
907,36,0
907,37,0
907,38,0
907,39,0
907,40,0
907,41,1
907,42,0
907,43,1
907,44,1
907,45,1
907,46,0
907,47,0
907,48,0
907,49,0
908,0,0
908,1,1
908,2,1
908,3,0
908,4,0
908,5,0
908,6,0
908,7,0
908,8,1
908,9,0
908,10,1
908,11,0
908,12,0
908,13,0
908,14,1
908,15,0
908,16,0
908,17,0
908,18,0
908,19,0
908,20,1
908,21,0
908,22,0
908,23,0
908,24,0
908,25,0
908,26,0
908,27,0
908,28,0
908,29,0
908,30,1
908,31,0
908,32,0
908,33,0
908,34,0
908,35,0
908,36,0
908,37,1
908,38,0
908,39,0
908,40,0
908,41,0
908,42,0
908,43,1
908,44,0
908,45,0
908,46,0
908,47,1
908,48,0
908,49,1
909,0,0
909,1,0
909,2,0
909,3,0
909,4,0
909,5,0
909,6,0
909,7,1
909,8,0
909,9,0
909,10,0
909,11,0
909,12,1
909,13,0
909,14,1
909,15,0
909,16,0
909,17,0
909,18,0
909,19,0
909,20,0
909,21,0
909,22,0
909,23,0
909,24,0
909,25,0
909,26,0
909,27,0
909,28,1
909,29,0
909,30,0
909,31,0
909,32,0
909,33,0
909,34,0
909,35,0
909,36,0
909,37,0
909,38,0
909,39,0
909,40,0
909,41,0
909,42,0
909,43,1
909,44,0
909,45,0
909,46,0
909,47,0
909,48,0
909,49,0
910,0,0
910,1,0
910,2,0
910,3,0
910,4,0
910,5,0
910,6,0
910,7,0
910,8,0
910,9,0
910,10,0
910,11,0
910,12,1
910,13,0
910,14,0
910,15,0
910,16,0
910,17,0
910,18,0
910,19,0
910,20,0
910,21,0
910,22,0
910,23,0
910,24,0
910,25,0
910,26,0
910,27,0
910,28,0
910,29,1
910,30,0
910,31,1
910,32,0
910,33,0
910,34,0
910,35,1
910,36,1
910,37,0
910,38,0
910,39,0
910,40,0
910,41,0
910,42,0
910,43,0
910,44,1
910,45,0
910,46,1
910,47,0
910,48,1
910,49,0
911,0,0
911,1,0
911,2,0
911,3,0
911,4,0
911,5,0
911,6,0
911,7,0
911,8,0
911,9,0
911,10,0
911,11,0
911,12,0
911,13,0
911,14,0
911,15,0
911,16,0
911,17,0
911,18,0
911,19,0
911,20,0
911,21,1
911,22,0
911,23,0
911,24,0
911,25,0
911,26,0
911,27,0
911,28,0
911,29,0
911,30,0
911,31,1
911,32,0
911,33,0
911,34,0
911,35,0
911,36,1
911,37,0
911,38,0
911,39,0
911,40,0
911,41,0
911,42,1
911,43,0
911,44,0
911,45,1
911,46,1
911,47,0
911,48,0
911,49,0
912,0,0
912,1,1
912,2,1
912,3,0
912,4,0
912,5,0
912,6,0
912,7,0
912,8,0
912,9,0
912,10,0
912,11,1
912,12,1
912,13,0
912,14,0
912,15,0
912,16,0
912,17,0
912,18,0
912,19,1
912,20,0
912,21,1
912,22,0
912,23,0
912,24,0
912,25,0
912,26,0
912,27,0
912,28,1
912,29,0
912,30,1
912,31,0
912,32,1
912,33,0
912,34,0
912,35,0
912,36,0
912,37,0
912,38,0
912,39,0
912,40,0
912,41,0
912,42,0
912,43,1
912,44,0
912,45,0
912,46,0
912,47,0
912,48,0
912,49,0
913,0,0
913,1,0
913,2,1
913,3,0
913,4,0
913,5,0
913,6,0
913,7,0
913,8,1
913,9,1
913,10,0
913,11,0
913,12,0
913,13,0
913,14,0
913,15,1
913,16,0
913,17,0
913,18,0
913,19,0
913,20,0
913,21,0
913,22,0
913,23,0
913,24,0
913,25,0
913,26,1
913,27,0
913,28,1
913,29,0
913,30,0
913,31,0
913,32,0
913,33,1
913,34,1
913,35,0
913,36,0
913,37,0
913,38,0
913,39,0
913,40,0
913,41,0
913,42,1
913,43,0
913,44,1
913,45,0
913,46,0
913,47,0
913,48,0
913,49,1
914,0,0
914,1,0
914,2,0
914,3,0
914,4,0
914,5,0
914,6,0
914,7,0
914,8,0
914,9,0
914,10,1
914,11,0
914,12,1
914,13,0
914,14,0
914,15,0
914,16,0
914,17,1
914,18,0
914,19,0
914,20,0
914,21,1
914,22,1
914,23,0
914,24,0
914,25,0
914,26,0
914,27,0
914,28,0
914,29,0
914,30,1
914,31,0
914,32,0
914,33,1
914,34,0
914,35,0
914,36,0
914,37,0
914,38,0
914,39,0
914,40,0
914,41,1
914,42,0
914,43,0
914,44,0
914,45,0
914,46,0
914,47,1
914,48,0
914,49,1
915,0,1
915,1,0
915,2,1
915,3,0
915,4,0
915,5,1
915,6,0
915,7,0
915,8,0
915,9,0
915,10,0
915,11,0
915,12,1
915,13,0
915,14,0
915,15,0
915,16,0
915,17,0
915,18,0
915,19,0
915,20,1
915,21,1
915,22,0
915,23,0
915,24,0
915,25,0
915,26,0
915,27,0
915,28,0
915,29,0
915,30,0
915,31,0
915,32,0
915,33,0
915,34,0
915,35,0
915,36,0
915,37,0
915,38,0
915,39,0
915,40,0
915,41,1
915,42,0
915,43,0
915,44,1
915,45,0
915,46,0
915,47,0
915,48,0
915,49,0
916,0,1
916,1,0
916,2,0
916,3,1
916,4,1
916,5,0
916,6,0
916,7,0
916,8,0
916,9,0
916,10,0
916,11,0
916,12,0
916,13,0
916,14,1
916,15,1
916,16,0
916,17,0
916,18,0
916,19,0
916,20,0
916,21,1
916,22,1
916,23,0
916,24,0
916,25,0
916,26,0
916,27,1
916,28,1
916,29,0
916,30,0
916,31,0
916,32,0
916,33,1
916,34,0
916,35,0
916,36,0
916,37,0
916,38,0
916,39,1
916,40,0
916,41,0
916,42,0
916,43,0
916,44,0
916,45,0
916,46,0
916,47,0
916,48,0
916,49,0
917,0,0
917,1,0
917,2,0
917,3,0
917,4,0
917,5,0
917,6,0
917,7,0
917,8,0
917,9,1
917,10,0
917,11,0
917,12,0
917,13,0
917,14,0
917,15,0
917,16,0
917,17,0
917,18,1
917,19,1
917,20,0
917,21,0
917,22,1
917,23,0
917,24,0
917,25,1
917,26,0
917,27,0
917,28,1
917,29,1
917,30,0
917,31,0
917,32,0
917,33,0
917,34,0
917,35,0
917,36,0
917,37,0
917,38,0
917,39,0
917,40,0
917,41,1
917,42,0
917,43,0
917,44,1
917,45,0
917,46,0
917,47,0
917,48,0
917,49,0
918,0,0
918,1,0
918,2,1
918,3,0
918,4,0
918,5,0
918,6,1
918,7,0
918,8,0
918,9,0
918,10,0
918,11,0
918,12,0
918,13,0
918,14,1
918,15,0
918,16,0
918,17,1
918,18,0
918,19,0
918,20,1
918,21,0
918,22,1
918,23,1
918,24,1
918,25,0
918,26,0
918,27,0
918,28,0
918,29,1
918,30,0
918,31,1
918,32,0
918,33,0
918,34,0
918,35,0
918,36,0
918,37,0
918,38,0
918,39,1
918,40,0
918,41,0
918,42,0
918,43,0
918,44,0
918,45,0
918,46,0
918,47,0
918,48,0
918,49,0
919,0,1
919,1,0
919,2,1
919,3,0
919,4,0
919,5,0
919,6,0
919,7,0
919,8,0
919,9,0
919,10,0
919,11,0
919,12,0
919,13,0
919,14,0
919,15,1
919,16,0
919,17,0
919,18,0
919,19,0
919,20,0
919,21,0
919,22,1
919,23,0
919,24,0
919,25,0
919,26,0
919,27,0
919,28,0
919,29,0
919,30,0
919,31,0
919,32,0
919,33,0
919,34,0
919,35,0
919,36,1
919,37,0
919,38,0
919,39,0
919,40,0
919,41,0
919,42,0
919,43,0
919,44,1
919,45,0
919,46,0
919,47,0
919,48,0
919,49,0
920,0,0
920,1,0
920,2,0
920,3,1
920,4,0
920,5,0
920,6,0
920,7,1
920,8,0
920,9,0
920,10,0
920,11,1
920,12,0
920,13,0
920,14,1
920,15,0
920,16,0
920,17,0
920,18,0
920,19,0
920,20,0
920,21,0
920,22,0
920,23,0
920,24,1
920,25,0
920,26,0
920,27,0
920,28,0
920,29,0
920,30,0
920,31,1
920,32,0
920,33,1
920,34,0
920,35,0
920,36,0
920,37,0
920,38,1
920,39,0
920,40,0
920,41,0
920,42,0
920,43,0
920,44,0
920,45,0
920,46,0
920,47,0
920,48,0
920,49,1
921,0,0
921,1,0
921,2,1
921,3,0
921,4,0
921,5,0
921,6,0
921,7,0
921,8,0
921,9,0
921,10,0
921,11,0
921,12,0
921,13,0
921,14,0
921,15,0
921,16,0
921,17,0
921,18,0
921,19,0
921,20,0
921,21,0
921,22,0
921,23,1
921,24,1
921,25,0
921,26,0
921,27,0
921,28,0
921,29,1
921,30,0
921,31,1
921,32,0
921,33,0
921,34,0
921,35,0
921,36,0
921,37,0
921,38,0
921,39,0
921,40,0
921,41,1
921,42,0
921,43,0
921,44,1
921,45,0
921,46,0
921,47,1
921,48,0
921,49,1
922,0,0
922,1,0
922,2,0
922,3,0
922,4,0
922,5,0
922,6,0
922,7,0
922,8,0
922,9,0
922,10,0
922,11,0
922,12,0
922,13,0
922,14,1
922,15,0
922,16,0
922,17,0
922,18,1
922,19,0
922,20,0
922,21,1
922,22,0
922,23,1
922,24,0
922,25,1
922,26,0
922,27,0
922,28,0
922,29,1
922,30,0
922,31,0
922,32,1
922,33,0
922,34,0
922,35,0
922,36,0
922,37,0
922,38,0
922,39,0
922,40,0
922,41,0
922,42,1
922,43,0
922,44,0
922,45,0
922,46,0
922,47,0
922,48,1
922,49,0
923,0,1
923,1,1
923,2,0
923,3,0
923,4,0
923,5,1
923,6,0
923,7,0
923,8,1
923,9,0
923,10,0
923,11,0
923,12,0
923,13,0
923,14,0
923,15,1
923,16,0
923,17,1
923,18,0
923,19,0
923,20,0
923,21,0
923,22,0
923,23,0
923,24,0
923,25,0
923,26,0
923,27,0
923,28,0
923,29,0
923,30,1
923,31,1
923,32,0
923,33,0
923,34,1
923,35,0
923,36,0
923,37,0
923,38,0
923,39,0
923,40,0
923,41,0
923,42,0
923,43,1
923,44,0
923,45,0
923,46,0
923,47,1
923,48,0
923,49,0
924,0,0
924,1,0
924,2,0
924,3,1
924,4,0
924,5,0
924,6,0
924,7,0
924,8,0
924,9,0
924,10,1
924,11,0
924,12,0
924,13,0
924,14,1
924,15,0
924,16,0
924,17,1
924,18,0
924,19,1
924,20,0
924,21,0
924,22,0
924,23,1
924,24,1
924,25,0
924,26,0
924,27,0
924,28,0
924,29,0
924,30,0
924,31,1
924,32,0
924,33,0
924,34,0
924,35,1
924,36,0
924,37,0
924,38,0
924,39,0
924,40,0
924,41,0
924,42,0
924,43,1
924,44,1
924,45,0
924,46,0
924,47,0
924,48,0
924,49,0
925,0,1
925,1,0
925,2,0
925,3,0
925,4,0
925,5,0
925,6,0
925,7,0
925,8,0
925,9,0
925,10,0
925,11,0
925,12,0
925,13,0
925,14,0
925,15,0
925,16,0
925,17,0
925,18,0
925,19,0
925,20,0
925,21,0
925,22,0
925,23,0
925,24,0
925,25,0
925,26,0
925,27,0
925,28,1
925,29,0
925,30,0
925,31,0
925,32,0
925,33,0
925,34,0
925,35,0
925,36,0
925,37,0
925,38,0
925,39,1
925,40,0
925,41,0
925,42,0
925,43,0
925,44,1
925,45,0
925,46,0
925,47,1
925,48,0
925,49,0
926,0,0
926,1,1
926,2,0
926,3,0
926,4,0
926,5,0
926,6,0
926,7,0
926,8,0
926,9,0
926,10,0
926,11,0
926,12,0
926,13,0
926,14,0
926,15,1
926,16,0
926,17,0
926,18,0
926,19,0
926,20,0
926,21,0
926,22,0
926,23,1
926,24,0
926,25,0
926,26,1
926,27,0
926,28,1
926,29,0
926,30,0
926,31,0
926,32,0
926,33,1
926,34,0
926,35,1
926,36,0
926,37,0
926,38,0
926,39,0
926,40,1
926,41,0
926,42,1
926,43,0
926,44,1
926,45,0
926,46,0
926,47,1
926,48,1
926,49,1
927,0,0
927,1,0
927,2,0
927,3,0
927,4,0
927,5,0
927,6,0
927,7,0
927,8,1
927,9,0
927,10,0
927,11,0
927,12,0
927,13,0
927,14,0
927,15,0
927,16,0
927,17,0
927,18,0
927,19,1
927,20,1
927,21,0
927,22,0
927,23,1
927,24,0
927,25,0
927,26,0
927,27,0
927,28,0
927,29,0
927,30,0
927,31,0
927,32,0
927,33,1
927,34,0
927,35,0
927,36,0
927,37,1
927,38,0
927,39,1
927,40,0
927,41,0
927,42,1
927,43,1
927,44,0
927,45,0
927,46,0
927,47,0
927,48,1
927,49,0
928,0,0
928,1,0
928,2,1
928,3,0
928,4,0
928,5,0
928,6,0
928,7,0
928,8,1
928,9,0
928,10,0
928,11,0
928,12,0
928,13,0
928,14,1
928,15,1
928,16,0
928,17,0
928,18,0
928,19,0
928,20,1
928,21,1
928,22,0
928,23,0
928,24,0
928,25,0
928,26,0
928,27,1
928,28,0
928,29,1
928,30,0
928,31,0
928,32,1
928,33,0
928,34,0
928,35,1
928,36,0
928,37,0
928,38,0
928,39,0
928,40,0
928,41,0
928,42,0
928,43,0
928,44,0
928,45,0
928,46,1
928,47,0
928,48,0
928,49,0
929,0,0
929,1,0
929,2,0
929,3,1
929,4,0
929,5,0
929,6,0
929,7,0
929,8,0
929,9,0
929,10,0
929,11,0
929,12,0
929,13,0
929,14,0
929,15,1
929,16,0
929,17,0
929,18,0
929,19,0
929,20,0
929,21,0
929,22,0
929,23,0
929,24,0
929,25,0
929,26,0
929,27,0
929,28,1
929,29,0
929,30,1
929,31,0
929,32,0
929,33,0
929,34,0
929,35,0
929,36,0
929,37,1
929,38,0
929,39,0
929,40,0
929,41,0
929,42,0
929,43,1
929,44,0
929,45,0
929,46,0
929,47,0
929,48,0
929,49,1
930,0,0
930,1,0
930,2,0
930,3,0
930,4,1
930,5,0
930,6,0
930,7,0
930,8,0
930,9,0
930,10,0
930,11,1
930,12,0
930,13,1
930,14,0
930,15,1
930,16,0
930,17,0
930,18,0
930,19,0
930,20,0
930,21,0
930,22,0
930,23,0
930,24,0
930,25,0
930,26,0
930,27,0
930,28,0
930,29,0
930,30,1
930,31,0
930,32,0
930,33,0
930,34,0
930,35,0
930,36,0
930,37,1
930,38,0
930,39,0
930,40,0
930,41,1
930,42,0
930,43,0
930,44,0
930,45,0
930,46,0
930,47,0
930,48,0
930,49,0
931,0,0
931,1,0
931,2,0
931,3,0
931,4,0
931,5,0
931,6,1
931,7,0
931,8,1
931,9,0
931,10,0
931,11,1
931,12,0
931,13,0
931,14,1
931,15,0
931,16,0
931,17,0
931,18,0
931,19,0
931,20,0
931,21,1
931,22,0
931,23,0
931,24,0
931,25,0
931,26,0
931,27,0
931,28,0
931,29,0
931,30,0
931,31,0
931,32,0
931,33,0
931,34,0
931,35,0
931,36,0
931,37,1
931,38,0
931,39,0
931,40,0
931,41,0
931,42,0
931,43,0
931,44,1
931,45,1
931,46,0
931,47,0
931,48,1
931,49,0
932,0,0
932,1,0
932,2,0
932,3,0
932,4,0
932,5,0
932,6,0
932,7,0
932,8,1
932,9,0
932,10,0
932,11,1
932,12,0
932,13,0
932,14,0
932,15,1
932,16,0
932,17,0
932,18,0
932,19,0
932,20,1
932,21,1
932,22,0
932,23,0
932,24,0
932,25,1
932,26,0
932,27,0
932,28,0
932,29,0
932,30,0
932,31,0
932,32,1
932,33,1
932,34,0
932,35,0
932,36,0
932,37,0
932,38,0
932,39,0
932,40,0
932,41,0
932,42,0
932,43,0
932,44,0
932,45,0
932,46,0
932,47,0
932,48,0
932,49,0
933,0,0
933,1,1
933,2,0
933,3,0
933,4,0
933,5,0
933,6,0
933,7,0
933,8,1
933,9,0
933,10,0
933,11,0
933,12,1
933,13,1
933,14,0
933,15,0
933,16,0
933,17,0
933,18,0
933,19,0
933,20,1
933,21,0
933,22,0
933,23,0
933,24,0
933,25,1
933,26,0
933,27,0
933,28,0
933,29,1
933,30,0
933,31,1
933,32,0
933,33,0
933,34,0
933,35,0
933,36,0
933,37,0
933,38,0
933,39,0
933,40,0
933,41,0
933,42,1
933,43,0
933,44,0
933,45,0
933,46,0
933,47,0
933,48,0
933,49,0
934,0,1
934,1,0
934,2,1
934,3,0
934,4,0
934,5,0
934,6,0
934,7,0
934,8,0
934,9,0
934,10,0
934,11,1
934,12,0
934,13,0
934,14,0
934,15,0
934,16,0
934,17,1
934,18,1
934,19,0
934,20,0
934,21,0
934,22,1
934,23,0
934,24,1
934,25,0
934,26,0
934,27,0
934,28,0
934,29,0
934,30,0
934,31,0
934,32,0
934,33,0
934,34,0
934,35,0
934,36,0
934,37,0
934,38,0
934,39,0
934,40,0
934,41,0
934,42,0
934,43,0
934,44,1
934,45,0
934,46,1
934,47,0
934,48,0
934,49,0
935,0,0
935,1,0
935,2,1
935,3,1
935,4,0
935,5,0
935,6,0
935,7,0
935,8,0
935,9,1
935,10,0
935,11,0
935,12,1
935,13,0
935,14,0
935,15,1
935,16,0
935,17,0
935,18,0
935,19,0
935,20,1
935,21,0
935,22,0
935,23,0
935,24,0
935,25,0
935,26,0
935,27,0
935,28,0
935,29,0
935,30,1
935,31,0
935,32,0
935,33,0
935,34,0
935,35,0
935,36,0
935,37,1
935,38,0
935,39,1
935,40,0
935,41,0
935,42,0
935,43,0
935,44,0
935,45,0
935,46,0
935,47,1
935,48,0
935,49,0
936,0,1
936,1,0
936,2,1
936,3,1
936,4,1
936,5,1
936,6,0
936,7,0
936,8,0
936,9,0
936,10,0
936,11,0
936,12,0
936,13,0
936,14,0
936,15,0
936,16,0
936,17,0
936,18,0
936,19,1
936,20,0
936,21,1
936,22,0
936,23,1
936,24,0
936,25,0
936,26,0
936,27,1
936,28,0
936,29,0
936,30,1
936,31,0
936,32,0
936,33,0
936,34,0
936,35,0
936,36,0
936,37,0
936,38,0
936,39,0
936,40,0
936,41,0
936,42,0
936,43,0
936,44,1
936,45,0
936,46,0
936,47,0
936,48,0
936,49,0
937,0,0
937,1,1
937,2,0
937,3,1
937,4,0
937,5,0
937,6,0
937,7,0
937,8,1
937,9,0
937,10,0
937,11,0
937,12,0
937,13,0
937,14,0
937,15,1
937,16,0
937,17,0
937,18,0
937,19,0
937,20,0
937,21,0
937,22,0
937,23,0
937,24,0
937,25,0
937,26,0
937,27,1
937,28,0
937,29,0
937,30,0
937,31,1
937,32,0
937,33,0
937,34,0
937,35,0
937,36,0
937,37,0
937,38,0
937,39,0
937,40,0
937,41,0
937,42,0
937,43,0
937,44,0
937,45,0
937,46,0
937,47,1
937,48,0
937,49,0
938,0,1
938,1,0
938,2,1
938,3,1
938,4,0
938,5,1
938,6,0
938,7,0
938,8,0
938,9,0
938,10,1
938,11,0
938,12,1
938,13,0
938,14,0
938,15,0
938,16,0
938,17,0
938,18,1
938,19,1
938,20,0
938,21,1
938,22,1
938,23,0
938,24,0
938,25,0
938,26,0
938,27,0
938,28,0
938,29,0
938,30,0
938,31,0
938,32,0
938,33,1
938,34,0
938,35,1
938,36,0
938,37,0
938,38,0
938,39,0
938,40,0
938,41,0
938,42,0
938,43,0
938,44,0
938,45,0
938,46,0
938,47,0
938,48,0
938,49,1
939,0,0
939,1,0
939,2,0
939,3,0
939,4,0
939,5,0
939,6,0
939,7,0
939,8,0
939,9,0
939,10,0
939,11,0
939,12,1
939,13,0
939,14,0
939,15,0
939,16,0
939,17,0
939,18,0
939,19,0
939,20,0
939,21,0
939,22,0
939,23,0
939,24,0
939,25,0
939,26,0
939,27,0
939,28,0
939,29,0
939,30,0
939,31,0
939,32,1
939,33,0
939,34,0
939,35,0
939,36,0
939,37,0
939,38,0
939,39,0
939,40,0
939,41,0
939,42,0
939,43,0
939,44,0
939,45,0
939,46,0
939,47,0
939,48,1
939,49,0
940,0,0
940,1,0
940,2,1
940,3,1
940,4,0
940,5,1
940,6,0
940,7,0
940,8,1
940,9,1
940,10,0
940,11,1
940,12,0
940,13,0
940,14,0
940,15,0
940,16,0
940,17,0
940,18,0
940,19,0
940,20,0
940,21,1
940,22,1
940,23,0
940,24,0
940,25,0
940,26,1
940,27,0
940,28,0
940,29,0
940,30,0
940,31,0
940,32,0
940,33,0
940,34,0
940,35,0
940,36,1
940,37,0
940,38,0
940,39,0
940,40,0
940,41,0
940,42,0
940,43,1
940,44,0
940,45,0
940,46,0
940,47,0
940,48,0
940,49,0
941,0,1
941,1,0
941,2,1
941,3,0
941,4,0
941,5,0
941,6,0
941,7,0
941,8,0
941,9,0
941,10,0
941,11,0
941,12,0
941,13,0
941,14,1
941,15,0
941,16,0
941,17,0
941,18,1
941,19,0
941,20,0
941,21,1
941,22,0
941,23,0
941,24,1
941,25,0
941,26,1
941,27,0
941,28,0
941,29,0
941,30,0
941,31,1
941,32,0
941,33,0
941,34,0
941,35,0
941,36,0
941,37,1
941,38,0
941,39,0
941,40,0
941,41,0
941,42,0
941,43,1
941,44,0
941,45,0
941,46,0
941,47,0
941,48,1
941,49,0
942,0,0
942,1,0
942,2,0
942,3,1
942,4,0
942,5,0
942,6,0
942,7,0
942,8,0
942,9,0
942,10,0
942,11,0
942,12,0
942,13,0
942,14,0
942,15,0
942,16,0
942,17,0
942,18,1
942,19,0
942,20,1
942,21,0
942,22,0
942,23,0
942,24,0
942,25,0
942,26,0
942,27,0
942,28,0
942,29,0
942,30,0
942,31,1
942,32,0
942,33,0
942,34,1
942,35,0
942,36,0
942,37,0
942,38,0
942,39,0
942,40,0
942,41,0
942,42,0
942,43,0
942,44,0
942,45,0
942,46,0
942,47,0
942,48,0
942,49,0
943,0,0
943,1,0
943,2,0
943,3,1
943,4,0
943,5,0
943,6,0
943,7,0
943,8,0
943,9,0
943,10,0
943,11,0
943,12,1
943,13,0
943,14,0
943,15,1
943,16,0
943,17,0
943,18,0
943,19,0
943,20,0
943,21,1
943,22,0
943,23,0
943,24,0
943,25,0
943,26,0
943,27,0
943,28,0
943,29,0
943,30,0
943,31,0
943,32,0
943,33,0
943,34,0
943,35,0
943,36,0
943,37,0
943,38,0
943,39,0
943,40,0
943,41,0
943,42,0
943,43,1
943,44,0
943,45,0
943,46,0
943,47,0
943,48,1
943,49,0
944,0,0
944,1,0
944,2,0
944,3,0
944,4,0
944,5,0
944,6,0
944,7,0
944,8,0
944,9,0
944,10,0
944,11,0
944,12,0
944,13,0
944,14,0
944,15,0
944,16,0
944,17,0
944,18,1
944,19,0
944,20,0
944,21,0
944,22,0
944,23,0
944,24,0
944,25,0
944,26,0
944,27,0
944,28,1
944,29,1
944,30,0
944,31,0
944,32,1
944,33,0
944,34,0
944,35,0
944,36,0
944,37,0
944,38,0
944,39,0
944,40,0
944,41,0
944,42,0
944,43,0
944,44,0
944,45,0
944,46,0
944,47,1
944,48,0
944,49,0
945,0,0
945,1,0
945,2,0
945,3,0
945,4,0
945,5,0
945,6,1
945,7,1
945,8,0
945,9,0
945,10,0
945,11,1
945,12,0
945,13,0
945,14,1
945,15,0
945,16,0
945,17,0
945,18,0
945,19,0
945,20,0
945,21,1
945,22,1
945,23,0
945,24,0
945,25,0
945,26,0
945,27,1
945,28,0
945,29,1
945,30,1
945,31,0
945,32,1
945,33,0
945,34,0
945,35,0
945,36,0
945,37,0
945,38,1
945,39,0
945,40,0
945,41,0
945,42,0
945,43,0
945,44,0
945,45,0
945,46,0
945,47,0
945,48,0
945,49,0
946,0,0
946,1,1
946,2,0
946,3,0
946,4,0
946,5,0
946,6,0
946,7,0
946,8,0
946,9,0
946,10,0
946,11,0
946,12,0
946,13,0
946,14,1
946,15,0
946,16,0
946,17,0
946,18,0
946,19,0
946,20,0
946,21,0
946,22,0
946,23,0
946,24,0
946,25,0
946,26,0
946,27,0
946,28,0
946,29,0
946,30,1
946,31,0
946,32,1
946,33,1
946,34,0
946,35,0
946,36,1
946,37,1
946,38,0
946,39,0
946,40,0
946,41,0
946,42,0
946,43,0
946,44,1
946,45,0
946,46,1
946,47,0
946,48,0
946,49,0
947,0,0
947,1,0
947,2,1
947,3,0
947,4,0
947,5,1
947,6,0
947,7,0
947,8,0
947,9,0
947,10,0
947,11,1
947,12,1
947,13,0
947,14,1
947,15,0
947,16,0
947,17,0
947,18,0
947,19,1
947,20,0
947,21,1
947,22,1
947,23,0
947,24,0
947,25,0
947,26,0
947,27,0
947,28,0
947,29,0
947,30,0
947,31,1
947,32,1
947,33,0
947,34,0
947,35,0
947,36,0
947,37,0
947,38,0
947,39,1
947,40,0
947,41,0
947,42,0
947,43,0
947,44,0
947,45,0
947,46,0
947,47,0
947,48,1
947,49,0
948,0,0
948,1,0
948,2,0
948,3,0
948,4,0
948,5,0
948,6,0
948,7,0
948,8,0
948,9,0
948,10,0
948,11,0
948,12,0
948,13,0
948,14,0
948,15,0
948,16,0
948,17,0
948,18,0
948,19,0
948,20,1
948,21,0
948,22,0
948,23,0
948,24,0
948,25,1
948,26,0
948,27,0
948,28,1
948,29,1
948,30,0
948,31,0
948,32,0
948,33,0
948,34,0
948,35,0
948,36,0
948,37,0
948,38,0
948,39,1
948,40,0
948,41,1
948,42,0
948,43,0
948,44,0
948,45,0
948,46,0
948,47,0
948,48,1
948,49,0
949,0,0
949,1,1
949,2,1
949,3,0
949,4,0
949,5,0
949,6,0
949,7,0
949,8,1
949,9,0
949,10,1
949,11,1
949,12,0
949,13,0
949,14,0
949,15,0
949,16,0
949,17,0
949,18,0
949,19,0
949,20,0
949,21,1
949,22,0
949,23,0
949,24,0
949,25,0
949,26,0
949,27,0
949,28,0
949,29,1
949,30,1
949,31,0
949,32,0
949,33,0
949,34,0
949,35,0
949,36,0
949,37,0
949,38,0
949,39,0
949,40,0
949,41,0
949,42,0
949,43,1
949,44,0
949,45,0
949,46,0
949,47,1
949,48,0
949,49,0
950,0,0
950,1,0
950,2,0
950,3,1
950,4,0
950,5,0
950,6,0
950,7,0
950,8,0
950,9,0
950,10,1
950,11,0
950,12,0
950,13,0
950,14,0
950,15,0
950,16,0
950,17,0
950,18,1
950,19,0
950,20,0
950,21,0
950,22,1
950,23,0
950,24,0
950,25,0
950,26,0
950,27,0
950,28,0
950,29,0
950,30,0
950,31,0
950,32,0
950,33,0
950,34,0
950,35,0
950,36,0
950,37,0
950,38,0
950,39,0
950,40,0
950,41,0
950,42,0
950,43,0
950,44,1
950,45,0
950,46,0
950,47,0
950,48,1
950,49,0
951,0,0
951,1,0
951,2,0
951,3,0
951,4,0
951,5,1
951,6,0
951,7,0
951,8,1
951,9,0
951,10,0
951,11,1
951,12,0
951,13,0
951,14,0
951,15,1
951,16,1
951,17,1
951,18,0
951,19,0
951,20,0
951,21,1
951,22,0
951,23,1
951,24,0
951,25,0
951,26,0
951,27,0
951,28,0
951,29,0
951,30,0
951,31,0
951,32,1
951,33,0
951,34,0
951,35,1
951,36,0
951,37,0
951,38,0
951,39,0
951,40,0
951,41,0
951,42,0
951,43,0
951,44,0
951,45,0
951,46,0
951,47,0
951,48,1
951,49,0
952,0,1
952,1,0
952,2,0
952,3,0
952,4,0
952,5,0
952,6,0
952,7,0
952,8,0
952,9,0
952,10,0
952,11,1
952,12,0
952,13,0
952,14,0
952,15,1
952,16,0
952,17,0
952,18,1
952,19,0
952,20,0
952,21,0
952,22,0
952,23,0
952,24,1
952,25,0
952,26,0
952,27,0
952,28,0
952,29,0
952,30,1
952,31,0
952,32,0
952,33,0
952,34,1
952,35,0
952,36,0
952,37,0
952,38,0
952,39,0
952,40,0
952,41,0
952,42,0
952,43,1
952,44,0
952,45,1
952,46,0
952,47,0
952,48,0
952,49,0
953,0,0
953,1,0
953,2,1
953,3,0
953,4,0
953,5,0
953,6,0
953,7,0
953,8,0
953,9,0
953,10,0
953,11,1
953,12,0
953,13,0
953,14,0
953,15,0
953,16,0
953,17,0
953,18,1
953,19,0
953,20,0
953,21,0
953,22,1
953,23,1
953,24,0
953,25,0
953,26,1
953,27,0
953,28,0
953,29,0
953,30,0
953,31,1
953,32,0
953,33,1
953,34,0
953,35,0
953,36,0
953,37,0
953,38,0
953,39,0
953,40,0
953,41,0
953,42,0
953,43,1
953,44,1
953,45,1
953,46,0
953,47,0
953,48,0
953,49,0
954,0,0
954,1,0
954,2,1
954,3,1
954,4,0
954,5,1
954,6,1
954,7,0
954,8,0
954,9,1
954,10,1
954,11,0
954,12,1
954,13,0
954,14,0
954,15,0
954,16,0
954,17,0
954,18,1
954,19,0
954,20,0
954,21,1
954,22,0
954,23,1
954,24,0
954,25,0
954,26,0
954,27,0
954,28,0
954,29,0
954,30,1
954,31,1
954,32,0
954,33,1
954,34,0
954,35,1
954,36,0
954,37,0
954,38,0
954,39,1
954,40,0
954,41,0
954,42,0
954,43,0
954,44,1
954,45,0
954,46,0
954,47,0
954,48,0
954,49,0
955,0,0
955,1,1
955,2,1
955,3,0
955,4,1
955,5,1
955,6,0
955,7,0
955,8,0
955,9,1
955,10,0
955,11,0
955,12,1
955,13,0
955,14,0
955,15,0
955,16,0
955,17,0
955,18,0
955,19,0
955,20,1
955,21,1
955,22,1
955,23,0
955,24,0
955,25,0
955,26,1
955,27,0
955,28,0
955,29,1
955,30,0
955,31,0
955,32,0
955,33,0
955,34,0
955,35,0
955,36,0
955,37,0
955,38,0
955,39,0
955,40,0
955,41,0
955,42,0
955,43,1
955,44,0
955,45,0
955,46,0
955,47,0
955,48,0
955,49,0
956,0,0
956,1,0
956,2,0
956,3,0
956,4,1
956,5,0
956,6,0
956,7,0
956,8,1
956,9,0
956,10,0
956,11,0
956,12,0
956,13,0
956,14,0
956,15,0
956,16,0
956,17,0
956,18,1
956,19,0
956,20,0
956,21,1
956,22,1
956,23,0
956,24,0
956,25,0
956,26,0
956,27,0
956,28,0
956,29,0
956,30,0
956,31,0
956,32,0
956,33,0
956,34,0
956,35,0
956,36,0
956,37,0
956,38,0
956,39,0
956,40,1
956,41,0
956,42,0
956,43,1
956,44,0
956,45,0
956,46,0
956,47,0
956,48,0
956,49,0
957,0,0
957,1,0
957,2,0
957,3,1
957,4,0
957,5,0
957,6,1
957,7,0
957,8,0
957,9,0
957,10,0
957,11,0
957,12,1
957,13,0
957,14,0
957,15,0
957,16,0
957,17,0
957,18,1
957,19,0
957,20,0
957,21,1
957,22,0
957,23,0
957,24,0
957,25,0
957,26,0
957,27,0
957,28,0
957,29,0
957,30,0
957,31,0
957,32,1
957,33,0
957,34,1
957,35,0
957,36,0
957,37,0
957,38,0
957,39,0
957,40,0
957,41,0
957,42,1
957,43,0
957,44,0
957,45,0
957,46,0
957,47,1
957,48,0
957,49,0
958,0,0
958,1,0
958,2,0
958,3,0
958,4,0
958,5,0
958,6,0
958,7,0
958,8,0
958,9,0
958,10,0
958,11,0
958,12,0
958,13,1
958,14,0
958,15,0
958,16,0
958,17,0
958,18,0
958,19,0
958,20,0
958,21,0
958,22,0
958,23,0
958,24,0
958,25,0
958,26,0
958,27,0
958,28,1
958,29,0
958,30,0
958,31,0
958,32,0
958,33,0
958,34,0
958,35,0
958,36,0
958,37,1
958,38,0
958,39,0
958,40,0
958,41,0
958,42,0
958,43,0
958,44,1
958,45,0
958,46,0
958,47,1
958,48,0
958,49,0
959,0,0
959,1,0
959,2,1
959,3,0
959,4,0
959,5,0
959,6,0
959,7,0
959,8,0
959,9,0
959,10,0
959,11,1
959,12,0
959,13,0
959,14,1
959,15,0
959,16,1
959,17,0
959,18,1
959,19,0
959,20,0
959,21,0
959,22,0
959,23,0
959,24,0
959,25,0
959,26,1
959,27,0
959,28,1
959,29,0
959,30,0
959,31,1
959,32,0
959,33,0
959,34,0
959,35,0
959,36,0
959,37,0
959,38,0
959,39,0
959,40,0
959,41,0
959,42,0
959,43,0
959,44,1
959,45,1
959,46,0
959,47,0
959,48,0
959,49,1
960,0,0
960,1,0
960,2,0
960,3,0
960,4,1
960,5,0
960,6,1
960,7,0
960,8,0
960,9,0
960,10,0
960,11,0
960,12,0
960,13,0
960,14,0
960,15,0
960,16,0
960,17,0
960,18,0
960,19,0
960,20,0
960,21,0
960,22,0
960,23,0
960,24,0
960,25,0
960,26,0
960,27,0
960,28,0
960,29,0
960,30,1
960,31,0
960,32,0
960,33,1
960,34,0
960,35,0
960,36,0
960,37,0
960,38,0
960,39,0
960,40,0
960,41,0
960,42,0
960,43,0
960,44,0
960,45,0
960,46,0
960,47,0
960,48,0
960,49,0
961,0,1
961,1,1
961,2,1
961,3,1
961,4,0
961,5,0
961,6,0
961,7,1
961,8,0
961,9,0
961,10,0
961,11,0
961,12,1
961,13,0
961,14,0
961,15,0
961,16,0
961,17,1
961,18,0
961,19,0
961,20,0
961,21,0
961,22,0
961,23,0
961,24,0
961,25,0
961,26,0
961,27,0
961,28,0
961,29,0
961,30,0
961,31,0
961,32,0
961,33,0
961,34,0
961,35,1
961,36,1
961,37,0
961,38,0
961,39,1
961,40,0
961,41,0
961,42,0
961,43,0
961,44,0
961,45,0
961,46,0
961,47,0
961,48,1
961,49,0
962,0,1
962,1,0
962,2,0
962,3,0
962,4,0
962,5,0
962,6,0
962,7,0
962,8,0
962,9,0
962,10,0
962,11,1
962,12,1
962,13,0
962,14,0
962,15,1
962,16,0
962,17,0
962,18,0
962,19,0
962,20,0
962,21,1
962,22,0
962,23,0
962,24,0
962,25,0
962,26,0
962,27,0
962,28,0
962,29,0
962,30,0
962,31,1
962,32,0
962,33,0
962,34,0
962,35,0
962,36,0
962,37,0
962,38,0
962,39,1
962,40,1
962,41,0
962,42,1
962,43,1
962,44,1
962,45,0
962,46,0
962,47,0
962,48,1
962,49,0
963,0,0
963,1,1
963,2,0
963,3,1
963,4,1
963,5,0
963,6,0
963,7,0
963,8,0
963,9,0
963,10,0
963,11,1
963,12,0
963,13,0
963,14,0
963,15,0
963,16,0
963,17,0
963,18,1
963,19,0
963,20,0
963,21,1
963,22,1
963,23,0
963,24,1
963,25,0
963,26,0
963,27,0
963,28,0
963,29,0
963,30,1
963,31,0
963,32,0
963,33,0
963,34,0
963,35,0
963,36,0
963,37,0
963,38,0
963,39,1
963,40,1
963,41,1
963,42,1
963,43,0
963,44,0
963,45,1
963,46,0
963,47,0
963,48,0
963,49,0
964,0,0
964,1,0
964,2,1
964,3,0
964,4,0
964,5,0
964,6,0
964,7,0
964,8,1
964,9,0
964,10,0
964,11,1
964,12,0
964,13,0
964,14,0
964,15,1
964,16,0
964,17,0
964,18,1
964,19,0
964,20,0
964,21,1
964,22,1
964,23,0
964,24,1
964,25,0
964,26,0
964,27,1
964,28,0
964,29,0
964,30,0
964,31,0
964,32,1
964,33,0
964,34,0
964,35,0
964,36,0
964,37,0
964,38,0
964,39,0
964,40,0
964,41,0
964,42,0
964,43,0
964,44,1
964,45,0
964,46,0
964,47,0
964,48,0
964,49,0
965,0,0
965,1,0
965,2,0
965,3,1
965,4,0
965,5,1
965,6,0
965,7,1
965,8,0
965,9,0
965,10,0
965,11,0
965,12,1
965,13,0
965,14,1
965,15,1
965,16,0
965,17,0
965,18,0
965,19,0
965,20,0
965,21,1
965,22,0
965,23,0
965,24,0
965,25,0
965,26,0
965,27,0
965,28,1
965,29,0
965,30,1
965,31,0
965,32,1
965,33,1
965,34,1
965,35,0
965,36,0
965,37,0
965,38,0
965,39,0
965,40,0
965,41,0
965,42,0
965,43,0
965,44,0
965,45,0
965,46,0
965,47,0
965,48,0
965,49,0
966,0,1
966,1,0
966,2,1
966,3,0
966,4,1
966,5,0
966,6,0
966,7,0
966,8,1
966,9,0
966,10,1
966,11,1
966,12,0
966,13,0
966,14,0
966,15,0
966,16,0
966,17,0
966,18,0
966,19,0
966,20,1
966,21,0
966,22,0
966,23,0
966,24,0
966,25,0
966,26,0
966,27,0
966,28,0
966,29,0
966,30,0
966,31,0
966,32,0
966,33,0
966,34,0
966,35,0
966,36,0
966,37,0
966,38,1
966,39,0
966,40,0
966,41,0
966,42,0
966,43,0
966,44,0
966,45,0
966,46,0
966,47,0
966,48,0
966,49,0
967,0,0
967,1,0
967,2,0
967,3,1
967,4,0
967,5,0
967,6,0
967,7,0
967,8,1
967,9,0
967,10,0
967,11,0
967,12,1
967,13,0
967,14,0
967,15,1
967,16,0
967,17,0
967,18,1
967,19,0
967,20,0
967,21,1
967,22,0
967,23,0
967,24,0
967,25,0
967,26,0
967,27,0
967,28,1
967,29,0
967,30,0
967,31,0
967,32,1
967,33,0
967,34,0
967,35,1
967,36,1
967,37,0
967,38,0
967,39,0
967,40,0
967,41,0
967,42,0
967,43,0
967,44,1
967,45,0
967,46,0
967,47,0
967,48,0
967,49,0
968,0,1
968,1,0
968,2,0
968,3,0
968,4,0
968,5,0
968,6,1
968,7,0
968,8,0
968,9,0
968,10,0
968,11,0
968,12,1
968,13,0
968,14,0
968,15,1
968,16,0
968,17,1
968,18,0
968,19,0
968,20,1
968,21,1
968,22,1
968,23,0
968,24,1
968,25,0
968,26,0
968,27,1
968,28,0
968,29,0
968,30,0
968,31,1
968,32,0
968,33,1
968,34,0
968,35,0
968,36,0
968,37,0
968,38,0
968,39,0
968,40,0
968,41,0
968,42,0
968,43,0
968,44,0
968,45,0
968,46,0
968,47,0
968,48,0
968,49,0
969,0,0
969,1,0
969,2,1
969,3,1
969,4,0
969,5,0
969,6,0
969,7,0
969,8,0
969,9,0
969,10,0
969,11,1
969,12,0
969,13,0
969,14,0
969,15,1
969,16,0
969,17,0
969,18,0
969,19,0
969,20,1
969,21,1
969,22,0
969,23,0
969,24,0
969,25,1
969,26,0
969,27,0
969,28,0
969,29,0
969,30,0
969,31,0
969,32,0
969,33,0
969,34,0
969,35,0
969,36,0
969,37,0
969,38,0
969,39,1
969,40,0
969,41,0
969,42,0
969,43,0
969,44,0
969,45,0
969,46,0
969,47,1
969,48,0
969,49,0
970,0,1
970,1,0
970,2,0
970,3,1
970,4,0
970,5,0
970,6,1
970,7,0
970,8,0
970,9,0
970,10,0
970,11,0
970,12,0
970,13,0
970,14,0
970,15,0
970,16,0
970,17,0
970,18,1
970,19,0
970,20,0
970,21,0
970,22,1
970,23,0
970,24,1
970,25,0
970,26,0
970,27,0
970,28,0
970,29,0
970,30,0
970,31,0
970,32,0
970,33,0
970,34,0
970,35,0
970,36,0
970,37,1
970,38,0
970,39,0
970,40,0
970,41,0
970,42,0
970,43,1
970,44,0
970,45,0
970,46,0
970,47,0
970,48,0
970,49,0
971,0,1
971,1,0
971,2,0
971,3,1
971,4,0
971,5,0
971,6,0
971,7,0
971,8,0
971,9,1
971,10,1
971,11,1
971,12,0
971,13,0
971,14,0
971,15,0
971,16,0
971,17,0
971,18,0
971,19,1
971,20,1
971,21,1
971,22,0
971,23,1
971,24,0
971,25,1
971,26,1
971,27,0
971,28,0
971,29,0
971,30,0
971,31,0
971,32,0
971,33,0
971,34,0
971,35,0
971,36,0
971,37,0
971,38,0
971,39,0
971,40,0
971,41,0
971,42,0
971,43,0
971,44,0
971,45,1
971,46,0
971,47,0
971,48,0
971,49,0
972,0,0
972,1,0
972,2,0
972,3,1
972,4,0
972,5,0
972,6,0
972,7,0
972,8,0
972,9,0
972,10,1
972,11,1
972,12,0
972,13,1
972,14,0
972,15,1
972,16,0
972,17,1
972,18,0
972,19,0
972,20,0
972,21,0
972,22,0
972,23,0
972,24,0
972,25,0
972,26,0
972,27,0
972,28,0
972,29,0
972,30,0
972,31,0
972,32,1
972,33,1
972,34,1
972,35,0
972,36,0
972,37,0
972,38,0
972,39,0
972,40,0
972,41,0
972,42,0
972,43,1
972,44,0
972,45,0
972,46,0
972,47,0
972,48,0
972,49,0
973,0,0
973,1,0
973,2,0
973,3,1
973,4,0
973,5,0
973,6,0
973,7,0
973,8,0
973,9,0
973,10,0
973,11,0
973,12,0
973,13,0
973,14,0
973,15,0
973,16,0
973,17,0
973,18,0
973,19,0
973,20,0
973,21,0
973,22,1
973,23,0
973,24,0
973,25,0
973,26,0
973,27,0
973,28,0
973,29,1
973,30,0
973,31,1
973,32,0
973,33,0
973,34,0
973,35,0
973,36,0
973,37,0
973,38,0
973,39,1
973,40,0
973,41,0
973,42,1
973,43,1
973,44,0
973,45,0
973,46,0
973,47,1
973,48,0
973,49,0
974,0,0
974,1,0
974,2,0
974,3,0
974,4,0
974,5,0
974,6,0
974,7,0
974,8,0
974,9,0
974,10,1
974,11,1
974,12,1
974,13,0
974,14,0
974,15,1
974,16,0
974,17,0
974,18,0
974,19,0
974,20,0
974,21,0
974,22,0
974,23,0
974,24,0
974,25,0
974,26,0
974,27,0
974,28,1
974,29,1
974,30,0
974,31,0
974,32,1
974,33,0
974,34,1
974,35,0
974,36,0
974,37,0
974,38,1
974,39,0
974,40,0
974,41,0
974,42,0
974,43,1
974,44,1
974,45,0
974,46,0
974,47,0
974,48,0
974,49,0
975,0,0
975,1,0
975,2,0
975,3,0
975,4,0
975,5,0
975,6,0
975,7,0
975,8,0
975,9,0
975,10,1
975,11,1
975,12,0
975,13,0
975,14,0
975,15,0
975,16,0
975,17,0
975,18,0
975,19,0
975,20,0
975,21,0
975,22,0
975,23,0
975,24,0
975,25,0
975,26,0
975,27,0
975,28,0
975,29,0
975,30,0
975,31,0
975,32,0
975,33,0
975,34,1
975,35,0
975,36,0
975,37,0
975,38,1
975,39,0
975,40,0
975,41,0
975,42,0
975,43,0
975,44,0
975,45,1
975,46,0
975,47,0
975,48,1
975,49,1
976,0,0
976,1,0
976,2,0
976,3,1
976,4,0
976,5,0
976,6,0
976,7,0
976,8,0
976,9,0
976,10,0
976,11,0
976,12,1
976,13,0
976,14,1
976,15,1
976,16,0
976,17,1
976,18,0
976,19,0
976,20,0
976,21,0
976,22,0
976,23,0
976,24,0
976,25,1
976,26,0
976,27,0
976,28,0
976,29,0
976,30,0
976,31,1
976,32,0
976,33,1
976,34,0
976,35,0
976,36,0
976,37,0
976,38,1
976,39,0
976,40,0
976,41,0
976,42,0
976,43,0
976,44,0
976,45,0
976,46,0
976,47,0
976,48,0
976,49,0
977,0,0
977,1,0
977,2,0
977,3,0
977,4,0
977,5,0
977,6,0
977,7,0
977,8,0
977,9,0
977,10,0
977,11,0
977,12,0
977,13,1
977,14,1
977,15,0
977,16,0
977,17,1
977,18,0
977,19,0
977,20,0
977,21,0
977,22,0
977,23,0
977,24,0
977,25,0
977,26,1
977,27,0
977,28,0
977,29,0
977,30,0
977,31,0
977,32,0
977,33,0
977,34,1
977,35,0
977,36,0
977,37,0
977,38,0
977,39,1
977,40,0
977,41,0
977,42,0
977,43,0
977,44,1
977,45,0
977,46,0
977,47,0
977,48,0
977,49,0
978,0,1
978,1,0
978,2,1
978,3,0
978,4,1
978,5,0
978,6,0
978,7,0
978,8,0
978,9,0
978,10,0
978,11,0
978,12,0
978,13,0
978,14,0
978,15,0
978,16,1
978,17,0
978,18,0
978,19,0
978,20,1
978,21,0
978,22,1
978,23,1
978,24,0
978,25,0
978,26,1
978,27,0
978,28,0
978,29,0
978,30,0
978,31,0
978,32,0
978,33,0
978,34,0
978,35,0
978,36,0
978,37,0
978,38,1
978,39,0
978,40,0
978,41,0
978,42,0
978,43,0
978,44,0
978,45,0
978,46,0
978,47,0
978,48,0
978,49,0
979,0,0
979,1,0
979,2,1
979,3,1
979,4,0
979,5,0
979,6,0
979,7,0
979,8,1
979,9,0
979,10,0
979,11,1
979,12,0
979,13,0
979,14,0
979,15,0
979,16,0
979,17,0
979,18,0
979,19,0
979,20,0
979,21,0
979,22,1
979,23,1
979,24,0
979,25,0
979,26,0
979,27,0
979,28,0
979,29,0
979,30,0
979,31,0
979,32,0
979,33,1
979,34,0
979,35,0
979,36,0
979,37,0
979,38,0
979,39,0
979,40,0
979,41,1
979,42,0
979,43,0
979,44,0
979,45,0
979,46,0
979,47,0
979,48,1
979,49,0
980,0,0
980,1,0
980,2,0
980,3,0
980,4,0
980,5,1
980,6,1
980,7,0
980,8,0
980,9,0
980,10,0
980,11,0
980,12,1
980,13,0
980,14,0
980,15,0
980,16,0
980,17,0
980,18,0
980,19,0
980,20,0
980,21,0
980,22,1
980,23,0
980,24,0
980,25,0
980,26,0
980,27,0
980,28,0
980,29,0
980,30,0
980,31,1
980,32,0
980,33,0
980,34,0
980,35,1
980,36,0
980,37,0
980,38,0
980,39,1
980,40,0
980,41,0
980,42,0
980,43,0
980,44,0
980,45,0
980,46,0
980,47,0
980,48,1
980,49,0
981,0,0
981,1,0
981,2,1
981,3,1
981,4,0
981,5,0
981,6,1
981,7,0
981,8,0
981,9,0
981,10,0
981,11,0
981,12,0
981,13,0
981,14,0
981,15,0
981,16,0
981,17,0
981,18,1
981,19,0
981,20,0
981,21,1
981,22,1
981,23,0
981,24,0
981,25,0
981,26,0
981,27,0
981,28,0
981,29,0
981,30,1
981,31,0
981,32,1
981,33,1
981,34,0
981,35,0
981,36,0
981,37,0
981,38,0
981,39,0
981,40,0
981,41,0
981,42,1
981,43,0
981,44,0
981,45,0
981,46,1
981,47,1
981,48,0
981,49,0
982,0,0
982,1,0
982,2,1
982,3,1
982,4,0
982,5,0
982,6,1
982,7,0
982,8,1
982,9,0
982,10,1
982,11,1
982,12,0
982,13,0
982,14,1
982,15,0
982,16,0
982,17,1
982,18,0
982,19,1
982,20,0
982,21,0
982,22,0
982,23,1
982,24,0
982,25,0
982,26,0
982,27,0
982,28,1
982,29,0
982,30,1
982,31,1
982,32,0
982,33,0
982,34,0
982,35,0
982,36,0
982,37,0
982,38,0
982,39,0
982,40,0
982,41,0
982,42,0
982,43,1
982,44,1
982,45,0
982,46,0
982,47,1
982,48,0
982,49,0
983,0,1
983,1,0
983,2,1
983,3,0
983,4,0
983,5,0
983,6,1
983,7,0
983,8,1
983,9,0
983,10,0
983,11,0
983,12,0
983,13,0
983,14,0
983,15,0
983,16,0
983,17,0
983,18,0
983,19,0
983,20,0
983,21,0
983,22,0
983,23,0
983,24,0
983,25,0
983,26,0
983,27,0
983,28,0
983,29,1
983,30,0
983,31,0
983,32,0
983,33,1
983,34,0
983,35,0
983,36,1
983,37,0
983,38,0
983,39,1
983,40,0
983,41,0
983,42,0
983,43,0
983,44,0
983,45,0
983,46,0
983,47,0
983,48,0
983,49,0
984,0,0
984,1,0
984,2,0
984,3,0
984,4,1
984,5,1
984,6,0
984,7,0
984,8,0
984,9,0
984,10,0
984,11,1
984,12,0
984,13,0
984,14,0
984,15,0
984,16,0
984,17,0
984,18,0
984,19,0
984,20,1
984,21,0
984,22,0
984,23,0
984,24,0
984,25,0
984,26,1
984,27,0
984,28,0
984,29,0
984,30,1
984,31,0
984,32,0
984,33,0
984,34,0
984,35,0
984,36,0
984,37,0
984,38,0
984,39,0
984,40,0
984,41,1
984,42,0
984,43,0
984,44,0
984,45,0
984,46,1
984,47,1
984,48,0
984,49,0
985,0,0
985,1,0
985,2,1
985,3,0
985,4,1
985,5,0
985,6,0
985,7,0
985,8,0
985,9,0
985,10,0
985,11,0
985,12,0
985,13,0
985,14,0
985,15,0
985,16,0
985,17,0
985,18,0
985,19,0
985,20,0
985,21,0
985,22,0
985,23,0
985,24,0
985,25,0
985,26,0
985,27,0
985,28,0
985,29,0
985,30,1
985,31,0
985,32,0
985,33,0
985,34,0
985,35,0
985,36,0
985,37,1
985,38,0
985,39,1
985,40,0
985,41,1
985,42,1
985,43,0
985,44,0
985,45,0
985,46,0
985,47,1
985,48,0
985,49,0
986,0,1
986,1,0
986,2,0
986,3,0
986,4,0
986,5,0
986,6,0
986,7,1
986,8,0
986,9,0
986,10,0
986,11,0
986,12,0
986,13,0
986,14,1
986,15,1
986,16,0
986,17,0
986,18,0
986,19,0
986,20,0
986,21,0
986,22,0
986,23,0
986,24,0
986,25,0
986,26,0
986,27,0
986,28,0
986,29,0
986,30,0
986,31,0
986,32,0
986,33,0
986,34,0
986,35,0
986,36,0
986,37,0
986,38,0
986,39,0
986,40,0
986,41,0
986,42,1
986,43,1
986,44,0
986,45,0
986,46,0
986,47,1
986,48,0
986,49,1
987,0,0
987,1,1
987,2,0
987,3,0
987,4,0
987,5,0
987,6,0
987,7,0
987,8,0
987,9,0
987,10,0
987,11,0
987,12,0
987,13,0
987,14,0
987,15,1
987,16,0
987,17,0
987,18,0
987,19,0
987,20,0
987,21,0
987,22,1
987,23,0
987,24,0
987,25,0
987,26,0
987,27,0
987,28,0
987,29,1
987,30,0
987,31,0
987,32,0
987,33,0
987,34,0
987,35,1
987,36,0
987,37,0
987,38,0
987,39,0
987,40,0
987,41,0
987,42,1
987,43,0
987,44,0
987,45,0
987,46,0
987,47,1
987,48,0
987,49,0
988,0,0
988,1,1
988,2,0
988,3,1
988,4,0
988,5,0
988,6,0
988,7,0
988,8,0
988,9,0
988,10,0
988,11,0
988,12,0
988,13,0
988,14,0
988,15,1
988,16,0
988,17,0
988,18,0
988,19,0
988,20,0
988,21,0
988,22,1
988,23,0
988,24,0
988,25,0
988,26,0
988,27,0
988,28,0
988,29,0
988,30,1
988,31,0
988,32,1
988,33,0
988,34,0
988,35,0
988,36,0
988,37,0
988,38,1
988,39,0
988,40,0
988,41,1
988,42,0
988,43,0
988,44,1
988,45,0
988,46,0
988,47,0
988,48,0
988,49,0
989,0,0
989,1,0
989,2,0
989,3,0
989,4,0
989,5,0
989,6,0
989,7,0
989,8,0
989,9,0
989,10,0
989,11,0
989,12,0
989,13,0
989,14,0
989,15,0
989,16,0
989,17,0
989,18,1
989,19,1
989,20,0
989,21,0
989,22,0
989,23,1
989,24,1
989,25,0
989,26,0
989,27,1
989,28,1
989,29,0
989,30,0
989,31,0
989,32,0
989,33,0
989,34,1
989,35,1
989,36,0
989,37,0
989,38,0
989,39,0
989,40,0
989,41,0
989,42,0
989,43,0
989,44,0
989,45,0
989,46,0
989,47,0
989,48,0
989,49,0
990,0,0
990,1,0
990,2,0
990,3,0
990,4,0
990,5,0
990,6,0
990,7,0
990,8,0
990,9,0
990,10,1
990,11,1
990,12,0
990,13,1
990,14,1
990,15,0
990,16,0
990,17,1
990,18,0
990,19,0
990,20,0
990,21,0
990,22,0
990,23,0
990,24,0
990,25,0
990,26,0
990,27,1
990,28,0
990,29,0
990,30,0
990,31,0
990,32,0
990,33,1
990,34,0
990,35,0
990,36,0
990,37,0
990,38,0
990,39,1
990,40,0
990,41,0
990,42,0
990,43,1
990,44,1
990,45,0
990,46,0
990,47,0
990,48,1
990,49,0
991,0,0
991,1,1
991,2,0
991,3,1
991,4,1
991,5,0
991,6,0
991,7,0
991,8,0
991,9,0
991,10,0
991,11,0
991,12,0
991,13,0
991,14,0
991,15,1
991,16,0
991,17,1
991,18,1
991,19,0
991,20,0
991,21,1
991,22,1
991,23,0
991,24,0
991,25,0
991,26,0
991,27,0
991,28,0
991,29,0
991,30,0
991,31,0
991,32,0
991,33,0
991,34,0
991,35,0
991,36,0
991,37,0
991,38,0
991,39,0
991,40,0
991,41,0
991,42,0
991,43,1
991,44,0
991,45,0
991,46,0
991,47,0
991,48,1
991,49,0
992,0,1
992,1,0
992,2,0
992,3,1
992,4,0
992,5,0
992,6,0
992,7,0
992,8,1
992,9,0
992,10,0
992,11,1
992,12,0
992,13,0
992,14,0
992,15,0
992,16,0
992,17,0
992,18,0
992,19,0
992,20,1
992,21,1
992,22,0
992,23,0
992,24,1
992,25,0
992,26,0
992,27,0
992,28,0
992,29,0
992,30,0
992,31,0
992,32,0
992,33,0
992,34,0
992,35,0
992,36,0
992,37,0
992,38,0
992,39,0
992,40,0
992,41,0
992,42,0
992,43,0
992,44,0
992,45,0
992,46,0
992,47,0
992,48,0
992,49,0
993,0,0
993,1,0
993,2,0
993,3,0
993,4,0
993,5,0
993,6,0
993,7,0
993,8,0
993,9,1
993,10,0
993,11,1
993,12,0
993,13,0
993,14,0
993,15,0
993,16,0
993,17,0
993,18,0
993,19,0
993,20,0
993,21,0
993,22,1
993,23,0
993,24,0
993,25,0
993,26,0
993,27,0
993,28,0
993,29,0
993,30,1
993,31,1
993,32,0
993,33,0
993,34,0
993,35,0
993,36,1
993,37,0
993,38,1
993,39,0
993,40,0
993,41,0
993,42,1
993,43,0
993,44,0
993,45,0
993,46,0
993,47,1
993,48,1
993,49,0
994,0,0
994,1,0
994,2,1
994,3,0
994,4,0
994,5,0
994,6,0
994,7,0
994,8,1
994,9,0
994,10,1
994,11,1
994,12,0
994,13,0
994,14,0
994,15,0
994,16,0
994,17,0
994,18,0
994,19,1
994,20,0
994,21,1
994,22,0
994,23,0
994,24,0
994,25,0
994,26,0
994,27,1
994,28,0
994,29,1
994,30,0
994,31,1
994,32,0
994,33,0
994,34,1
994,35,0
994,36,0
994,37,0
994,38,0
994,39,0
994,40,0
994,41,0
994,42,0
994,43,0
994,44,1
994,45,0
994,46,0
994,47,0
994,48,0
994,49,0
995,0,0
995,1,0
995,2,0
995,3,1
995,4,0
995,5,1
995,6,0
995,7,1
995,8,1
995,9,0
995,10,0
995,11,0
995,12,0
995,13,0
995,14,1
995,15,0
995,16,0
995,17,1
995,18,1
995,19,0
995,20,0
995,21,1
995,22,0
995,23,0
995,24,0
995,25,1
995,26,0
995,27,0
995,28,1
995,29,0
995,30,0
995,31,0
995,32,0
995,33,0
995,34,1
995,35,0
995,36,0
995,37,0
995,38,0
995,39,1
995,40,0
995,41,0
995,42,0
995,43,0
995,44,0
995,45,0
995,46,0
995,47,0
995,48,0
995,49,0
996,0,1
996,1,0
996,2,1
996,3,0
996,4,0
996,5,0
996,6,0
996,7,0
996,8,0
996,9,0
996,10,0
996,11,0
996,12,0
996,13,0
996,14,0
996,15,0
996,16,0
996,17,1
996,18,0
996,19,0
996,20,0
996,21,0
996,22,1
996,23,0
996,24,0
996,25,1
996,26,0
996,27,0
996,28,0
996,29,0
996,30,0
996,31,0
996,32,0
996,33,0
996,34,0
996,35,1
996,36,0
996,37,0
996,38,1
996,39,0
996,40,0
996,41,1
996,42,0
996,43,0
996,44,1
996,45,0
996,46,0
996,47,0
996,48,0
996,49,0
997,0,0
997,1,0
997,2,0
997,3,0
997,4,0
997,5,1
997,6,0
997,7,0
997,8,1
997,9,0
997,10,0
997,11,0
997,12,0
997,13,0
997,14,0
997,15,1
997,16,0
997,17,0
997,18,0
997,19,0
997,20,0
997,21,0
997,22,0
997,23,0
997,24,0
997,25,0
997,26,0
997,27,0
997,28,0
997,29,0
997,30,1
997,31,0
997,32,1
997,33,1
997,34,0
997,35,0
997,36,0
997,37,0
997,38,0
997,39,0
997,40,1
997,41,0
997,42,0
997,43,1
997,44,1
997,45,0
997,46,0
997,47,1
997,48,0
997,49,0
998,0,0
998,1,0
998,2,0
998,3,0
998,4,1
998,5,1
998,6,0
998,7,0
998,8,0
998,9,0
998,10,0
998,11,0
998,12,0
998,13,0
998,14,0
998,15,0
998,16,1
998,17,0
998,18,0
998,19,0
998,20,0
998,21,1
998,22,0
998,23,0
998,24,0
998,25,1
998,26,0
998,27,0
998,28,0
998,29,0
998,30,0
998,31,1
998,32,0
998,33,0
998,34,0
998,35,0
998,36,1
998,37,0
998,38,0
998,39,0
998,40,0
998,41,0
998,42,0
998,43,0
998,44,0
998,45,0
998,46,1
998,47,1
998,48,0
998,49,0
999,0,1
999,1,0
999,2,1
999,3,0
999,4,1
999,5,0
999,6,0
999,7,0
999,8,0
999,9,0
999,10,0
999,11,1
999,12,0
999,13,0
999,14,0
999,15,1
999,16,0
999,17,0
999,18,1
999,19,0
999,20,0
999,21,1
999,22,0
999,23,0
999,24,0
999,25,0
999,26,0
999,27,0
999,28,0
999,29,0
999,30,0
999,31,0
999,32,0
999,33,1
999,34,0
999,35,0
999,36,0
999,37,0
999,38,0
999,39,0
999,40,0
999,41,0
999,42,0
999,43,0
999,44,1
999,45,0
999,46,0
999,47,0
999,48,0
999,49,0
